[
  {
    "__type__": "cc.SceneAsset",
    "_name": "test",
    "_objFlags": 0,
    "__editorExtras__": {},
    "_native": "",
    "scene": {
      "__id__": 1
    }
  },
  {
    "__type__": "cc.Scene",
    "_name": "test",
    "_objFlags": 0,
    "__editorExtras__": {},
    "_parent": null,
    "_children": [
      {
        "__id__": 2
      },
      {
        "__id__": 108
      },
      {
        "__id__": 116
      }
    ],
    "_active": true,
    "_components": [],
    "_prefab": {
      "__id__": 124
    },
    "_lpos": {
      "__type__": "cc.Vec3",
      "x": 0,
      "y": 0,
      "z": 0
    },
    "_lrot": {
      "__type__": "cc.Quat",
      "x": 0,
      "y": 0,
      "z": 0,
      "w": 1
    },
    "_lscale": {
      "__type__": "cc.Vec3",
      "x": 1,
      "y": 1,
      "z": 1
    },
    "_mobility": 0,
    "_layer": 1073741824,
    "_euler": {
      "__type__": "cc.Vec3",
      "x": 0,
      "y": 0,
      "z": 0
    },
    "autoReleaseAssets": false,
    "_globals": {
      "__id__": 131
    },
    "_id": "d506c42d-a2d8-4de2-bff7-83bd68a68175"
  },
  {
    "__type__": "cc.Node",
    "_name": "Canvas",
    "_objFlags": 0,
    "__editorExtras__": {},
    "_parent": {
      "__id__": 1
    },
    "_children": [
      {
        "__id__": 3
      },
      {
        "__id__": 5
      },
      {
        "__id__": 8
      }
    ],
    "_active": true,
    "_components": [
      {
        "__id__": 105
      },
      {
        "__id__": 106
      },
      {
        "__id__": 107
      }
    ],
    "_prefab": null,
    "_lpos": {
      "__type__": "cc.Vec3",
      "x": 640,
      "y": 360.00000000000006,
      "z": 0
    },
    "_lrot": {
      "__type__": "cc.Quat",
      "x": 0,
      "y": 0,
      "z": 0,
      "w": 1
    },
    "_lscale": {
      "__type__": "cc.Vec3",
      "x": 1,
      "y": 1,
      "z": 1
    },
    "_mobility": 0,
    "_layer": 33554432,
    "_euler": {
      "__type__": "cc.Vec3",
      "x": 0,
      "y": 0,
      "z": 0
    },
    "_id": "beI88Z2HpFELqR4T5EMHpg"
  },
  {
    "__type__": "cc.Node",
    "_name": "Camera",
    "_objFlags": 0,
    "__editorExtras__": {},
    "_parent": {
      "__id__": 2
    },
    "_children": [],
    "_active": true,
    "_components": [
      {
        "__id__": 4
      }
    ],
    "_prefab": null,
    "_lpos": {
      "__type__": "cc.Vec3",
      "x": 0,
      "y": 0,
      "z": 1000
    },
    "_lrot": {
      "__type__": "cc.Quat",
      "x": 0,
      "y": 0,
      "z": 0,
      "w": 1
    },
    "_lscale": {
      "__type__": "cc.Vec3",
      "x": 1,
      "y": 1,
      "z": 1
    },
    "_mobility": 0,
    "_layer": 1073741824,
    "_euler": {
      "__type__": "cc.Vec3",
      "x": 0,
      "y": 0,
      "z": 0
    },
    "_id": "ebFwiq8gBFaYpqYbdoDODe"
  },
  {
    "__type__": "cc.Camera",
    "_name": "",
    "_objFlags": 0,
    "__editorExtras__": {},
    "node": {
      "__id__": 3
    },
    "_enabled": true,
    "__prefab": null,
    "_projection": 0,
    "_priority": 0,
    "_fov": 45,
    "_fovAxis": 0,
    "_orthoHeight": 423.0935960591133,
    "_near": 0,
    "_far": 1000,
    "_color": {
      "__type__": "cc.Color",
      "r": 0,
      "g": 0,
      "b": 0,
      "a": 255
    },
    "_depth": 1,
    "_stencil": 0,
    "_clearFlags": 7,
    "_rect": {
      "__type__": "cc.Rect",
      "x": 0,
      "y": 0,
      "width": 1,
      "height": 1
    },
    "_aperture": 19,
    "_shutter": 7,
    "_iso": 0,
    "_screenScale": 1,
    "_visibility": 1108344832,
    "_targetTexture": null,
    "_postProcess": null,
    "_usePostProcess": false,
    "_cameraType": -1,
    "_trackingType": 0,
    "_id": "63WIch3o5BEYRlXzTT0oWc"
  },
  {
    "__type__": "cc.Node",
    "_name": "Graphics",
    "_objFlags": 0,
    "__editorExtras__": {},
    "_parent": {
      "__id__": 2
    },
    "_children": [],
    "_active": true,
    "_components": [
      {
        "__id__": 6
      },
      {
        "__id__": 7
      }
    ],
    "_prefab": null,
    "_lpos": {
      "__type__": "cc.Vec3",
      "x": 0.475,
      "y": 0.185,
      "z": 0
    },
    "_lrot": {
      "__type__": "cc.Quat",
      "x": 0,
      "y": 0,
      "z": 0,
      "w": 1
    },
    "_lscale": {
      "__type__": "cc.Vec3",
      "x": 1,
      "y": 1,
      "z": 1
    },
    "_mobility": 1,
    "_layer": 33554432,
    "_euler": {
      "__type__": "cc.Vec3",
      "x": 0,
      "y": 0,
      "z": 0
    },
    "_id": "22q0jtSutGs59ZJ4S/6O67"
  },
  {
    "__type__": "cc.UITransform",
    "_name": "",
    "_objFlags": 0,
    "__editorExtras__": {},
    "node": {
      "__id__": 5
    },
    "_enabled": true,
    "__prefab": null,
    "_contentSize": {
      "__type__": "cc.Size",
      "width": 100,
      "height": 100
    },
    "_anchorPoint": {
      "__type__": "cc.Vec2",
      "x": 0.5,
      "y": 0.5
    },
    "_id": "afqC7KIb1AXqhgMPFE7Gst"
  },
  {
    "__type__": "cc.Graphics",
    "_name": "",
    "_objFlags": 0,
    "__editorExtras__": {},
    "node": {
      "__id__": 5
    },
    "_enabled": true,
    "__prefab": null,
    "_customMaterial": null,
    "_srcBlendFactor": 2,
    "_dstBlendFactor": 4,
    "_color": {
      "__type__": "cc.Color",
      "r": 255,
      "g": 255,
      "b": 255,
      "a": 255
    },
    "_lineWidth": 1,
    "_strokeColor": {
      "__type__": "cc.Color",
      "r": 71,
      "g": 89,
      "b": 184,
      "a": 255
    },
    "_lineJoin": 2,
    "_lineCap": 0,
    "_fillColor": {
      "__type__": "cc.Color",
      "r": 255,
      "g": 255,
      "b": 255,
      "a": 255
    },
    "_miterLimit": 10,
    "_id": "f5eS5NxE5MkLZDG4H3bOXL"
  },
  {
    "__type__": "cc.Node",
    "_name": "background",
    "_objFlags": 0,
    "__editorExtras__": {},
    "_parent": {
      "__id__": 2
    },
    "_children": [
      {
        "__id__": 9
      },
      {
        "__id__": 23
      },
      {
        "__id__": 33
      },
      {
        "__id__": 53
      }
    ],
    "_active": true,
    "_components": [
      {
        "__id__": 102
      },
      {
        "__id__": 103
      },
      {
        "__id__": 104
      }
    ],
    "_prefab": null,
    "_lpos": {
      "__type__": "cc.Vec3",
      "x": -0.45,
      "y": -2.884,
      "z": 0
    },
    "_lrot": {
      "__type__": "cc.Quat",
      "x": 0,
      "y": 0,
      "z": 0,
      "w": 1
    },
    "_lscale": {
      "__type__": "cc.Vec3",
      "x": 1,
      "y": 1,
      "z": 1
    },
    "_mobility": 0,
    "_layer": 33554432,
    "_euler": {
      "__type__": "cc.Vec3",
      "x": 0,
      "y": 0,
      "z": 0
    },
    "_id": "43UO/KxepLmZoGxL8p1Mw+"
  },
  {
    "__type__": "cc.Node",
    "_objFlags": 0,
    "_parent": {
      "__id__": 8
    },
    "_prefab": {
      "__id__": 10
    },
    "__editorExtras__": {}
  },
  {
    "__type__": "cc.PrefabInfo",
    "root": {
      "__id__": 9
    },
    "asset": {
      "__uuid__": "f4845990-e17f-411e-b3a6-fa50eff4b210",
      "__expectedType__": "cc.Prefab"
    },
    "fileId": "6bYxoXa+9NkYTQr4l49Qhj",
    "instance": {
      "__id__": 11
    },
    "targetOverrides": null,
    "nestedPrefabInstanceRoots": null
  },
  {
    "__type__": "cc.PrefabInstance",
    "fileId": "aeUyJ051dCSKhUUQr6lt+3",
    "prefabRootNode": null,
    "mountedChildren": [],
    "mountedComponents": [
      {
        "__id__": 12
      }
    ],
    "propertyOverrides": [
      {
        "__id__": 16
      },
      {
        "__id__": 18
      },
      {
        "__id__": 19
      },
      {
        "__id__": 20
      },
      {
        "__id__": 21
      }
    ],
    "removedComponents": []
  },
  {
    "__type__": "cc.MountedComponentsInfo",
    "targetInfo": {
      "__id__": 13
    },
    "components": [
      {
        "__id__": 14
      },
      {
        "__id__": 15
      }
    ]
  },
  {
    "__type__": "cc.TargetInfo",
    "localID": [
      "3fYddMEr1GkJWNOJDPBybd"
    ]
  },
  {
    "__type__": "cc.RigidBody2D",
    "_name": "",
    "_objFlags": 0,
    "__editorExtras__": {
      "mountedRoot": {
        "__id__": 9
      }
    },
    "node": null,
    "_enabled": true,
    "__prefab": null,
    "enabledContactListener": false,
    "bullet": false,
    "awakeOnLoad": true,
    "_group": 8,
    "_type": 0,
    "_allowSleep": true,
    "_gravityScale": 0,
    "_linearDamping": 0,
    "_angularDamping": 0,
    "_linearVelocity": {
      "__type__": "cc.Vec2",
      "x": 0,
      "y": 0
    },
    "_angularVelocity": 0,
    "_fixedRotation": false,
    "_id": "7bjexBLvxCpZgU13ZN4yMr"
  },
  {
    "__type__": "cc.CircleCollider2D",
    "_name": "",
    "_objFlags": 0,
    "__editorExtras__": {
      "mountedRoot": {
        "__id__": 9
      }
    },
    "node": null,
    "_enabled": true,
    "__prefab": null,
    "tag": 0,
    "_group": 8,
    "_density": 1,
    "_sensor": false,
    "_friction": 0.2,
    "_restitution": 0,
    "_offset": {
      "__type__": "cc.Vec2",
      "x": 0,
      "y": 0
    },
    "_radius": 20,
    "_id": "f2/MijPn1Dh4JIwhOihFBI"
  },
  {
    "__type__": "CCPropertyOverrideInfo",
    "targetInfo": {
      "__id__": 17
    },
    "propertyPath": [
      "_name"
    ],
    "value": "tank0"
  },
  {
    "__type__": "cc.TargetInfo",
    "localID": [
      "6bYxoXa+9NkYTQr4l49Qhj"
    ]
  },
  {
    "__type__": "CCPropertyOverrideInfo",
    "targetInfo": {
      "__id__": 17
    },
    "propertyPath": [
      "_lpos"
    ],
    "value": {
      "__type__": "cc.Vec3",
      "x": -491.017,
      "y": -175.601,
      "z": 0
    }
  },
  {
    "__type__": "CCPropertyOverrideInfo",
    "targetInfo": {
      "__id__": 17
    },
    "propertyPath": [
      "_lrot"
    ],
    "value": {
      "__type__": "cc.Quat",
      "x": 0,
      "y": 0,
      "z": 0,
      "w": 1
    }
  },
  {
    "__type__": "CCPropertyOverrideInfo",
    "targetInfo": {
      "__id__": 17
    },
    "propertyPath": [
      "_euler"
    ],
    "value": {
      "__type__": "cc.Vec3",
      "x": 0,
      "y": 0,
      "z": 0
    }
  },
  {
    "__type__": "CCPropertyOverrideInfo",
    "targetInfo": {
      "__id__": 22
    },
    "propertyPath": [
      "moveSpeed"
    ],
    "value": 1
  },
  {
    "__type__": "cc.TargetInfo",
    "localID": [
      "e67YdnZm5K1rsandhMGhSX"
    ]
  },
  {
    "__type__": "cc.Node",
    "_objFlags": 0,
    "_parent": {
      "__id__": 8
    },
    "_prefab": {
      "__id__": 24
    },
    "__editorExtras__": {}
  },
  {
    "__type__": "cc.PrefabInfo",
    "root": {
      "__id__": 23
    },
    "asset": {
      "__uuid__": "44ea65dd-dcbb-4c3b-8483-488681b996e9",
      "__expectedType__": "cc.Prefab"
    },
    "fileId": "9bllq2ne1FYZd53jln2/Cg",
    "instance": {
      "__id__": 25
    },
    "targetOverrides": null,
    "nestedPrefabInstanceRoots": null
  },
  {
    "__type__": "cc.PrefabInstance",
    "fileId": "83qEpw74FDi6mbgsybuWDc",
    "prefabRootNode": null,
    "mountedChildren": [],
    "mountedComponents": [],
    "propertyOverrides": [
      {
        "__id__": 26
      },
      {
        "__id__": 28
      },
      {
        "__id__": 29
      },
      {
        "__id__": 30
      },
      {
        "__id__": 31
      }
    ],
    "removedComponents": []
  },
  {
    "__type__": "CCPropertyOverrideInfo",
    "targetInfo": {
      "__id__": 27
    },
    "propertyPath": [
      "_name"
    ],
    "value": "tank1"
  },
  {
    "__type__": "cc.TargetInfo",
    "localID": [
      "9bllq2ne1FYZd53jln2/Cg"
    ]
  },
  {
    "__type__": "CCPropertyOverrideInfo",
    "targetInfo": {
      "__id__": 27
    },
    "propertyPath": [
      "_lpos"
    ],
    "value": {
      "__type__": "cc.Vec3",
      "x": -480.489,
      "y": -282.863,
      "z": 0
    }
  },
  {
    "__type__": "CCPropertyOverrideInfo",
    "targetInfo": {
      "__id__": 27
    },
    "propertyPath": [
      "_lrot"
    ],
    "value": {
      "__type__": "cc.Quat",
      "x": 0,
      "y": 0,
      "z": 0,
      "w": 1
    }
  },
  {
    "__type__": "CCPropertyOverrideInfo",
    "targetInfo": {
      "__id__": 27
    },
    "propertyPath": [
      "_euler"
    ],
    "value": {
      "__type__": "cc.Vec3",
      "x": 0,
      "y": 0,
      "z": 0
    }
  },
  {
    "__type__": "CCPropertyOverrideInfo",
    "targetInfo": {
      "__id__": 32
    },
    "propertyPath": [
      "moveSpeed"
    ],
    "value": 1
  },
  {
    "__type__": "cc.TargetInfo",
    "localID": [
      "9buDDQpcxFIZNnKxWfZwJ8"
    ]
  },
  {
    "__type__": "cc.Node",
    "_name": "object",
    "_objFlags": 0,
    "__editorExtras__": {},
    "_parent": {
      "__id__": 8
    },
    "_children": [
      {
        "__id__": 34
      },
      {
        "__id__": 45
      }
    ],
    "_active": true,
    "_components": [],
    "_prefab": null,
    "_lpos": {
      "__type__": "cc.Vec3",
      "x": -639.55,
      "y": -357.11600000000004,
      "z": 0
    },
    "_lrot": {
      "__type__": "cc.Quat",
      "x": 0,
      "y": 0,
      "z": 0,
      "w": 1
    },
    "_lscale": {
      "__type__": "cc.Vec3",
      "x": 1,
      "y": 1,
      "z": 1
    },
    "_mobility": 0,
    "_layer": 1073741824,
    "_euler": {
      "__type__": "cc.Vec3",
      "x": 0,
      "y": 0,
      "z": 0
    },
    "_id": "85QRORocxGroQEc/oWjPVa"
  },
  {
    "__type__": "cc.Node",
    "_objFlags": 0,
    "_parent": {
      "__id__": 33
    },
    "_prefab": {
      "__id__": 35
    },
    "__editorExtras__": {}
  },
  {
    "__type__": "cc.PrefabInfo",
    "root": {
      "__id__": 34
    },
    "asset": {
      "__uuid__": "389042f7-6033-4238-aab8-7bd1e05b2b3c",
      "__expectedType__": "cc.Prefab"
    },
    "fileId": "c6CMyHi9RG05cgaiBWCHrF",
    "instance": {
      "__id__": 36
    },
    "targetOverrides": null,
    "nestedPrefabInstanceRoots": null
  },
  {
    "__type__": "cc.PrefabInstance",
    "fileId": "85YgVQqdNObJ8s15WZ8d1W",
    "prefabRootNode": null,
    "mountedChildren": [],
    "mountedComponents": [
      {
        "__id__": 37
      }
    ],
    "propertyOverrides": [
      {
        "__id__": 40
      },
      {
        "__id__": 42
      },
      {
        "__id__": 43
      },
      {
        "__id__": 44
      }
    ],
    "removedComponents": []
  },
  {
    "__type__": "cc.MountedComponentsInfo",
    "targetInfo": {
      "__id__": 38
    },
    "components": [
      {
        "__id__": 39
      }
    ]
  },
  {
    "__type__": "cc.TargetInfo",
    "localID": [
      "c6CMyHi9RG05cgaiBWCHrF"
    ]
  },
  {
    "__type__": "d9747Wtz8FM1JYQrbWY8Q4k",
    "_name": "",
    "_objFlags": 0,
    "__editorExtras__": {
      "mountedRoot": {
        "__id__": 34
      }
    },
    "node": {
      "__id__": 34
    },
    "_enabled": true,
    "__prefab": null,
    "_id": "bdudYU2/VC25nbBZ+daMfX"
  },
  {
    "__type__": "CCPropertyOverrideInfo",
    "targetInfo": {
      "__id__": 41
    },
    "propertyPath": [
      "_name"
    ],
    "value": "movefastobject"
  },
  {
    "__type__": "cc.TargetInfo",
    "localID": [
      "c6CMyHi9RG05cgaiBWCHrF"
    ]
  },
  {
    "__type__": "CCPropertyOverrideInfo",
    "targetInfo": {
      "__id__": 41
    },
    "propertyPath": [
      "_lpos"
    ],
    "value": {
      "__type__": "cc.Vec3",
      "x": 335.532,
      "y": 321.454,
      "z": 0
    }
  },
  {
    "__type__": "CCPropertyOverrideInfo",
    "targetInfo": {
      "__id__": 41
    },
    "propertyPath": [
      "_lrot"
    ],
    "value": {
      "__type__": "cc.Quat",
      "x": 0,
      "y": 0,
      "z": 0,
      "w": 1
    }
  },
  {
    "__type__": "CCPropertyOverrideInfo",
    "targetInfo": {
      "__id__": 41
    },
    "propertyPath": [
      "_euler"
    ],
    "value": {
      "__type__": "cc.Vec3",
      "x": 0,
      "y": 0,
      "z": 0
    }
  },
  {
    "__type__": "cc.Node",
    "_objFlags": 0,
    "_parent": {
      "__id__": 33
    },
    "_prefab": {
      "__id__": 46
    },
    "__editorExtras__": {}
  },
  {
    "__type__": "cc.PrefabInfo",
    "root": {
      "__id__": 45
    },
    "asset": {
      "__uuid__": "32792995-a6b9-4857-9271-dd77472da8b6",
      "__expectedType__": "cc.Prefab"
    },
    "fileId": "e7HwKN0ptD852npsacVvEr",
    "instance": {
      "__id__": 47
    },
    "targetOverrides": null,
    "nestedPrefabInstanceRoots": null
  },
  {
    "__type__": "cc.PrefabInstance",
    "fileId": "0dAU0BJJRHC706Ov/CjjUt",
    "prefabRootNode": null,
    "mountedChildren": [],
    "mountedComponents": [],
    "propertyOverrides": [
      {
        "__id__": 48
      },
      {
        "__id__": 50
      },
      {
        "__id__": 51
      },
      {
        "__id__": 52
      }
    ],
    "removedComponents": []
  },
  {
    "__type__": "CCPropertyOverrideInfo",
    "targetInfo": {
      "__id__": 49
    },
    "propertyPath": [
      "_name"
    ],
    "value": "firefastobject"
  },
  {
    "__type__": "cc.TargetInfo",
    "localID": [
      "e7HwKN0ptD852npsacVvEr"
    ]
  },
  {
    "__type__": "CCPropertyOverrideInfo",
    "targetInfo": {
      "__id__": 49
    },
    "propertyPath": [
      "_lpos"
    ],
    "value": {
      "__type__": "cc.Vec3",
      "x": 325.374,
      "y": 205.442,
      "z": 0
    }
  },
  {
    "__type__": "CCPropertyOverrideInfo",
    "targetInfo": {
      "__id__": 49
    },
    "propertyPath": [
      "_lrot"
    ],
    "value": {
      "__type__": "cc.Quat",
      "x": 0,
      "y": 0,
      "z": 0,
      "w": 1
    }
  },
  {
    "__type__": "CCPropertyOverrideInfo",
    "targetInfo": {
      "__id__": 49
    },
    "propertyPath": [
      "_euler"
    ],
    "value": {
      "__type__": "cc.Vec3",
      "x": 0,
      "y": 0,
      "z": 0
    }
  },
  {
    "__type__": "cc.Node",
    "_name": "boundary",
    "_objFlags": 0,
    "__editorExtras__": {},
    "_parent": {
      "__id__": 8
    },
    "_children": [
      {
        "__id__": 54
      },
      {
        "__id__": 62
      },
      {
        "__id__": 72
      },
      {
        "__id__": 82
      },
      {
        "__id__": 90
      }
    ],
    "_active": true,
    "_components": [],
    "_prefab": null,
    "_lpos": {
      "__type__": "cc.Vec3",
      "x": -639.55,
      "y": -357.11600000000004,
      "z": 0
    },
    "_lrot": {
      "__type__": "cc.Quat",
      "x": 0,
      "y": 0,
      "z": 0,
      "w": 1
    },
    "_lscale": {
      "__type__": "cc.Vec3",
      "x": 1,
      "y": 1,
      "z": 1
    },
    "_mobility": 0,
    "_layer": 1073741824,
    "_euler": {
      "__type__": "cc.Vec3",
      "x": 0,
      "y": 0,
      "z": 0
    },
    "_id": "33+irzzmdHqpDqnlU/GeV1"
  },
  {
    "__type__": "cc.Node",
    "_objFlags": 0,
    "_parent": {
      "__id__": 53
    },
    "_prefab": {
      "__id__": 55
    },
    "__editorExtras__": {}
  },
  {
    "__type__": "cc.PrefabInfo",
    "root": {
      "__id__": 54
    },
    "asset": {
      "__uuid__": "e60f8133-d0ce-45d5-be91-de2e4ceed063",
      "__expectedType__": "cc.Prefab"
    },
    "fileId": "e6NX6Th+dLLLrJUh0FKtKs",
    "instance": {
      "__id__": 56
    },
    "targetOverrides": null,
    "nestedPrefabInstanceRoots": null
  },
  {
    "__type__": "cc.PrefabInstance",
    "fileId": "eay8y9Nj9Ccp0e9ulAoUKM",
    "prefabRootNode": null,
    "mountedChildren": [],
    "mountedComponents": [],
    "propertyOverrides": [
      {
        "__id__": 57
      },
      {
        "__id__": 59
      },
      {
        "__id__": 60
      },
      {
        "__id__": 61
      }
    ],
    "removedComponents": []
  },
  {
    "__type__": "CCPropertyOverrideInfo",
    "targetInfo": {
      "__id__": 58
    },
    "propertyPath": [
      "_name"
    ],
    "value": "normalwall"
  },
  {
    "__type__": "cc.TargetInfo",
    "localID": [
      "e6NX6Th+dLLLrJUh0FKtKs"
    ]
  },
  {
    "__type__": "CCPropertyOverrideInfo",
    "targetInfo": {
      "__id__": 58
    },
    "propertyPath": [
      "_lpos"
    ],
    "value": {
      "__type__": "cc.Vec3",
      "x": 1285.48,
      "y": 360.268,
      "z": 0
    }
  },
  {
    "__type__": "CCPropertyOverrideInfo",
    "targetInfo": {
      "__id__": 58
    },
    "propertyPath": [
      "_lrot"
    ],
    "value": {
      "__type__": "cc.Quat",
      "x": 0,
      "y": 0,
      "z": 0,
      "w": 1
    }
  },
  {
    "__type__": "CCPropertyOverrideInfo",
    "targetInfo": {
      "__id__": 58
    },
    "propertyPath": [
      "_euler"
    ],
    "value": {
      "__type__": "cc.Vec3",
      "x": 0,
      "y": 0,
      "z": 0
    }
  },
  {
    "__type__": "cc.Node",
    "_objFlags": 0,
    "_parent": {
      "__id__": 53
    },
    "_prefab": {
      "__id__": 63
    },
    "__editorExtras__": {}
  },
  {
    "__type__": "cc.PrefabInfo",
    "root": {
      "__id__": 62
    },
    "asset": {
      "__uuid__": "e60f8133-d0ce-45d5-be91-de2e4ceed063",
      "__expectedType__": "cc.Prefab"
    },
    "fileId": "e6NX6Th+dLLLrJUh0FKtKs",
    "instance": {
      "__id__": 64
    },
    "targetOverrides": null,
    "nestedPrefabInstanceRoots": null
  },
  {
    "__type__": "cc.PrefabInstance",
    "fileId": "8crCEnLZFG26oHNEzm3b0M",
    "prefabRootNode": null,
    "mountedChildren": [],
    "mountedComponents": [],
    "propertyOverrides": [
      {
        "__id__": 65
      },
      {
        "__id__": 67
      },
      {
        "__id__": 68
      },
      {
        "__id__": 69
      },
      {
        "__id__": 70
      }
    ],
    "removedComponents": []
  },
  {
    "__type__": "CCPropertyOverrideInfo",
    "targetInfo": {
      "__id__": 66
    },
    "propertyPath": [
      "_name"
    ],
    "value": "normalwall"
  },
  {
    "__type__": "cc.TargetInfo",
    "localID": [
      "e6NX6Th+dLLLrJUh0FKtKs"
    ]
  },
  {
    "__type__": "CCPropertyOverrideInfo",
    "targetInfo": {
      "__id__": 66
    },
    "propertyPath": [
      "_lpos"
    ],
    "value": {
      "__type__": "cc.Vec3",
      "x": 641.622,
      "y": 724.878,
      "z": 0
    }
  },
  {
    "__type__": "CCPropertyOverrideInfo",
    "targetInfo": {
      "__id__": 66
    },
    "propertyPath": [
      "_lrot"
    ],
    "value": {
      "__type__": "cc.Quat",
      "x": 0,
      "y": 0,
      "z": -0.7071067811865475,
      "w": 0.7071067811865476
    }
  },
  {
    "__type__": "CCPropertyOverrideInfo",
    "targetInfo": {
      "__id__": 66
    },
    "propertyPath": [
      "_euler"
    ],
    "value": {
      "__type__": "cc.Vec3",
      "x": 0,
      "y": 0,
      "z": -90
    }
  },
  {
    "__type__": "CCPropertyOverrideInfo",
    "targetInfo": {
      "__id__": 71
    },
    "propertyPath": [
      "_contentSize"
    ],
    "value": {
      "__type__": "cc.Size",
      "width": 10,
      "height": 1280
    }
  },
  {
    "__type__": "cc.TargetInfo",
    "localID": [
      "7eanYQN41Pj5TqhZy/udUW"
    ]
  },
  {
    "__type__": "cc.Node",
    "_objFlags": 0,
    "_parent": {
      "__id__": 53
    },
    "_prefab": {
      "__id__": 73
    },
    "__editorExtras__": {}
  },
  {
    "__type__": "cc.PrefabInfo",
    "root": {
      "__id__": 72
    },
    "asset": {
      "__uuid__": "e60f8133-d0ce-45d5-be91-de2e4ceed063",
      "__expectedType__": "cc.Prefab"
    },
    "fileId": "e6NX6Th+dLLLrJUh0FKtKs",
    "instance": {
      "__id__": 74
    },
    "targetOverrides": null,
    "nestedPrefabInstanceRoots": null
  },
  {
    "__type__": "cc.PrefabInstance",
    "fileId": "53PZFBPjdBYaO4pc5kqtC8",
    "prefabRootNode": null,
    "mountedChildren": [],
    "mountedComponents": [],
    "propertyOverrides": [
      {
        "__id__": 75
      },
      {
        "__id__": 77
      },
      {
        "__id__": 78
      },
      {
        "__id__": 79
      },
      {
        "__id__": 80
      }
    ],
    "removedComponents": []
  },
  {
    "__type__": "CCPropertyOverrideInfo",
    "targetInfo": {
      "__id__": 76
    },
    "propertyPath": [
      "_name"
    ],
    "value": "normalwall"
  },
  {
    "__type__": "cc.TargetInfo",
    "localID": [
      "e6NX6Th+dLLLrJUh0FKtKs"
    ]
  },
  {
    "__type__": "CCPropertyOverrideInfo",
    "targetInfo": {
      "__id__": 76
    },
    "propertyPath": [
      "_lpos"
    ],
    "value": {
      "__type__": "cc.Vec3",
      "x": 639.643,
      "y": -6.007,
      "z": 0
    }
  },
  {
    "__type__": "CCPropertyOverrideInfo",
    "targetInfo": {
      "__id__": 76
    },
    "propertyPath": [
      "_lrot"
    ],
    "value": {
      "__type__": "cc.Quat",
      "x": 0,
      "y": 0,
      "z": -0.7071067811865475,
      "w": 0.7071067811865476
    }
  },
  {
    "__type__": "CCPropertyOverrideInfo",
    "targetInfo": {
      "__id__": 76
    },
    "propertyPath": [
      "_euler"
    ],
    "value": {
      "__type__": "cc.Vec3",
      "x": 0,
      "y": 0,
      "z": -90
    }
  },
  {
    "__type__": "CCPropertyOverrideInfo",
    "targetInfo": {
      "__id__": 81
    },
    "propertyPath": [
      "_contentSize"
    ],
    "value": {
      "__type__": "cc.Size",
      "width": 10,
      "height": 1280
    }
  },
  {
    "__type__": "cc.TargetInfo",
    "localID": [
      "7eanYQN41Pj5TqhZy/udUW"
    ]
  },
  {
    "__type__": "cc.Node",
    "_objFlags": 0,
    "_parent": {
      "__id__": 53
    },
    "_prefab": {
      "__id__": 83
    },
    "__editorExtras__": {}
  },
  {
    "__type__": "cc.PrefabInfo",
    "root": {
      "__id__": 82
    },
    "asset": {
      "__uuid__": "e60f8133-d0ce-45d5-be91-de2e4ceed063",
      "__expectedType__": "cc.Prefab"
    },
    "fileId": "e6NX6Th+dLLLrJUh0FKtKs",
    "instance": {
      "__id__": 84
    },
    "targetOverrides": null,
    "nestedPrefabInstanceRoots": null
  },
  {
    "__type__": "cc.PrefabInstance",
    "fileId": "2dvIAWivhMqZuPZVRY6lXm",
    "prefabRootNode": null,
    "mountedChildren": [],
    "mountedComponents": [],
    "propertyOverrides": [
      {
        "__id__": 85
      },
      {
        "__id__": 87
      },
      {
        "__id__": 88
      },
      {
        "__id__": 89
      }
    ],
    "removedComponents": []
  },
  {
    "__type__": "CCPropertyOverrideInfo",
    "targetInfo": {
      "__id__": 86
    },
    "propertyPath": [
      "_name"
    ],
    "value": "normalwall"
  },
  {
    "__type__": "cc.TargetInfo",
    "localID": [
      "e6NX6Th+dLLLrJUh0FKtKs"
    ]
  },
  {
    "__type__": "CCPropertyOverrideInfo",
    "targetInfo": {
      "__id__": 86
    },
    "propertyPath": [
      "_lpos"
    ],
    "value": {
      "__type__": "cc.Vec3",
      "x": -4.481,
      "y": 360.268,
      "z": 0
    }
  },
  {
    "__type__": "CCPropertyOverrideInfo",
    "targetInfo": {
      "__id__": 86
    },
    "propertyPath": [
      "_lrot"
    ],
    "value": {
      "__type__": "cc.Quat",
      "x": 0,
      "y": 0,
      "z": 0,
      "w": 1
    }
  },
  {
    "__type__": "CCPropertyOverrideInfo",
    "targetInfo": {
      "__id__": 86
    },
    "propertyPath": [
      "_euler"
    ],
    "value": {
      "__type__": "cc.Vec3",
      "x": 0,
      "y": 0,
      "z": 0
    }
  },
  {
    "__type__": "cc.Node",
    "_objFlags": 0,
    "_parent": {
      "__id__": 53
    },
    "_prefab": {
      "__id__": 91
    },
    "__editorExtras__": {}
  },
  {
    "__type__": "cc.PrefabInfo",
    "root": {
      "__id__": 90
    },
    "asset": {
      "__uuid__": "6ca093f6-d9c8-4da3-b662-26605666a6b4",
      "__expectedType__": "cc.Prefab"
    },
    "fileId": "760ilsrA5MiaMRcxAEEGx5",
    "instance": {
      "__id__": 92
    },
    "targetOverrides": null,
    "nestedPrefabInstanceRoots": null
  },
  {
    "__type__": "cc.PrefabInstance",
    "fileId": "38KqrIh4BKjLMeZm+oGHEW",
    "prefabRootNode": null,
    "mountedChildren": [],
    "mountedComponents": [],
    "propertyOverrides": [
      {
        "__id__": 93
      },
      {
        "__id__": 95
      },
      {
        "__id__": 96
      },
      {
        "__id__": 97
      },
      {
        "__id__": 98
      },
      {
        "__id__": 100
      }
    ],
    "removedComponents": []
  },
  {
    "__type__": "CCPropertyOverrideInfo",
    "targetInfo": {
      "__id__": 94
    },
    "propertyPath": [
      "_name"
    ],
    "value": "specialwall"
  },
  {
    "__type__": "cc.TargetInfo",
    "localID": [
      "760ilsrA5MiaMRcxAEEGx5"
    ]
  },
  {
    "__type__": "CCPropertyOverrideInfo",
    "targetInfo": {
      "__id__": 94
    },
    "propertyPath": [
      "_lpos"
    ],
    "value": {
      "__type__": "cc.Vec3",
      "x": 1120.661,
      "y": 228.014,
      "z": 0
    }
  },
  {
    "__type__": "CCPropertyOverrideInfo",
    "targetInfo": {
      "__id__": 94
    },
    "propertyPath": [
      "_lrot"
    ],
    "value": {
      "__type__": "cc.Quat",
      "x": 0,
      "y": 0,
      "z": 0,
      "w": 1
    }
  },
  {
    "__type__": "CCPropertyOverrideInfo",
    "targetInfo": {
      "__id__": 94
    },
    "propertyPath": [
      "_euler"
    ],
    "value": {
      "__type__": "cc.Vec3",
      "x": 0,
      "y": 0,
      "z": 0
    }
  },
  {
    "__type__": "CCPropertyOverrideInfo",
    "targetInfo": {
      "__id__": 99
    },
    "propertyPath": [
      "_contentSize"
    ],
    "value": {
      "__type__": "cc.Size",
      "width": 20,
      "height": 400
    }
  },
  {
    "__type__": "cc.TargetInfo",
    "localID": [
      "60GPktD+FDH6hZqPuXHQvk"
    ]
  },
  {
    "__type__": "CCPropertyOverrideInfo",
    "targetInfo": {
      "__id__": 101
    },
    "propertyPath": [
      "_spriteFrame"
    ],
    "value": {
      "__uuid__": "35ac62e8-0b7a-4367-970d-dfdfbdd023c6@f9941",
      "__expectedType__": "cc.SpriteFrame"
    }
  },
  {
    "__type__": "cc.TargetInfo",
    "localID": [
      "76E7KU6WVGq78cbvxiub9F"
    ]
  },
  {
    "__type__": "cc.UITransform",
    "_name": "",
    "_objFlags": 0,
    "__editorExtras__": {},
    "node": {
      "__id__": 8
    },
    "_enabled": true,
    "__prefab": null,
    "_contentSize": {
      "__type__": "cc.Size",
      "width": 1280,
      "height": 720
    },
    "_anchorPoint": {
      "__type__": "cc.Vec2",
      "x": 0.5,
      "y": 0.5
    },
    "_id": "b3KPSpGtdAEKN/06Toeoxa"
  },
  {
    "__type__": "cc.Graphics",
    "_name": "",
    "_objFlags": 0,
    "__editorExtras__": {},
    "node": {
      "__id__": 8
    },
    "_enabled": true,
    "__prefab": null,
    "_customMaterial": null,
    "_srcBlendFactor": 2,
    "_dstBlendFactor": 4,
    "_color": {
      "__type__": "cc.Color",
      "r": 255,
      "g": 255,
      "b": 255,
      "a": 255
    },
    "_lineWidth": 1,
    "_strokeColor": {
      "__type__": "cc.Color",
      "r": 245,
      "g": 236,
      "b": 235,
      "a": 255
    },
    "_lineJoin": 1,
    "_lineCap": 0,
    "_fillColor": {
      "__type__": "cc.Color",
      "r": 104,
      "g": 175,
      "b": 91,
      "a": 255
    },
    "_miterLimit": 0.5,
    "_id": "d3/UOmMA5AhbidJKUCf203"
  },
  {
    "__type__": "b50dczuoj9L06/49nBn0Nab",
    "_name": "",
    "_objFlags": 0,
    "__editorExtras__": {},
    "node": {
      "__id__": 8
    },
    "_enabled": true,
    "__prefab": null,
    "_id": "deApC1XJVOSqsJhPqfLGOe"
  },
  {
    "__type__": "cc.UITransform",
    "_name": "",
    "_objFlags": 0,
    "__editorExtras__": {},
    "node": {
      "__id__": 2
    },
    "_enabled": true,
    "__prefab": null,
    "_contentSize": {
      "__type__": "cc.Size",
      "width": 1280,
      "height": 720
    },
    "_anchorPoint": {
      "__type__": "cc.Vec2",
      "x": 0.5,
      "y": 0.5
    },
    "_id": "d6rUX5yfhMlKoWX2bSbawx"
  },
  {
    "__type__": "cc.Canvas",
    "_name": "",
    "_objFlags": 0,
    "__editorExtras__": {},
    "node": {
      "__id__": 2
    },
    "_enabled": true,
    "__prefab": null,
    "_cameraComponent": {
      "__id__": 4
    },
    "_alignCanvasWithScreen": true,
    "_id": "12O/ljcVlEqLmVm3U2gEOQ"
  },
  {
    "__type__": "cc.Widget",
    "_name": "",
    "_objFlags": 0,
    "__editorExtras__": {},
    "node": {
      "__id__": 2
    },
    "_enabled": true,
    "__prefab": null,
    "_alignFlags": 45,
    "_target": null,
    "_left": 0,
    "_right": 0,
    "_top": 5.684341886080802e-14,
    "_bottom": 5.684341886080802e-14,
    "_horizontalCenter": 0,
    "_verticalCenter": 0,
    "_isAbsLeft": true,
    "_isAbsRight": true,
    "_isAbsTop": true,
    "_isAbsBottom": true,
    "_isAbsHorizontalCenter": true,
    "_isAbsVerticalCenter": true,
    "_originalWidth": 0,
    "_originalHeight": 0,
    "_alignMode": 2,
    "_lockFlags": 0,
    "_id": "c5V1EV8IpMtrIvY1OE9t2u"
  },
  {
    "__type__": "cc.Node",
    "_objFlags": 0,
    "_parent": {
      "__id__": 1
    },
    "_prefab": {
      "__id__": 109
    },
    "__editorExtras__": {}
  },
  {
    "__type__": "cc.PrefabInfo",
    "root": {
      "__id__": 108
    },
    "asset": {
      "__uuid__": "ba9b86be-3ecc-48ba-a83b-02ca9cefad71",
      "__expectedType__": "cc.Prefab"
    },
    "fileId": "deFw4sjzFBSIfkLOsD+FqR",
    "instance": {
      "__id__": 110
    },
    "targetOverrides": null,
    "nestedPrefabInstanceRoots": null
  },
  {
    "__type__": "cc.PrefabInstance",
    "fileId": "c7zSlCwLtMb7vEQTZMo5QW",
    "prefabRootNode": null,
    "mountedChildren": [],
    "mountedComponents": [],
    "propertyOverrides": [
      {
        "__id__": 111
      },
      {
        "__id__": 113
      },
      {
        "__id__": 114
      },
      {
        "__id__": 115
      }
    ],
    "removedComponents": []
  },
  {
    "__type__": "CCPropertyOverrideInfo",
    "targetInfo": {
      "__id__": 112
    },
    "propertyPath": [
      "_name"
    ],
    "value": "bulletnode0"
  },
  {
    "__type__": "cc.TargetInfo",
    "localID": [
      "deFw4sjzFBSIfkLOsD+FqR"
    ]
  },
  {
    "__type__": "CCPropertyOverrideInfo",
    "targetInfo": {
      "__id__": 112
    },
    "propertyPath": [
      "_lpos"
    ],
    "value": {
      "__type__": "cc.Vec3",
      "x": 500.216,
      "y": -92.856,
      "z": 0
    }
  },
  {
    "__type__": "CCPropertyOverrideInfo",
    "targetInfo": {
      "__id__": 112
    },
    "propertyPath": [
      "_lrot"
    ],
    "value": {
      "__type__": "cc.Quat",
      "x": 0,
      "y": 0,
      "z": 0,
      "w": 1
    }
  },
  {
    "__type__": "CCPropertyOverrideInfo",
    "targetInfo": {
      "__id__": 112
    },
    "propertyPath": [
      "_euler"
    ],
    "value": {
      "__type__": "cc.Vec3",
      "x": 0,
      "y": 0,
      "z": 0
    }
  },
  {
    "__type__": "cc.Node",
    "_objFlags": 0,
    "_parent": {
      "__id__": 1
    },
    "_prefab": {
      "__id__": 117
    },
    "__editorExtras__": {}
  },
  {
    "__type__": "cc.PrefabInfo",
    "root": {
      "__id__": 116
    },
    "asset": {
      "__uuid__": "380ca9d3-3ed1-4bb4-a284-ff95f9508893",
      "__expectedType__": "cc.Prefab"
    },
    "fileId": "19hWci+gZMoovToQzzlw3L",
    "instance": {
      "__id__": 118
    },
    "targetOverrides": null,
    "nestedPrefabInstanceRoots": null
  },
  {
    "__type__": "cc.PrefabInstance",
    "fileId": "5179t3fClO6J98HEUzUywA",
    "prefabRootNode": null,
    "mountedChildren": [],
    "mountedComponents": [],
    "propertyOverrides": [
      {
        "__id__": 119
      },
      {
        "__id__": 121
      },
      {
        "__id__": 122
      },
      {
        "__id__": 123
      }
    ],
    "removedComponents": []
  },
  {
    "__type__": "CCPropertyOverrideInfo",
    "targetInfo": {
      "__id__": 120
    },
    "propertyPath": [
      "_name"
    ],
    "value": "bulletnode1"
  },
  {
    "__type__": "cc.TargetInfo",
    "localID": [
      "19hWci+gZMoovToQzzlw3L"
    ]
  },
  {
    "__type__": "CCPropertyOverrideInfo",
    "targetInfo": {
      "__id__": 120
    },
    "propertyPath": [
      "_lpos"
    ],
    "value": {
      "__type__": "cc.Vec3",
      "x": 363.493,
      "y": -16.641,
      "z": 0
    }
  },
  {
    "__type__": "CCPropertyOverrideInfo",
    "targetInfo": {
      "__id__": 120
    },
    "propertyPath": [
      "_lrot"
    ],
    "value": {
      "__type__": "cc.Quat",
      "x": 0,
      "y": 0,
      "z": 0,
      "w": 1
    }
  },
  {
    "__type__": "CCPropertyOverrideInfo",
    "targetInfo": {
      "__id__": 120
    },
    "propertyPath": [
      "_euler"
    ],
    "value": {
      "__type__": "cc.Vec3",
      "x": 0,
      "y": 0,
      "z": 0
    }
  },
  {
    "__type__": "cc.PrefabInfo",
    "root": null,
    "asset": null,
    "fileId": "d506c42d-a2d8-4de2-bff7-83bd68a68175",
    "instance": null,
    "targetOverrides": [
      {
        "__id__": 125
      },
      {
        "__id__": 128
      }
    ],
    "nestedPrefabInstanceRoots": [
      {
        "__id__": 9
      },
      {
        "__id__": 23
      },
      {
        "__id__": 34
      },
      {
        "__id__": 45
      },
      {
        "__id__": 54
      },
      {
        "__id__": 62
      },
      {
        "__id__": 72
      },
      {
        "__id__": 82
      },
      {
        "__id__": 90
      },
      {
        "__id__": 108
      },
      {
        "__id__": 116
      }
    ]
  },
  {
    "__type__": "cc.TargetOverrideInfo",
    "source": {
      "__id__": 9
    },
    "sourceInfo": {
      "__id__": 126
    },
    "propertyPath": [
      "rigidBody"
    ],
    "target": {
      "__id__": 9
    },
    "targetInfo": {
      "__id__": 127
    }
  },
  {
    "__type__": "cc.TargetInfo",
    "localID": [
      "e67YdnZm5K1rsandhMGhSX"
    ]
  },
  {
    "__type__": "cc.TargetInfo",
    "localID": [
      "0aARUpYP1GO4GJE+aMULwv"
    ]
  },
  {
    "__type__": "cc.TargetOverrideInfo",
    "source": {
      "__id__": 23
    },
    "sourceInfo": {
      "__id__": 129
    },
    "propertyPath": [
      "rigidBody"
    ],
    "target": {
      "__id__": 23
    },
    "targetInfo": {
      "__id__": 130
    }
  },
  {
    "__type__": "cc.TargetInfo",
    "localID": [
      "9buDDQpcxFIZNnKxWfZwJ8"
    ]
  },
  {
    "__type__": "cc.TargetInfo",
    "localID": [
      "c4iKVNdoxAIJTrnqRV64+V"
    ]
  },
  {
    "__type__": "cc.SceneGlobals",
    "ambient": {
      "__id__": 132
    },
    "shadows": {
      "__id__": 133
    },
    "_skybox": {
      "__id__": 134
    },
    "fog": {
      "__id__": 135
    },
    "octree": {
      "__id__": 136
    },
    "skin": {
      "__id__": 137
    },
    "lightProbeInfo": {
      "__id__": 138
    },
    "postSettings": {
      "__id__": 139
    },
    "bakedWithStationaryMainLight": false,
    "bakedWithHighpLightmap": false
  },
  {
    "__type__": "cc.AmbientInfo",
    "_skyColorHDR": {
      "__type__": "cc.Vec4",
      "x": 0,
      "y": 0,
      "z": 0,
      "w": 0.520833125
    },
    "_skyColor": {
      "__type__": "cc.Vec4",
      "x": 0,
      "y": 0,
      "z": 0,
      "w": 0.520833125
    },
    "_skyIllumHDR": 20000,
    "_skyIllum": 20000,
    "_groundAlbedoHDR": {
      "__type__": "cc.Vec4",
      "x": 0,
      "y": 0,
      "z": 0,
      "w": 0
    },
    "_groundAlbedo": {
      "__type__": "cc.Vec4",
      "x": 0,
      "y": 0,
      "z": 0,
      "w": 0
    },
    "_skyColorLDR": {
      "__type__": "cc.Vec4",
      "x": 0.2,
      "y": 0.5,
      "z": 0.8,
      "w": 1
    },
    "_skyIllumLDR": 20000,
    "_groundAlbedoLDR": {
      "__type__": "cc.Vec4",
      "x": 0.2,
      "y": 0.2,
      "z": 0.2,
      "w": 1
    }
  },
  {
    "__type__": "cc.ShadowsInfo",
    "_enabled": false,
    "_type": 0,
    "_normal": {
      "__type__": "cc.Vec3",
      "x": 0,
      "y": 1,
      "z": 0
    },
    "_distance": 0,
    "_planeBias": 1,
    "_shadowColor": {
      "__type__": "cc.Color",
      "r": 76,
      "g": 76,
      "b": 76,
      "a": 255
    },
    "_maxReceived": 4,
    "_size": {
      "__type__": "cc.Vec2",
      "x": 512,
      "y": 512
    }
  },
  {
    "__type__": "cc.SkyboxInfo",
    "_envLightingType": 0,
    "_envmapHDR": null,
    "_envmap": null,
    "_envmapLDR": null,
    "_diffuseMapHDR": null,
    "_diffuseMapLDR": null,
    "_enabled": false,
    "_useHDR": true,
    "_editableMaterial": null,
    "_reflectionHDR": null,
    "_reflectionLDR": null,
    "_rotationAngle": 0
  },
  {
    "__type__": "cc.FogInfo",
    "_type": 0,
    "_fogColor": {
      "__type__": "cc.Color",
      "r": 200,
      "g": 200,
      "b": 200,
      "a": 255
    },
    "_enabled": false,
    "_fogDensity": 0.3,
    "_fogStart": 0.5,
    "_fogEnd": 300,
    "_fogAtten": 5,
    "_fogTop": 1.5,
    "_fogRange": 1.2,
    "_accurate": false
  },
  {
    "__type__": "cc.OctreeInfo",
    "_enabled": false,
    "_minPos": {
      "__type__": "cc.Vec3",
      "x": -1024,
      "y": -1024,
      "z": -1024
    },
    "_maxPos": {
      "__type__": "cc.Vec3",
      "x": 1024,
      "y": 1024,
      "z": 1024
    },
    "_depth": 8
  },
  {
    "__type__": "cc.SkinInfo",
    "_enabled": false,
    "_blurRadius": 0.01,
    "_sssIntensity": 3
  },
  {
    "__type__": "cc.LightProbeInfo",
    "_giScale": 1,
    "_giSamples": 1024,
    "_bounces": 2,
    "_reduceRinging": 0,
    "_showProbe": true,
    "_showWireframe": true,
    "_showConvex": false,
    "_data": null,
    "_lightProbeSphereVolume": 1
  },
  {
    "__type__": "cc.PostSettingsInfo",
    "_toneMappingType": 0
  }
]