{
  "__type__": "cc.SpriteFrame",
  "content": {
    "name": "upleft",
    "atlas": "",
    "rect": {
      "x": 0,
      "y": 0,
      "width": 197,
      "height": 197
    },
    "offset": {
      "x": 0,
      "y": 0
    },
    "originalSize": {
      "width": 197,
      "height": 197
    },
    "rotated": false,
    "capInsets": [
      0,
      0,
      0,
      0
    ],
    "vertices": {
      "rawPosition": [
        -98.5,
        -98.5,
        0,
        98.5,
        -98.5,
        0,
        -98.5,
        98.5,
        0,
        98.5,
        98.5,
        0
      ],
      "indexes": [
        0,
        1,
        2,
        2,
        1,
        3
      ],
      "uv": [
        0,
        197,
        197,
        197,
        0,
        0,
        197,
        0
      ],
      "nuv": [
        0,
        0,
        1,
        0,
        0,
        1,
        1,
        1
      ],
      "minPos": {
        "x": -98.5,
        "y": -98.5,
        "z": 0
      },
      "maxPos": {
        "x": 98.5,
        "y": 98.5,
        "z": 0
      }
    },
    "texture": "8e85c480-cbd7-439f-b592-41a1710792dc@6c48a",
    "packable": true,
    "pixelsToUnit": 100,
    "pivot": {
      "x": 0.5,
      "y": 0.5
    },
    "meshType": 0
  }
}