{
  "__type__": "cc.SpriteFrame",
  "content": {
    "name": "grass",
    "atlas": "",
    "rect": {
      "x": 0,
      "y": 0,
      "width": 83,
      "height": 80
    },
    "offset": {
      "x": 0,
      "y": 0
    },
    "originalSize": {
      "width": 83,
      "height": 80
    },
    "rotated": false,
    "capInsets": [
      0,
      0,
      0,
      0
    ],
    "vertices": {
      "rawPosition": [
        -41.5,
        -40,
        0,
        41.5,
        -40,
        0,
        -41.5,
        40,
        0,
        41.5,
        40,
        0
      ],
      "indexes": [
        0,
        1,
        2,
        2,
        1,
        3
      ],
      "uv": [
        0,
        80,
        83,
        80,
        0,
        0,
        83,
        0
      ],
      "nuv": [
        0,
        0,
        1,
        0,
        0,
        1,
        1,
        1
      ],
      "minPos": {
        "x": -41.5,
        "y": -40,
        "z": 0
      },
      "maxPos": {
        "x": 41.5,
        "y": 40,
        "z": 0
      }
    },
    "texture": "63abb444-9cd4-416b-a35f-234c0c062be5@6c48a",
    "packable": true,
    "pixelsToUnit": 100,
    "pivot": {
      "x": 0.5,
      "y": 0.5
    },
    "meshType": 0
  }
}