{
  "version": "1.0.0",
  "map": {
    "C:\\cocoscreater\\NewProject_1\\assets\\scene-2d.scene.meta": {
      "time": 1719814456107.5046
    },
    "C:\\cocoscreater\\NewProject_1\\assets\\scene-2d.scene": {
      "time": 1719995521057.397,
      "uuid": "d506c42d-a2d8-4de2-bff7-83bd68a68175"
    },
    "C:\\cocoscreater\\NewProject_1\\assets\\photo.meta": {
      "time": 1719817358518.189
    },
    "C:\\cocoscreater\\NewProject_1\\assets\\photo": {
      "time": 1719890825755.9626,
      "uuid": "2e86899f-ecc6-4cda-aa60-a277ed418bf9"
    },
    "C:\\cocoscreater\\NewProject_1\\assets\\photo\\488e4cc1b6afa99548db30556b924aeb.prefab.meta": {
      "time": 1719817362008.4753
    },
    "C:\\cocoscreater\\NewProject_1\\assets\\text.meta": {
      "time": 1719817843528.148
    },
    "C:\\cocoscreater\\NewProject_1\\assets\\text": {
      "time": 1719992299249.179,
      "uuid": "da66a686-fdaf-4c0f-a9b8-793763f22bcd"
    },
    "C:\\cocoscreater\\NewProject_1\\assets\\text\\background.ts.meta": {
      "time": 1719818065754.8135
    },
    "C:\\cocoscreater\\NewProject_1\\assets\\text\\background.ts": {
      "time": 1719888234980.8416,
      "uuid": "b50dccee-a23f-4bd3-aff8-f67067d0d69b"
    },
    "C:\\cocoscreater\\NewProject_1\\assets\\photo\\488e4cc1b6afa99548db30556b924aeb.jpg.meta": {
      "time": 1719819828737.2373
    },
    "C:\\cocoscreater\\NewProject_1\\assets\\text\\tank0.ts.meta": {
      "time": 1719817834048.3762
    },
    "C:\\cocoscreater\\NewProject_1\\assets\\text\\tank0.ts": {
      "time": 1719992658359.2395,
      "uuid": "3f68566e-2dce-4cb2-9ea6-e66931227e03"
    },
    "C:\\cocoscreater\\NewProject_1\\assets\\text\\tank1.ts.meta": {
      "time": 1719887550882.8389
    },
    "C:\\cocoscreater\\NewProject_1\\assets\\text\\tank1.ts": {
      "time": 1719901063706.3171,
      "uuid": "20c591ef-2140-4806-bea8-a7519cd3af9d"
    },
    "C:\\cocoscreater\\NewProject_1\\assets\\photo\\OIP-C.jpg.meta": {
      "time": 1719890825779.0518
    },
    "C:\\cocoscreater\\NewProject_1\\assets\\text\\wall.ts.meta": {
      "time": 1719822093830.2454
    },
    "C:\\cocoscreater\\NewProject_1\\assets\\text\\wall.ts": {
      "time": 1719902783381.7856,
      "uuid": "acd0e859-2f9d-48e7-86ef-f0f36fff76b5"
    },
    "C:\\cocoscreater\\NewProject_1\\assets\\text\\wallbox.ts.meta": {
      "time": 1719908645514.97
    },
    "C:\\cocoscreater\\NewProject_1\\assets\\text\\wallbox.ts": {
      "time": 1719908645499.2996,
      "uuid": "fbe250b1-87fa-4ae2-ad8d-019463cf0bec"
    },
    "C:\\cocoscreater\\NewProject_1\\assets\\map.meta": {
      "time": 1719909876874.9436
    },
    "C:\\cocoscreater\\NewProject_1\\assets\\map": {
      "time": 1719909970256.716,
      "uuid": "2f042a5a-a82b-4598-aa7c-1a66cd590fa9"
    },
    "C:\\cocoscreater\\NewProject_1\\assets\\map\\doublemap.scene.meta": {
      "time": 1719909815504.949
    },
    "C:\\cocoscreater\\NewProject_1\\assets\\map\\doublemap.scene": {
      "time": 1719909894392.0686,
      "uuid": "56c94625-6c31-4bd5-90fe-90c9552fdc01"
    },
    "C:\\cocoscreater\\NewProject_1\\assets\\map\\alonemap1.scene.meta": {
      "time": 1719909931968.1702
    },
    "C:\\cocoscreater\\NewProject_1\\assets\\map\\alonemap2.scene.meta": {
      "time": 1719909970272.8928
    },
    "C:\\cocoscreater\\NewProject_1\\assets\\map\\alonemap2.scene": {
      "time": 1719909970259.7168,
      "uuid": "36291188-d37d-4b4f-a128-588f20d16162"
    },
    "C:\\cocoscreater\\NewProject_1\\assets\\text\\bullet.ts.meta": {
      "time": 1719910329899.535
    },
    "C:\\cocoscreater\\NewProject_1\\assets\\text\\firedirection0.ts.meta": {
      "time": 1719988390368.119
    },
    "C:\\cocoscreater\\NewProject_1\\assets\\text\\firedirection0.ts": {
      "time": 1719994337806.613,
      "uuid": "03b5b70c-f874-4daf-a3ab-5f8ecd787a7f"
    },
    "C:\\cocoscreater\\NewProject_1\\assets\\text\\firedirection1.ts.meta": {
      "time": 1719992294805.4949
    },
    "C:\\cocoscreater\\NewProject_1\\assets\\text\\firedirection1.ts": {
      "time": 1719994236508.8171,
      "uuid": "acf90797-a929-4d3d-8920-3d19cf3e3fe2"
    },
    "C:\\Users\\lenovo\\Desktop\\tank7.3.1\\assets\\map": {
      "time": 1720059584920.4841,
      "uuid": "2f042a5a-a82b-4598-aa7c-1a66cd590fa9"
    },
    "C:\\Users\\lenovo\\Desktop\\tank7.3.1\\assets\\photo": {
      "time": 1720075520499.2397,
      "uuid": "2e86899f-ecc6-4cda-aa60-a277ed418bf9"
    },
    "C:\\Users\\lenovo\\Desktop\\tank7.3.1\\assets\\text": {
      "time": 1720063917095.4185,
      "uuid": "da66a686-fdaf-4c0f-a9b8-793763f22bcd"
    },
    "C:\\Users\\lenovo\\Desktop\\tank7.3.1\\assets\\text\\background.ts": {
      "time": 1719888234980.8416,
      "uuid": "b50dccee-a23f-4bd3-aff8-f67067d0d69b"
    },
    "C:\\Users\\lenovo\\Desktop\\tank7.3.1\\assets\\text\\firedirection0.ts": {
      "time": 1720059029474.6707,
      "uuid": "03b5b70c-f874-4daf-a3ab-5f8ecd787a7f"
    },
    "C:\\Users\\lenovo\\Desktop\\tank7.3.1\\assets\\text\\firedirection1.ts": {
      "time": 1720062197818.4646,
      "uuid": "acf90797-a929-4d3d-8920-3d19cf3e3fe2"
    },
    "C:\\Users\\lenovo\\Desktop\\tank7.3.1\\assets\\text\\tank0.ts": {
      "time": 1720075151390.8662,
      "uuid": "3f68566e-2dce-4cb2-9ea6-e66931227e03"
    },
    "C:\\Users\\lenovo\\Desktop\\tank7.3.1\\assets\\text\\tank1.ts": {
      "time": 1720075446673.0942,
      "uuid": "20c591ef-2140-4806-bea8-a7519cd3af9d"
    },
    "C:\\Users\\lenovo\\Desktop\\tank7.3.1\\assets\\text\\wall.ts": {
      "time": 1719902783381.7856,
      "uuid": "acd0e859-2f9d-48e7-86ef-f0f36fff76b5"
    },
    "C:\\Users\\lenovo\\Desktop\\tank7.3.1\\assets\\text\\wallbox.ts": {
      "time": 1719908645499.2996,
      "uuid": "fbe250b1-87fa-4ae2-ad8d-019463cf0bec"
    },
    "C:\\Users\\lenovo\\Desktop\\tank7.3.1\\assets\\map.meta": {
      "time": 1719909876874.9436
    },
    "C:\\Users\\lenovo\\Desktop\\tank7.3.1\\assets\\photo.meta": {
      "time": 1719817358518.189
    },
    "C:\\Users\\lenovo\\Desktop\\tank7.3.1\\assets\\text.meta": {
      "time": 1719817843528.148
    },
    "C:\\Users\\lenovo\\Desktop\\tank7.3.1\\assets\\text\\background.ts.meta": {
      "time": 1719818065754.8135
    },
    "C:\\Users\\lenovo\\Desktop\\tank7.3.1\\assets\\text\\firedirection0.ts.meta": {
      "time": 1719988390368.119
    },
    "C:\\Users\\lenovo\\Desktop\\tank7.3.1\\assets\\text\\firedirection1.ts.meta": {
      "time": 1719992294805.4949
    },
    "C:\\Users\\lenovo\\Desktop\\tank7.3.1\\assets\\text\\tank0.ts.meta": {
      "time": 1719817834048.3762
    },
    "C:\\Users\\lenovo\\Desktop\\tank7.3.1\\assets\\text\\tank1.ts.meta": {
      "time": 1719887550882.8389
    },
    "C:\\Users\\lenovo\\Desktop\\tank7.3.1\\assets\\text\\wall.ts.meta": {
      "time": 1719822093830.2454
    },
    "C:\\Users\\lenovo\\Desktop\\tank7.3.1\\assets\\text\\wallbox.ts.meta": {
      "time": 1719908645514.97
    },
    "C:\\Users\\lenovo\\Desktop\\tank7.3.1\\assets\\map\\alonemap2.scene": {
      "time": 1719909970259.7168,
      "uuid": "36291188-d37d-4b4f-a128-588f20d16162"
    },
    "C:\\Users\\lenovo\\Desktop\\tank7.3.1\\assets\\map\\doublemap.scene": {
      "time": 1719909894392.0686,
      "uuid": "56c94625-6c31-4bd5-90fe-90c9552fdc01"
    },
    "C:\\Users\\lenovo\\Desktop\\tank7.3.1\\assets\\map\\alonemap1.scene.meta": {
      "time": 1719909931968.1702
    },
    "C:\\Users\\lenovo\\Desktop\\tank7.3.1\\assets\\map\\alonemap2.scene.meta": {
      "time": 1719909970272.8928
    },
    "C:\\Users\\lenovo\\Desktop\\tank7.3.1\\assets\\map\\doublemap.scene.meta": {
      "time": 1719909815504.949
    },
    "C:\\Users\\lenovo\\Desktop\\tank7.3.1\\assets\\Prefabs.meta": {
      "time": 1720057249404.33
    },
    "C:\\Users\\lenovo\\Desktop\\tank7.3.1\\assets\\Prefabs": {
      "time": 1720057540286.0107,
      "uuid": "f17a33e8-fcc1-487f-b5b7-019231f92fcb"
    },
    "C:\\Users\\lenovo\\Desktop\\tank7.3.1\\assets\\Prefabs\\bulletnode0.prefab.meta": {
      "time": 1720057292790
    },
    "C:\\Users\\lenovo\\Desktop\\tank7.3.1\\assets\\Prefabs\\bulletnode0.prefab": {
      "time": 1720065192187.7522,
      "uuid": "ba9b86be-3ecc-48ba-a83b-02ca9cefad71"
    },
    "C:\\Users\\lenovo\\Desktop\\tank7.3.1\\assets\\Prefabs\\bulletnode1.prefab.meta": {
      "time": 1720057299929.0166
    },
    "C:\\Users\\lenovo\\Desktop\\tank7.3.1\\assets\\Prefabs\\bulletnode1.prefab": {
      "time": 1720065744018.8398,
      "uuid": "380ca9d3-3ed1-4bb4-a284-ff95f9508893"
    },
    "C:\\Users\\lenovo\\Desktop\\tank7.3.1\\assets\\Prefabs\\test.prefab.meta": {
      "time": 1720057542996.239
    },
    "C:\\Users\\lenovo\\Desktop\\tank7.3.1\\assets\\Prefabs\\test.prefab": {
      "time": 1720057543017.2493,
      "uuid": "20d61344-99a4-436a-9888-23d50770a1d2"
    },
    "C:\\Users\\lenovo\\Desktop\\tank7.3.1\\assets\\map\\scene-2d.scene.meta": {
      "time": 1719814456107.5046
    },
    "C:\\Users\\lenovo\\Desktop\\tank7.3.1\\assets\\map\\scene-2d.scene": {
      "time": 1720075555214.318,
      "uuid": "d506c42d-a2d8-4de2-bff7-83bd68a68175"
    },
    "C:\\Users\\lenovo\\Desktop\\tank7.3.1\\assets\\text\\bullet.ts.meta": {
      "time": 1720063917108.5806
    },
    "C:\\Users\\lenovo\\Desktop\\tank7.3.1\\assets\\text\\bullet.ts": {
      "time": 1720065422103.2878,
      "uuid": "82eb8b8b-d44e-40ea-a107-a24ff1bfa5b0"
    },
    "C:\\Users\\lenovo\\Desktop\\tank7.3.1\\assets\\photo\\tank0photo.meta": {
      "time": 1720074999238.3894
    },
    "C:\\Users\\lenovo\\Desktop\\tank7.3.1\\assets\\photo\\tank0photo\\tank0down.png.meta": {
      "time": 1720074999272.7192
    },
    "C:\\Users\\lenovo\\Desktop\\tank7.3.1\\assets\\photo\\tank0photo\\tank0left.png.meta": {
      "time": 1720074999267.7146
    },
    "C:\\Users\\lenovo\\Desktop\\tank7.3.1\\assets\\photo\\tank0photo\\tank0right.png.meta": {
      "time": 1720074999270.7202
    },
    "C:\\Users\\lenovo\\Desktop\\tank7.3.1\\assets\\photo\\tank0photo\\tank0up.png.meta": {
      "time": 1720074999263.1863
    },
    "C:\\Users\\lenovo\\Desktop\\tank7.3.1\\assets\\photo\\tank0photo": {
      "time": 1720075010919.2676,
      "uuid": "2ae6cb9a-9146-448a-95b9-bde68093adae"
    },
    "C:\\Users\\lenovo\\Desktop\\tank7.3.1\\assets\\photo\\tank0photo\\tank0up.png": {
      "time": 1719994789358.8672,
      "uuid": "7effe23c-079c-410c-bcf4-006b38fc31cd"
    },
    "C:\\Users\\lenovo\\Desktop\\tank7.3.1\\assets\\photo\\tank0photo\\tank0left.png": {
      "time": 1719994769459.5962,
      "uuid": "31386f02-ee31-4e90-9b2d-3a9b00f42098"
    },
    "C:\\Users\\lenovo\\Desktop\\tank7.3.1\\assets\\photo\\tank0photo\\tank0right.png": {
      "time": 1720060252993.5874,
      "uuid": "7c657c60-537b-4ff7-ba92-bcf29ba31d54"
    },
    "C:\\Users\\lenovo\\Desktop\\tank7.3.1\\assets\\photo\\tank0photo\\tank0down.png": {
      "time": 1720057759680.7268,
      "uuid": "79060037-715c-435a-9aa1-9b588aed1ee4"
    },
    "C:\\Users\\lenovo\\Desktop\\tank7.3.1\\assets\\photo\\tank1photo.meta": {
      "time": 1720075007372.621
    },
    "C:\\Users\\lenovo\\Desktop\\tank7.3.1\\assets\\photo\\tank1photo": {
      "time": 1720075007361.512,
      "uuid": "cd0a8e24-d866-4f31-a827-d59216a0c652"
    },
    "C:\\Users\\lenovo\\Desktop\\tank7.3.1\\assets\\photo\\tank1photo\\tank1right.png.meta": {
      "time": 1720075007405.5596
    },
    "C:\\Users\\lenovo\\Desktop\\tank7.3.1\\assets\\photo\\tank1photo\\tank1right.png": {
      "time": 1720062551055.0308,
      "uuid": "81abb380-8484-47bc-8779-c0836099d153"
    },
    "C:\\Users\\lenovo\\Desktop\\tank7.3.1\\assets\\photo\\tank1photo\\tank1down.png.meta": {
      "time": 1720075007400.508
    },
    "C:\\Users\\lenovo\\Desktop\\tank7.3.1\\assets\\photo\\tank1photo\\tank1down.png": {
      "time": 1720057772610.5452,
      "uuid": "86942f5b-6f21-4bc4-a831-312a83475ce8"
    },
    "C:\\Users\\lenovo\\Desktop\\tank7.3.1\\assets\\photo\\tank1photo\\tank1up.png.meta": {
      "time": 1720075007407.56
    },
    "C:\\Users\\lenovo\\Desktop\\tank7.3.1\\assets\\photo\\tank1photo\\tank1up.png": {
      "time": 1720062537832.1194,
      "uuid": "9ae0bd82-2d48-4a71-868b-f06d9956cfdf"
    },
    "C:\\Users\\lenovo\\Desktop\\tank7.3.1\\assets\\photo\\tank1photo\\tank1left.png.meta": {
      "time": 1720075007402.5044
    },
    "C:\\Users\\lenovo\\Desktop\\tank7.3.1\\assets\\photo\\tank1photo\\tank1left.png": {
      "time": 1719994855441.9287,
      "uuid": "11990de5-ac55-4db1-afae-991f63f38914"
    },
    "C:\\Users\\lenovo\\Desktop\\tank7.4.15\\assets\\map": {
      "time": 1720163031716.4927,
      "uuid": "2f042a5a-a82b-4598-aa7c-1a66cd590fa9"
    },
    "C:\\Users\\lenovo\\Desktop\\tank7.4.15\\assets\\photo": {
      "time": 1720163277870.0273,
      "uuid": "2e86899f-ecc6-4cda-aa60-a277ed418bf9"
    },
    "C:\\Users\\lenovo\\Desktop\\tank7.4.15\\assets\\Prefabs": {
      "time": 1720145824673.7505,
      "uuid": "f17a33e8-fcc1-487f-b5b7-019231f92fcb"
    },
    "C:\\Users\\lenovo\\Desktop\\tank7.4.15\\assets\\text": {
      "time": 1720150332913.7932,
      "uuid": "da66a686-fdaf-4c0f-a9b8-793763f22bcd"
    },
    "C:\\Users\\lenovo\\Desktop\\tank7.4.15\\assets\\photo\\tank0photo": {
      "time": 1720163277866.0283,
      "uuid": "2ae6cb9a-9146-448a-95b9-bde68093adae"
    },
    "C:\\Users\\lenovo\\Desktop\\tank7.4.15\\assets\\photo\\tank1photo": {
      "time": 1720163277886.3608,
      "uuid": "cd0a8e24-d866-4f31-a827-d59216a0c652"
    },
    "C:\\Users\\lenovo\\Desktop\\tank7.4.15\\assets\\text\\background.ts": {
      "time": 1719888234980.8416,
      "uuid": "b50dccee-a23f-4bd3-aff8-f67067d0d69b"
    },
    "C:\\Users\\lenovo\\Desktop\\tank7.4.15\\assets\\text\\firedirection0.ts": {
      "time": 1720161716157.33,
      "uuid": "03b5b70c-f874-4daf-a3ab-5f8ecd787a7f"
    },
    "C:\\Users\\lenovo\\Desktop\\tank7.4.15\\assets\\text\\firedirection1.ts": {
      "time": 1720162156787.193,
      "uuid": "acf90797-a929-4d3d-8920-3d19cf3e3fe2"
    },
    "C:\\Users\\lenovo\\Desktop\\tank7.4.15\\assets\\text\\tank0.ts": {
      "time": 1720162017355.2134,
      "uuid": "3f68566e-2dce-4cb2-9ea6-e66931227e03"
    },
    "C:\\Users\\lenovo\\Desktop\\tank7.4.15\\assets\\text\\tank1.ts": {
      "time": 1720162206231.2952,
      "uuid": "20c591ef-2140-4806-bea8-a7519cd3af9d"
    },
    "C:\\Users\\lenovo\\Desktop\\tank7.4.15\\assets\\map.meta": {
      "time": 1719909876874.9436
    },
    "C:\\Users\\lenovo\\Desktop\\tank7.4.15\\assets\\photo.meta": {
      "time": 1719817358518.189
    },
    "C:\\Users\\lenovo\\Desktop\\tank7.4.15\\assets\\Prefabs.meta": {
      "time": 1720057249404.33
    },
    "C:\\Users\\lenovo\\Desktop\\tank7.4.15\\assets\\text.meta": {
      "time": 1719817843528.148
    },
    "C:\\Users\\lenovo\\Desktop\\tank7.4.15\\assets\\photo\\tank0photo.meta": {
      "time": 1720163166946.0173
    },
    "C:\\Users\\lenovo\\Desktop\\tank7.4.15\\assets\\photo\\tank1photo.meta": {
      "time": 1720163167383.2988
    },
    "C:\\Users\\lenovo\\Desktop\\tank7.4.15\\assets\\text\\background.ts.meta": {
      "time": 1719818065754.8135
    },
    "C:\\Users\\lenovo\\Desktop\\tank7.4.15\\assets\\text\\firedirection0.ts.meta": {
      "time": 1719988390368.119
    },
    "C:\\Users\\lenovo\\Desktop\\tank7.4.15\\assets\\text\\firedirection1.ts.meta": {
      "time": 1719992294805.4949
    },
    "C:\\Users\\lenovo\\Desktop\\tank7.4.15\\assets\\text\\tank0.ts.meta": {
      "time": 1719817834048.3762
    },
    "C:\\Users\\lenovo\\Desktop\\tank7.4.15\\assets\\text\\tank1.ts.meta": {
      "time": 1719887550882.8389
    },
    "C:\\Users\\lenovo\\Desktop\\tank7.4.15\\assets\\map\\alonemap2.scene": {
      "time": 1719909970259.7168,
      "uuid": "36291188-d37d-4b4f-a128-588f20d16162"
    },
    "C:\\Users\\lenovo\\Desktop\\tank7.4.15\\assets\\map\\doublemap.scene": {
      "time": 1719909894392.0686,
      "uuid": "56c94625-6c31-4bd5-90fe-90c9552fdc01"
    },
    "C:\\Users\\lenovo\\Desktop\\tank7.4.15\\assets\\map\\scene-2d.scene": {
      "time": 1720162846268.0598,
      "uuid": "d506c42d-a2d8-4de2-bff7-83bd68a68175"
    },
    "C:\\Users\\lenovo\\Desktop\\tank7.4.15\\assets\\Prefabs\\bulletnode0.prefab": {
      "time": 1720162835115.006,
      "uuid": "ba9b86be-3ecc-48ba-a83b-02ca9cefad71"
    },
    "C:\\Users\\lenovo\\Desktop\\tank7.4.15\\assets\\Prefabs\\bulletnode1.prefab": {
      "time": 1720139808122.5857,
      "uuid": "380ca9d3-3ed1-4bb4-a284-ff95f9508893"
    },
    "C:\\Users\\lenovo\\Desktop\\tank7.4.15\\assets\\Prefabs\\test.prefab": {
      "time": 1720057543017.2493,
      "uuid": "20d61344-99a4-436a-9888-23d50770a1d2"
    },
    "C:\\Users\\lenovo\\Desktop\\tank7.4.15\\assets\\photo\\tank0photo\\tank0down.png": {
      "time": 1720163171812.135,
      "uuid": "79060037-715c-435a-9aa1-9b588aed1ee4"
    },
    "C:\\Users\\lenovo\\Desktop\\tank7.4.15\\assets\\photo\\tank0photo\\tank0left.png": {
      "time": 1720163172751.913,
      "uuid": "31386f02-ee31-4e90-9b2d-3a9b00f42098"
    },
    "C:\\Users\\lenovo\\Desktop\\tank7.4.15\\assets\\photo\\tank0photo\\tank0right.png": {
      "time": 1720163173747.2373,
      "uuid": "7c657c60-537b-4ff7-ba92-bcf29ba31d54"
    },
    "C:\\Users\\lenovo\\Desktop\\tank7.4.15\\assets\\photo\\tank0photo\\tank0up.png": {
      "time": 1720163174751.8945,
      "uuid": "7effe23c-079c-410c-bcf4-006b38fc31cd"
    },
    "C:\\Users\\lenovo\\Desktop\\tank7.4.15\\assets\\photo\\tank1photo\\tank1down.png": {
      "time": 1720163167992.256,
      "uuid": "86942f5b-6f21-4bc4-a831-312a83475ce8"
    },
    "C:\\Users\\lenovo\\Desktop\\tank7.4.15\\assets\\photo\\tank1photo\\tank1left.png": {
      "time": 1720163168937.283,
      "uuid": "11990de5-ac55-4db1-afae-991f63f38914"
    },
    "C:\\Users\\lenovo\\Desktop\\tank7.4.15\\assets\\photo\\tank1photo\\tank1right.png": {
      "time": 1720163169894.9492,
      "uuid": "81abb380-8484-47bc-8779-c0836099d153"
    },
    "C:\\Users\\lenovo\\Desktop\\tank7.4.15\\assets\\photo\\tank1photo\\tank1up.png": {
      "time": 1720163170829.0989,
      "uuid": "9ae0bd82-2d48-4a71-868b-f06d9956cfdf"
    },
    "C:\\Users\\lenovo\\Desktop\\tank7.4.15\\assets\\map\\alonemap1.scene.meta": {
      "time": 1720163006034.9353
    },
    "C:\\Users\\lenovo\\Desktop\\tank7.4.15\\assets\\map\\scene-2d.scene.meta": {
      "time": 1719814456107.5046
    },
    "C:\\Users\\lenovo\\Desktop\\tank7.4.15\\assets\\map\\doublemap.scene.meta": {
      "time": 1719909815504.949
    },
    "C:\\Users\\lenovo\\Desktop\\tank7.4.15\\assets\\Prefabs\\bulletnode0.prefab.meta": {
      "time": 1720057292790
    },
    "C:\\Users\\lenovo\\Desktop\\tank7.4.15\\assets\\map\\alonemap2.scene.meta": {
      "time": 1719909970272.8928
    },
    "C:\\Users\\lenovo\\Desktop\\tank7.4.15\\assets\\Prefabs\\bulletnode1.prefab.meta": {
      "time": 1720057299929.0166
    },
    "C:\\Users\\lenovo\\Desktop\\tank7.4.15\\assets\\Prefabs\\test.prefab.meta": {
      "time": 1720057542996.239
    },
    "C:\\Users\\lenovo\\Desktop\\tank7.4.15\\assets\\photo\\tank0photo\\tank0right.png.meta": {
      "time": 1720163174121.4817
    },
    "C:\\Users\\lenovo\\Desktop\\tank7.4.15\\assets\\photo\\tank0photo\\tank0down.png.meta": {
      "time": 1720163172198.0454
    },
    "C:\\Users\\lenovo\\Desktop\\tank7.4.15\\assets\\photo\\tank0photo\\tank0left.png.meta": {
      "time": 1720163173183.0671
    },
    "C:\\Users\\lenovo\\Desktop\\tank7.4.15\\assets\\photo\\tank1photo\\tank1down.png.meta": {
      "time": 1720163168380.032
    },
    "C:\\Users\\lenovo\\Desktop\\tank7.4.15\\assets\\photo\\tank0photo\\tank0up.png.meta": {
      "time": 1720163175166.7615
    },
    "C:\\Users\\lenovo\\Desktop\\tank7.4.15\\assets\\photo\\tank1photo\\tank1left.png.meta": {
      "time": 1720163169351.9407
    },
    "C:\\Users\\lenovo\\Desktop\\tank7.4.15\\assets\\photo\\tank1photo\\tank1right.png.meta": {
      "time": 1720163170307.1284
    },
    "C:\\Users\\lenovo\\Desktop\\tank7.4.15\\assets\\photo\\tank1photo\\tank1up.png.meta": {
      "time": 1720163171279.3733
    },
    "C:\\Users\\lenovo\\Desktop\\tank7.4.15\\assets\\text\\bullet1.ts.meta": {
      "time": 1720080254615.432
    },
    "C:\\Users\\lenovo\\Desktop\\tank7.4.15\\assets\\text\\bullet1.ts": {
      "time": 1720139701970.0176,
      "uuid": "f16fb09b-91b4-4c02-a6b3-6e460f7ab65c"
    },
    "C:\\Users\\lenovo\\Desktop\\tank7.4.15\\assets\\text\\bullet0.ts.meta": {
      "time": 1720063917108.5806
    },
    "C:\\Users\\lenovo\\Desktop\\tank7.4.15\\assets\\text\\bullet0.ts": {
      "time": 1720139694275.7866,
      "uuid": "82eb8b8b-d44e-40ea-a107-a24ff1bfa5b0"
    },
    "C:\\Users\\lenovo\\Desktop\\tank7.4.15\\assets\\Prefabs\\tank0.prefab.meta": {
      "time": 1720081127973.5076
    },
    "C:\\Users\\lenovo\\Desktop\\tank7.4.15\\assets\\Prefabs\\tank0.prefab": {
      "time": 1720163552093.7861,
      "uuid": "f4845990-e17f-411e-b3a6-fa50eff4b210"
    },
    "C:\\Users\\lenovo\\Desktop\\tank7.4.15\\assets\\Prefabs\\tank1.prefab.meta": {
      "time": 1720081130711.008
    },
    "C:\\Users\\lenovo\\Desktop\\tank7.4.15\\assets\\Prefabs\\tank1.prefab": {
      "time": 1720163680069.0825,
      "uuid": "44ea65dd-dcbb-4c3b-8483-488681b996e9"
    },
    "C:\\Users\\lenovo\\Desktop\\tank7.4.15\\assets\\Prefabs\\specialwall.prefab.meta": {
      "time": 1720081297598.0557
    },
    "C:\\Users\\lenovo\\Desktop\\tank7.4.15\\assets\\Prefabs\\specialwall.prefab": {
      "time": 1720081297596.0564,
      "uuid": "6ca093f6-d9c8-4da3-b662-26605666a6b4"
    },
    "C:\\Users\\lenovo\\Desktop\\tank7.4.15\\assets\\Prefabs\\normalwall.prefab.meta": {
      "time": 1720081304582.2615
    },
    "C:\\Users\\lenovo\\Desktop\\tank7.4.15\\assets\\Prefabs\\normalwall.prefab": {
      "time": 1720140074885.1826,
      "uuid": "e60f8133-d0ce-45d5-be91-de2e4ceed063"
    },
    "C:\\Users\\lenovo\\Desktop\\tank7.4.15\\assets\\text\\specialwall.ts.meta": {
      "time": 1719822093830.2454
    },
    "C:\\Users\\lenovo\\Desktop\\tank7.4.15\\assets\\text\\specialwall.ts": {
      "time": 1720082215474.1475,
      "uuid": "acd0e859-2f9d-48e7-86ef-f0f36fff76b5"
    },
    "C:\\Users\\lenovo\\Desktop\\tank7.4.15\\assets\\text\\normalwall.ts.meta": {
      "time": 1719908645514.97
    },
    "C:\\Users\\lenovo\\Desktop\\tank7.4.15\\assets\\text\\normalwall.ts": {
      "time": 1720082208842.0488,
      "uuid": "fbe250b1-87fa-4ae2-ad8d-019463cf0bec"
    },
    "C:\\Users\\lenovo\\Desktop\\tank7.4.15\\assets\\photo\\gameobject.meta": {
      "time": 1720141420651.4824
    },
    "C:\\Users\\lenovo\\Desktop\\tank7.4.15\\assets\\photo\\gameobject\\01ca855af00465a801206aba5e6792.png@1280w_1l_2o_100sh.png.meta": {
      "time": 1720141424851.2603
    },
    "C:\\Users\\lenovo\\Desktop\\tank7.4.15\\assets\\Prefabs\\gameobject.meta": {
      "time": 1720145824675.7505
    },
    "C:\\Users\\lenovo\\Desktop\\tank7.4.15\\assets\\Prefabs\\gameobject": {
      "time": 1720150965975.2485,
      "uuid": "6f9e6cba-3236-4aef-bf44-5e64592d1def"
    },
    "C:\\Users\\lenovo\\Desktop\\tank7.4.15\\assets\\Prefabs\\gameobject\\movefastobject.prefab.meta": {
      "time": 1720145835764.599
    },
    "C:\\Users\\lenovo\\Desktop\\tank7.4.15\\assets\\Prefabs\\gameobject\\movefastobject.prefab": {
      "time": 1720147454559.2039,
      "uuid": "389042f7-6033-4238-aab8-7bd1e05b2b3c"
    },
    "C:\\Users\\lenovo\\Desktop\\tank7.4.15\\assets\\text\\obj-movefast.ts.meta": {
      "time": 1720147218238.2266
    },
    "C:\\Users\\lenovo\\Desktop\\tank7.4.15\\assets\\text\\obj-movefast.ts": {
      "time": 1720149876844.8718,
      "uuid": "d97475ad-cfc1-4cd4-9610-adb598f10e24"
    },
    "C:\\Users\\lenovo\\Desktop\\tank7.4.15\\assets\\text\\obj-firefast.ts.meta": {
      "time": 1720147259376.3428
    },
    "C:\\Users\\lenovo\\Desktop\\tank7.4.15\\assets\\text\\obj-firefast.ts": {
      "time": 1720161584978.6929,
      "uuid": "16e0d0d3-919c-4e68-85ba-456f9c957156"
    },
    "C:\\Users\\lenovo\\Desktop\\tank7.4.15\\assets\\text\\cheat-test.ts.meta": {
      "time": 1720148174667.7246
    },
    "C:\\Users\\lenovo\\Desktop\\tank7.4.15\\assets\\text\\cheat-test.ts": {
      "time": 1720152036976.5713,
      "uuid": "e5373e99-7c5d-4fae-8e0c-5e723ffc57e8"
    },
    "C:\\Users\\lenovo\\Desktop\\tank7.4.15\\assets\\Prefabs\\gameobject\\firefastobject.prefab.meta": {
      "time": 1720150965989.0205
    },
    "C:\\Users\\lenovo\\Desktop\\tank7.4.15\\assets\\Prefabs\\gameobject\\firefastobject.prefab": {
      "time": 1720151021094.7585,
      "uuid": "32792995-a6b9-4857-9271-dd77472da8b6"
    },
    "C:\\Users\\lenovo\\Desktop\\tank7.4.15\\assets\\photo\\environment": {
      "time": 1720163277806.5085,
      "uuid": "c8953662-c0c0-4642-827f-53ea78dd426c"
    },
    "C:\\Users\\lenovo\\Desktop\\tank7.4.15\\assets\\photo\\qiangphoto": {
      "time": 1720163277846.1707,
      "uuid": "0ba798e7-1fa6-4f52-92a2-9e090392f8ac"
    },
    "C:\\Users\\lenovo\\Desktop\\tank7.4.15\\assets\\photo\\environment.meta": {
      "time": 1720163166072.344
    },
    "C:\\Users\\lenovo\\Desktop\\tank7.4.15\\assets\\photo\\qiangphoto.meta": {
      "time": 1720163166507.8848
    },
    "C:\\Users\\lenovo\\Desktop\\tank7.4.15\\assets\\photo\\environment\\grass.png": {
      "time": 1720163188305.9644,
      "uuid": "61e3633d-584e-4df2-aef3-3905031527a3"
    },
    "C:\\Users\\lenovo\\Desktop\\tank7.4.15\\assets\\photo\\environment\\groud.png": {
      "time": 1720163189168.8943,
      "uuid": "c4a35f7a-917c-4a35-a54a-75bf6a994f27"
    },
    "C:\\Users\\lenovo\\Desktop\\tank7.4.15\\assets\\photo\\environment\\water.png": {
      "time": 1720163190025.2139,
      "uuid": "0adc66f2-57eb-4925-b1e0-dc201377601e"
    },
    "C:\\Users\\lenovo\\Desktop\\tank7.4.15\\assets\\photo\\qiangphoto\\wallbaba.png": {
      "time": 1720163179919.9927,
      "uuid": "6f4407e3-d16b-4e87-9232-1a78c16d56d3"
    },
    "C:\\Users\\lenovo\\Desktop\\tank7.4.15\\assets\\photo\\qiangphoto\\屏幕截图 2024-07-03 151331.png": {
      "time": 1720163180803.5054,
      "uuid": "6c51f436-0e09-4c71-b9b2-aa7bf331791e"
    },
    "C:\\Users\\lenovo\\Desktop\\tank7.4.15\\assets\\photo\\qiangphoto\\屏幕截图 2024-07-03 151339.png": {
      "time": 1720163181752.1077,
      "uuid": "9fd26fef-3a67-4141-ab86-76d327ccb0a7"
    },
    "C:\\Users\\lenovo\\Desktop\\tank7.4.15\\assets\\photo\\qiangphoto\\屏幕截图 2024-07-03 151343.png": {
      "time": 1720163182628.4902,
      "uuid": "0c0d9845-1ca8-47b5-adc3-af07310cc0fe"
    },
    "C:\\Users\\lenovo\\Desktop\\tank7.4.15\\assets\\photo\\qiangphoto\\屏幕截图 2024-07-03 151352.png": {
      "time": 1720163183655.473,
      "uuid": "8a610c28-8779-4bd6-b80f-b5de6be1735f"
    },
    "C:\\Users\\lenovo\\Desktop\\tank7.4.15\\assets\\photo\\qiangphoto\\屏幕截图 2024-07-03 151416.png": {
      "time": 1720163184545.168,
      "uuid": "bcf59bb8-034f-48a8-bf23-04fceb7ed2f7"
    },
    "C:\\Users\\lenovo\\Desktop\\tank7.4.15\\assets\\photo\\qiangphoto\\屏幕截图 2024-07-03 151421.png": {
      "time": 1720163185556.0996,
      "uuid": "d7aeb0eb-4295-4242-b8a6-9d70b4f75f96"
    },
    "C:\\Users\\lenovo\\Desktop\\tank7.4.15\\assets\\photo\\qiangphoto\\屏幕截图 2024-07-03 151424.png": {
      "time": 1720163186500.1294,
      "uuid": "f36a79e0-34c3-4f97-83a7-0b9e92ed4169"
    },
    "C:\\Users\\lenovo\\Desktop\\tank7.4.15\\assets\\photo\\qiangphoto\\屏幕截图 2024-07-03 151431.png": {
      "time": 1720163187428.0173,
      "uuid": "bd81fa4a-9eae-4f0c-9685-82ddedcc0a04"
    },
    "C:\\Users\\lenovo\\Desktop\\tank7.4.15\\assets\\photo\\environment\\water.png.meta": {
      "time": 1720163190463.1748
    },
    "C:\\Users\\lenovo\\Desktop\\tank7.4.15\\assets\\photo\\environment\\grass.png.meta": {
      "time": 1720163188699.6064
    },
    "C:\\Users\\lenovo\\Desktop\\tank7.4.15\\assets\\photo\\environment\\groud.png.meta": {
      "time": 1720163189592.0493
    },
    "C:\\Users\\lenovo\\Desktop\\tank7.4.15\\assets\\photo\\qiangphoto\\屏幕截图 2024-07-03 151331.png.meta": {
      "time": 1720163181226.2517
    },
    "C:\\Users\\lenovo\\Desktop\\tank7.4.15\\assets\\photo\\qiangphoto\\wallbaba.png.meta": {
      "time": 1720163180355.4143
    },
    "C:\\Users\\lenovo\\Desktop\\tank7.4.15\\assets\\photo\\qiangphoto\\屏幕截图 2024-07-03 151339.png.meta": {
      "time": 1720163182178.9294
    },
    "C:\\Users\\lenovo\\Desktop\\tank7.4.15\\assets\\photo\\qiangphoto\\屏幕截图 2024-07-03 151343.png.meta": {
      "time": 1720163183061.9893
    },
    "C:\\Users\\lenovo\\Desktop\\tank7.4.15\\assets\\photo\\qiangphoto\\屏幕截图 2024-07-03 151416.png.meta": {
      "time": 1720163185045.427
    },
    "C:\\Users\\lenovo\\Desktop\\tank7.4.15\\assets\\photo\\qiangphoto\\屏幕截图 2024-07-03 151352.png.meta": {
      "time": 1720163184027.427
    },
    "C:\\Users\\lenovo\\Desktop\\tank7.4.15\\assets\\photo\\qiangphoto\\屏幕截图 2024-07-03 151421.png.meta": {
      "time": 1720163185981.3206
    },
    "C:\\Users\\lenovo\\Desktop\\tank7.4.15\\assets\\photo\\qiangphoto\\屏幕截图 2024-07-03 151424.png.meta": {
      "time": 1720163186929.465
    },
    "C:\\Users\\lenovo\\Desktop\\tank7.4.15\\assets\\photo\\qiangphoto\\屏幕截图 2024-07-03 151431.png.meta": {
      "time": 1720163187854.5564
    },
    "C:\\Users\\lenovo\\Desktop\\tank7.5.15\\assets\\map": {
      "time": 1720164092387.0977,
      "uuid": "2f042a5a-a82b-4598-aa7c-1a66cd590fa9"
    },
    "C:\\Users\\lenovo\\Desktop\\tank7.5.15\\assets\\photo": {
      "time": 1720163277870.0273,
      "uuid": "2e86899f-ecc6-4cda-aa60-a277ed418bf9"
    },
    "C:\\Users\\lenovo\\Desktop\\tank7.5.15\\assets\\Prefabs": {
      "time": 1720145824673.7505,
      "uuid": "f17a33e8-fcc1-487f-b5b7-019231f92fcb"
    },
    "C:\\Users\\lenovo\\Desktop\\tank7.5.15\\assets\\text": {
      "time": 1720150332913.7932,
      "uuid": "da66a686-fdaf-4c0f-a9b8-793763f22bcd"
    },
    "C:\\Users\\lenovo\\Desktop\\tank7.5.15\\assets\\photo\\environment": {
      "time": 1720163277806.5085,
      "uuid": "c8953662-c0c0-4642-827f-53ea78dd426c"
    },
    "C:\\Users\\lenovo\\Desktop\\tank7.5.15\\assets\\photo\\qiangphoto": {
      "time": 1720163277846.1707,
      "uuid": "0ba798e7-1fa6-4f52-92a2-9e090392f8ac"
    },
    "C:\\Users\\lenovo\\Desktop\\tank7.5.15\\assets\\photo\\tank0photo": {
      "time": 1720163277866.0283,
      "uuid": "2ae6cb9a-9146-448a-95b9-bde68093adae"
    },
    "C:\\Users\\lenovo\\Desktop\\tank7.5.15\\assets\\photo\\tank1photo": {
      "time": 1720163277886.3608,
      "uuid": "cd0a8e24-d866-4f31-a827-d59216a0c652"
    },
    "C:\\Users\\lenovo\\Desktop\\tank7.5.15\\assets\\Prefabs\\gameobject": {
      "time": 1720150965975.2485,
      "uuid": "6f9e6cba-3236-4aef-bf44-5e64592d1def"
    },
    "C:\\Users\\lenovo\\Desktop\\tank7.5.15\\assets\\text\\background.ts": {
      "time": 1719888234980.8416,
      "uuid": "b50dccee-a23f-4bd3-aff8-f67067d0d69b"
    },
    "C:\\Users\\lenovo\\Desktop\\tank7.5.15\\assets\\text\\bullet0.ts": {
      "time": 1720139694275.7866,
      "uuid": "82eb8b8b-d44e-40ea-a107-a24ff1bfa5b0"
    },
    "C:\\Users\\lenovo\\Desktop\\tank7.5.15\\assets\\text\\bullet1.ts": {
      "time": 1720139701970.0176,
      "uuid": "f16fb09b-91b4-4c02-a6b3-6e460f7ab65c"
    },
    "C:\\Users\\lenovo\\Desktop\\tank7.5.15\\assets\\text\\cheat-test.ts": {
      "time": 1720152036976.5713,
      "uuid": "e5373e99-7c5d-4fae-8e0c-5e723ffc57e8"
    },
    "C:\\Users\\lenovo\\Desktop\\tank7.5.15\\assets\\text\\firedirection0.ts": {
      "time": 1720161716157.33,
      "uuid": "03b5b70c-f874-4daf-a3ab-5f8ecd787a7f"
    },
    "C:\\Users\\lenovo\\Desktop\\tank7.5.15\\assets\\text\\firedirection1.ts": {
      "time": 1720162156787.193,
      "uuid": "acf90797-a929-4d3d-8920-3d19cf3e3fe2"
    },
    "C:\\Users\\lenovo\\Desktop\\tank7.5.15\\assets\\text\\normalwall.ts": {
      "time": 1720082208842.0488,
      "uuid": "fbe250b1-87fa-4ae2-ad8d-019463cf0bec"
    },
    "C:\\Users\\lenovo\\Desktop\\tank7.5.15\\assets\\text\\obj-firefast.ts": {
      "time": 1720161584978.6929,
      "uuid": "16e0d0d3-919c-4e68-85ba-456f9c957156"
    },
    "C:\\Users\\lenovo\\Desktop\\tank7.5.15\\assets\\text\\obj-movefast.ts": {
      "time": 1720149876844.8718,
      "uuid": "d97475ad-cfc1-4cd4-9610-adb598f10e24"
    },
    "C:\\Users\\lenovo\\Desktop\\tank7.5.15\\assets\\text\\specialwall.ts": {
      "time": 1720082215474.1475,
      "uuid": "acd0e859-2f9d-48e7-86ef-f0f36fff76b5"
    },
    "C:\\Users\\lenovo\\Desktop\\tank7.5.15\\assets\\text\\tank0.ts": {
      "time": 1720162017355.2134,
      "uuid": "3f68566e-2dce-4cb2-9ea6-e66931227e03"
    },
    "C:\\Users\\lenovo\\Desktop\\tank7.5.15\\assets\\text\\tank1.ts": {
      "time": 1720162206231.2952,
      "uuid": "20c591ef-2140-4806-bea8-a7519cd3af9d"
    },
    "C:\\Users\\lenovo\\Desktop\\tank7.5.15\\assets\\map.meta": {
      "time": 1719909876874.9436
    },
    "C:\\Users\\lenovo\\Desktop\\tank7.5.15\\assets\\photo.meta": {
      "time": 1719817358518.189
    },
    "C:\\Users\\lenovo\\Desktop\\tank7.5.15\\assets\\Prefabs.meta": {
      "time": 1720057249404.33
    },
    "C:\\Users\\lenovo\\Desktop\\tank7.5.15\\assets\\text.meta": {
      "time": 1719817843528.148
    },
    "C:\\Users\\lenovo\\Desktop\\tank7.5.15\\assets\\photo\\environment.meta": {
      "time": 1720163166072.344
    },
    "C:\\Users\\lenovo\\Desktop\\tank7.5.15\\assets\\photo\\qiangphoto.meta": {
      "time": 1720163166507.8848
    },
    "C:\\Users\\lenovo\\Desktop\\tank7.5.15\\assets\\photo\\tank0photo.meta": {
      "time": 1720163166946.0173
    },
    "C:\\Users\\lenovo\\Desktop\\tank7.5.15\\assets\\photo\\tank1photo.meta": {
      "time": 1720163167383.2988
    },
    "C:\\Users\\lenovo\\Desktop\\tank7.5.15\\assets\\Prefabs\\gameobject.meta": {
      "time": 1720145824675.7505
    },
    "C:\\Users\\lenovo\\Desktop\\tank7.5.15\\assets\\text\\background.ts.meta": {
      "time": 1719818065754.8135
    },
    "C:\\Users\\lenovo\\Desktop\\tank7.5.15\\assets\\text\\bullet0.ts.meta": {
      "time": 1720063917108.5806
    },
    "C:\\Users\\lenovo\\Desktop\\tank7.5.15\\assets\\text\\bullet1.ts.meta": {
      "time": 1720080254615.432
    },
    "C:\\Users\\lenovo\\Desktop\\tank7.5.15\\assets\\text\\cheat-test.ts.meta": {
      "time": 1720148174667.7246
    },
    "C:\\Users\\lenovo\\Desktop\\tank7.5.15\\assets\\text\\firedirection0.ts.meta": {
      "time": 1719988390368.119
    },
    "C:\\Users\\lenovo\\Desktop\\tank7.5.15\\assets\\text\\firedirection1.ts.meta": {
      "time": 1719992294805.4949
    },
    "C:\\Users\\lenovo\\Desktop\\tank7.5.15\\assets\\text\\normalwall.ts.meta": {
      "time": 1719908645514.97
    },
    "C:\\Users\\lenovo\\Desktop\\tank7.5.15\\assets\\text\\obj-firefast.ts.meta": {
      "time": 1720147259376.3428
    },
    "C:\\Users\\lenovo\\Desktop\\tank7.5.15\\assets\\text\\obj-movefast.ts.meta": {
      "time": 1720147218238.2266
    },
    "C:\\Users\\lenovo\\Desktop\\tank7.5.15\\assets\\text\\specialwall.ts.meta": {
      "time": 1719822093830.2454
    },
    "C:\\Users\\lenovo\\Desktop\\tank7.5.15\\assets\\text\\tank0.ts.meta": {
      "time": 1719817834048.3762
    },
    "C:\\Users\\lenovo\\Desktop\\tank7.5.15\\assets\\text\\tank1.ts.meta": {
      "time": 1719887550882.8389
    },
    "C:\\Users\\lenovo\\Desktop\\tank7.5.15\\assets\\map\\alonemap2.scene": {
      "time": 1719909970259.7168,
      "uuid": "36291188-d37d-4b4f-a128-588f20d16162"
    },
    "C:\\Users\\lenovo\\Desktop\\tank7.5.15\\assets\\map\\doublemap.scene": {
      "time": 1719909894392.0686,
      "uuid": "56c94625-6c31-4bd5-90fe-90c9552fdc01"
    },
    "C:\\Users\\lenovo\\Desktop\\tank7.5.15\\assets\\Prefabs\\bulletnode0.prefab": {
      "time": 1720162835115.006,
      "uuid": "ba9b86be-3ecc-48ba-a83b-02ca9cefad71"
    },
    "C:\\Users\\lenovo\\Desktop\\tank7.5.15\\assets\\Prefabs\\bulletnode1.prefab": {
      "time": 1720139808122.5857,
      "uuid": "380ca9d3-3ed1-4bb4-a284-ff95f9508893"
    },
    "C:\\Users\\lenovo\\Desktop\\tank7.5.15\\assets\\Prefabs\\normalwall.prefab": {
      "time": 1720140074885.1826,
      "uuid": "e60f8133-d0ce-45d5-be91-de2e4ceed063"
    },
    "C:\\Users\\lenovo\\Desktop\\tank7.5.15\\assets\\Prefabs\\specialwall.prefab": {
      "time": 1720081297596.0564,
      "uuid": "6ca093f6-d9c8-4da3-b662-26605666a6b4"
    },
    "C:\\Users\\lenovo\\Desktop\\tank7.5.15\\assets\\Prefabs\\tank0.prefab": {
      "time": 1720163552093.7861,
      "uuid": "f4845990-e17f-411e-b3a6-fa50eff4b210"
    },
    "C:\\Users\\lenovo\\Desktop\\tank7.5.15\\assets\\Prefabs\\tank1.prefab": {
      "time": 1720163680069.0825,
      "uuid": "44ea65dd-dcbb-4c3b-8483-488681b996e9"
    },
    "C:\\Users\\lenovo\\Desktop\\tank7.5.15\\assets\\Prefabs\\test.prefab": {
      "time": 1720057543017.2493,
      "uuid": "20d61344-99a4-436a-9888-23d50770a1d2"
    },
    "C:\\Users\\lenovo\\Desktop\\tank7.5.15\\assets\\photo\\environment\\grass.png": {
      "time": 1720163188305.9644,
      "uuid": "61e3633d-584e-4df2-aef3-3905031527a3"
    },
    "C:\\Users\\lenovo\\Desktop\\tank7.5.15\\assets\\photo\\environment\\groud.png": {
      "time": 1720163189168.8943,
      "uuid": "c4a35f7a-917c-4a35-a54a-75bf6a994f27"
    },
    "C:\\Users\\lenovo\\Desktop\\tank7.5.15\\assets\\photo\\environment\\water.png": {
      "time": 1720163190025.2139,
      "uuid": "0adc66f2-57eb-4925-b1e0-dc201377601e"
    },
    "C:\\Users\\lenovo\\Desktop\\tank7.5.15\\assets\\photo\\qiangphoto\\wallbaba.png": {
      "time": 1720163179919.9927,
      "uuid": "6f4407e3-d16b-4e87-9232-1a78c16d56d3"
    },
    "C:\\Users\\lenovo\\Desktop\\tank7.5.15\\assets\\photo\\qiangphoto\\屏幕截图 2024-07-03 151331.png": {
      "time": 1720163180803.5054,
      "uuid": "6c51f436-0e09-4c71-b9b2-aa7bf331791e"
    },
    "C:\\Users\\lenovo\\Desktop\\tank7.5.15\\assets\\photo\\qiangphoto\\屏幕截图 2024-07-03 151339.png": {
      "time": 1720163181752.1077,
      "uuid": "9fd26fef-3a67-4141-ab86-76d327ccb0a7"
    },
    "C:\\Users\\lenovo\\Desktop\\tank7.5.15\\assets\\photo\\qiangphoto\\屏幕截图 2024-07-03 151343.png": {
      "time": 1720163182628.4902,
      "uuid": "0c0d9845-1ca8-47b5-adc3-af07310cc0fe"
    },
    "C:\\Users\\lenovo\\Desktop\\tank7.5.15\\assets\\photo\\qiangphoto\\屏幕截图 2024-07-03 151352.png": {
      "time": 1720163183655.473,
      "uuid": "8a610c28-8779-4bd6-b80f-b5de6be1735f"
    },
    "C:\\Users\\lenovo\\Desktop\\tank7.5.15\\assets\\photo\\qiangphoto\\屏幕截图 2024-07-03 151416.png": {
      "time": 1720163184545.168,
      "uuid": "bcf59bb8-034f-48a8-bf23-04fceb7ed2f7"
    },
    "C:\\Users\\lenovo\\Desktop\\tank7.5.15\\assets\\photo\\qiangphoto\\屏幕截图 2024-07-03 151421.png": {
      "time": 1720163185556.0996,
      "uuid": "d7aeb0eb-4295-4242-b8a6-9d70b4f75f96"
    },
    "C:\\Users\\lenovo\\Desktop\\tank7.5.15\\assets\\photo\\qiangphoto\\屏幕截图 2024-07-03 151424.png": {
      "time": 1720163186500.1294,
      "uuid": "f36a79e0-34c3-4f97-83a7-0b9e92ed4169"
    },
    "C:\\Users\\lenovo\\Desktop\\tank7.5.15\\assets\\photo\\qiangphoto\\屏幕截图 2024-07-03 151431.png": {
      "time": 1720163187428.0173,
      "uuid": "bd81fa4a-9eae-4f0c-9685-82ddedcc0a04"
    },
    "C:\\Users\\lenovo\\Desktop\\tank7.5.15\\assets\\photo\\tank0photo\\tank0down.png": {
      "time": 1720163171812.135,
      "uuid": "79060037-715c-435a-9aa1-9b588aed1ee4"
    },
    "C:\\Users\\lenovo\\Desktop\\tank7.5.15\\assets\\photo\\tank0photo\\tank0left.png": {
      "time": 1720163172751.913,
      "uuid": "31386f02-ee31-4e90-9b2d-3a9b00f42098"
    },
    "C:\\Users\\lenovo\\Desktop\\tank7.5.15\\assets\\photo\\tank0photo\\tank0right.png": {
      "time": 1720163173747.2373,
      "uuid": "7c657c60-537b-4ff7-ba92-bcf29ba31d54"
    },
    "C:\\Users\\lenovo\\Desktop\\tank7.5.15\\assets\\photo\\tank0photo\\tank0up.png": {
      "time": 1720163174751.8945,
      "uuid": "7effe23c-079c-410c-bcf4-006b38fc31cd"
    },
    "C:\\Users\\lenovo\\Desktop\\tank7.5.15\\assets\\photo\\tank1photo\\tank1down.png": {
      "time": 1720163167992.256,
      "uuid": "86942f5b-6f21-4bc4-a831-312a83475ce8"
    },
    "C:\\Users\\lenovo\\Desktop\\tank7.5.15\\assets\\photo\\tank1photo\\tank1left.png": {
      "time": 1720163168937.283,
      "uuid": "11990de5-ac55-4db1-afae-991f63f38914"
    },
    "C:\\Users\\lenovo\\Desktop\\tank7.5.15\\assets\\photo\\tank1photo\\tank1right.png": {
      "time": 1720163169894.9492,
      "uuid": "81abb380-8484-47bc-8779-c0836099d153"
    },
    "C:\\Users\\lenovo\\Desktop\\tank7.5.15\\assets\\photo\\tank1photo\\tank1up.png": {
      "time": 1720163170829.0989,
      "uuid": "9ae0bd82-2d48-4a71-868b-f06d9956cfdf"
    },
    "C:\\Users\\lenovo\\Desktop\\tank7.5.15\\assets\\Prefabs\\gameobject\\firefastobject.prefab": {
      "time": 1720151021094.7585,
      "uuid": "32792995-a6b9-4857-9271-dd77472da8b6"
    },
    "C:\\Users\\lenovo\\Desktop\\tank7.5.15\\assets\\Prefabs\\gameobject\\movefastobject.prefab": {
      "time": 1720147454559.2039,
      "uuid": "389042f7-6033-4238-aab8-7bd1e05b2b3c"
    },
    "C:\\Users\\lenovo\\Desktop\\tank7.5.15\\assets\\map\\alonemap2.scene.meta": {
      "time": 1719909970272.8928
    },
    "C:\\Users\\lenovo\\Desktop\\tank7.5.15\\assets\\map\\alonemap1.scene.meta": {
      "time": 1720163006034.9353
    },
    "C:\\Users\\lenovo\\Desktop\\tank7.5.15\\assets\\map\\doublemap.scene.meta": {
      "time": 1719909815504.949
    },
    "C:\\Users\\lenovo\\Desktop\\tank7.5.15\\assets\\Prefabs\\bulletnode0.prefab.meta": {
      "time": 1720057292790
    },
    "C:\\Users\\lenovo\\Desktop\\tank7.5.15\\assets\\Prefabs\\bulletnode1.prefab.meta": {
      "time": 1720057299929.0166
    },
    "C:\\Users\\lenovo\\Desktop\\tank7.5.15\\assets\\Prefabs\\normalwall.prefab.meta": {
      "time": 1720081304582.2615
    },
    "C:\\Users\\lenovo\\Desktop\\tank7.5.15\\assets\\Prefabs\\specialwall.prefab.meta": {
      "time": 1720081297598.0557
    },
    "C:\\Users\\lenovo\\Desktop\\tank7.5.15\\assets\\Prefabs\\tank0.prefab.meta": {
      "time": 1720081127973.5076
    },
    "C:\\Users\\lenovo\\Desktop\\tank7.5.15\\assets\\Prefabs\\tank1.prefab.meta": {
      "time": 1720081130711.008
    },
    "C:\\Users\\lenovo\\Desktop\\tank7.5.15\\assets\\Prefabs\\test.prefab.meta": {
      "time": 1720057542996.239
    },
    "C:\\Users\\lenovo\\Desktop\\tank7.5.15\\assets\\photo\\environment\\water.png.meta": {
      "time": 1720163190463.1748
    },
    "C:\\Users\\lenovo\\Desktop\\tank7.5.15\\assets\\photo\\environment\\grass.png.meta": {
      "time": 1720163188699.6064
    },
    "C:\\Users\\lenovo\\Desktop\\tank7.5.15\\assets\\photo\\environment\\groud.png.meta": {
      "time": 1720163189592.0493
    },
    "C:\\Users\\lenovo\\Desktop\\tank7.5.15\\assets\\photo\\qiangphoto\\屏幕截图 2024-07-03 151331.png.meta": {
      "time": 1720163181226.2517
    },
    "C:\\Users\\lenovo\\Desktop\\tank7.5.15\\assets\\photo\\qiangphoto\\wallbaba.png.meta": {
      "time": 1720163180355.4143
    },
    "C:\\Users\\lenovo\\Desktop\\tank7.5.15\\assets\\photo\\qiangphoto\\屏幕截图 2024-07-03 151339.png.meta": {
      "time": 1720163182178.9294
    },
    "C:\\Users\\lenovo\\Desktop\\tank7.5.15\\assets\\photo\\qiangphoto\\屏幕截图 2024-07-03 151343.png.meta": {
      "time": 1720163183061.9893
    },
    "C:\\Users\\lenovo\\Desktop\\tank7.5.15\\assets\\photo\\qiangphoto\\屏幕截图 2024-07-03 151352.png.meta": {
      "time": 1720163184027.427
    },
    "C:\\Users\\lenovo\\Desktop\\tank7.5.15\\assets\\photo\\qiangphoto\\屏幕截图 2024-07-03 151416.png.meta": {
      "time": 1720163185045.427
    },
    "C:\\Users\\lenovo\\Desktop\\tank7.5.15\\assets\\photo\\qiangphoto\\屏幕截图 2024-07-03 151421.png.meta": {
      "time": 1720163185981.3206
    },
    "C:\\Users\\lenovo\\Desktop\\tank7.5.15\\assets\\photo\\qiangphoto\\屏幕截图 2024-07-03 151424.png.meta": {
      "time": 1720163186929.465
    },
    "C:\\Users\\lenovo\\Desktop\\tank7.5.15\\assets\\photo\\qiangphoto\\屏幕截图 2024-07-03 151431.png.meta": {
      "time": 1720163187854.5564
    },
    "C:\\Users\\lenovo\\Desktop\\tank7.5.15\\assets\\photo\\tank0photo\\tank0down.png.meta": {
      "time": 1720163172198.0454
    },
    "C:\\Users\\lenovo\\Desktop\\tank7.5.15\\assets\\photo\\tank0photo\\tank0left.png.meta": {
      "time": 1720163173183.0671
    },
    "C:\\Users\\lenovo\\Desktop\\tank7.5.15\\assets\\photo\\tank0photo\\tank0right.png.meta": {
      "time": 1720163174121.4817
    },
    "C:\\Users\\lenovo\\Desktop\\tank7.5.15\\assets\\photo\\tank0photo\\tank0up.png.meta": {
      "time": 1720163175166.7615
    },
    "C:\\Users\\lenovo\\Desktop\\tank7.5.15\\assets\\photo\\tank1photo\\tank1down.png.meta": {
      "time": 1720163168380.032
    },
    "C:\\Users\\lenovo\\Desktop\\tank7.5.15\\assets\\photo\\tank1photo\\tank1left.png.meta": {
      "time": 1720163169351.9407
    },
    "C:\\Users\\lenovo\\Desktop\\tank7.5.15\\assets\\photo\\tank1photo\\tank1right.png.meta": {
      "time": 1720163170307.1284
    },
    "C:\\Users\\lenovo\\Desktop\\tank7.5.15\\assets\\Prefabs\\gameobject\\firefastobject.prefab.meta": {
      "time": 1720150965989.0205
    },
    "C:\\Users\\lenovo\\Desktop\\tank7.5.15\\assets\\photo\\tank1photo\\tank1up.png.meta": {
      "time": 1720163171279.3733
    },
    "C:\\Users\\lenovo\\Desktop\\tank7.5.15\\assets\\Prefabs\\gameobject\\movefastobject.prefab.meta": {
      "time": 1720145835764.599
    },
    "C:\\Users\\lenovo\\Desktop\\tank7.5.15\\assets\\map\\test.scene.meta": {
      "time": 1719814456107.5046
    },
    "C:\\Users\\lenovo\\Desktop\\tank7.5.15\\assets\\map\\test.scene": {
      "time": 1720164092390.0908,
      "uuid": "d506c42d-a2d8-4de2-bff7-83bd68a68175"
    },
    "C:\\Users\\HUAWEI\\Desktop\\tank7.5.15\\assets\\map": {
      "time": 1720227429468.913,
      "uuid": "2f042a5a-a82b-4598-aa7c-1a66cd590fa9"
    },
    "C:\\Users\\HUAWEI\\Desktop\\tank7.5.15\\assets\\photo": {
      "time": 1720227141359.2568,
      "uuid": "2e86899f-ecc6-4cda-aa60-a277ed418bf9"
    },
    "C:\\Users\\HUAWEI\\Desktop\\tank7.5.15\\assets\\Prefabs": {
      "time": 1720164431040.9626,
      "uuid": "f17a33e8-fcc1-487f-b5b7-019231f92fcb"
    },
    "C:\\Users\\HUAWEI\\Desktop\\tank7.5.15\\assets\\text": {
      "time": 1720236426424.27,
      "uuid": "da66a686-fdaf-4c0f-a9b8-793763f22bcd"
    },
    "C:\\Users\\HUAWEI\\Desktop\\tank7.5.15\\assets\\photo\\environment": {
      "time": 1720164429903.2334,
      "uuid": "c8953662-c0c0-4642-827f-53ea78dd426c"
    },
    "C:\\Users\\HUAWEI\\Desktop\\tank7.5.15\\assets\\photo\\qiangphoto": {
      "time": 1720168650629.9187,
      "uuid": "0ba798e7-1fa6-4f52-92a2-9e090392f8ac"
    },
    "C:\\Users\\HUAWEI\\Desktop\\tank7.5.15\\assets\\photo\\tank0photo": {
      "time": 1720164430480.9136,
      "uuid": "2ae6cb9a-9146-448a-95b9-bde68093adae"
    },
    "C:\\Users\\HUAWEI\\Desktop\\tank7.5.15\\assets\\photo\\tank1photo": {
      "time": 1720164430672.2195,
      "uuid": "cd0a8e24-d866-4f31-a827-d59216a0c652"
    },
    "C:\\Users\\HUAWEI\\Desktop\\tank7.5.15\\assets\\Prefabs\\gameobject": {
      "time": 1720164431100.0122,
      "uuid": "6f9e6cba-3236-4aef-bf44-5e64592d1def"
    },
    "C:\\Users\\HUAWEI\\Desktop\\tank7.5.15\\assets\\text\\background.ts": {
      "time": 1720164431139.275,
      "uuid": "b50dccee-a23f-4bd3-aff8-f67067d0d69b"
    },
    "C:\\Users\\HUAWEI\\Desktop\\tank7.5.15\\assets\\text\\bullet0.ts": {
      "time": 1720236426419.7126,
      "uuid": "82eb8b8b-d44e-40ea-a107-a24ff1bfa5b0"
    },
    "C:\\Users\\HUAWEI\\Desktop\\tank7.5.15\\assets\\text\\bullet1.ts": {
      "time": 1720235648652.187,
      "uuid": "f16fb09b-91b4-4c02-a6b3-6e460f7ab65c"
    },
    "C:\\Users\\HUAWEI\\Desktop\\tank7.5.15\\assets\\text\\cheat-test.ts": {
      "time": 1720235285363.2485,
      "uuid": "e5373e99-7c5d-4fae-8e0c-5e723ffc57e8"
    },
    "C:\\Users\\HUAWEI\\Desktop\\tank7.5.15\\assets\\text\\firedirection0.ts": {
      "time": 1720164431283.006,
      "uuid": "03b5b70c-f874-4daf-a3ab-5f8ecd787a7f"
    },
    "C:\\Users\\HUAWEI\\Desktop\\tank7.5.15\\assets\\text\\firedirection1.ts": {
      "time": 1720164431318.121,
      "uuid": "acf90797-a929-4d3d-8920-3d19cf3e3fe2"
    },
    "C:\\Users\\HUAWEI\\Desktop\\tank7.5.15\\assets\\text\\normalwall.ts": {
      "time": 1720164431353.286,
      "uuid": "fbe250b1-87fa-4ae2-ad8d-019463cf0bec"
    },
    "C:\\Users\\HUAWEI\\Desktop\\tank7.5.15\\assets\\text\\obj-firefast.ts": {
      "time": 1720235674283.8413,
      "uuid": "16e0d0d3-919c-4e68-85ba-456f9c957156"
    },
    "C:\\Users\\HUAWEI\\Desktop\\tank7.5.15\\assets\\text\\obj-movefast.ts": {
      "time": 1720167392384.9834,
      "uuid": "d97475ad-cfc1-4cd4-9610-adb598f10e24"
    },
    "C:\\Users\\HUAWEI\\Desktop\\tank7.5.15\\assets\\text\\specialwall.ts": {
      "time": 1720164431489.5247,
      "uuid": "acd0e859-2f9d-48e7-86ef-f0f36fff76b5"
    },
    "C:\\Users\\HUAWEI\\Desktop\\tank7.5.15\\assets\\text\\tank0.ts": {
      "time": 1720164431536.556,
      "uuid": "3f68566e-2dce-4cb2-9ea6-e66931227e03"
    },
    "C:\\Users\\HUAWEI\\Desktop\\tank7.5.15\\assets\\text\\tank1.ts": {
      "time": 1720164431565.0967,
      "uuid": "20c591ef-2140-4806-bea8-a7519cd3af9d"
    },
    "C:\\Users\\HUAWEI\\Desktop\\tank7.5.15\\assets\\map.meta": {
      "time": 1720164429379.5967
    },
    "C:\\Users\\HUAWEI\\Desktop\\tank7.5.15\\assets\\photo.meta": {
      "time": 1720164429395.1775
    },
    "C:\\Users\\HUAWEI\\Desktop\\tank7.5.15\\assets\\Prefabs.meta": {
      "time": 1720164429409.6362
    },
    "C:\\Users\\HUAWEI\\Desktop\\tank7.5.15\\assets\\text.meta": {
      "time": 1720164429427.3247
    },
    "C:\\Users\\HUAWEI\\Desktop\\tank7.5.15\\assets\\photo\\environment.meta": {
      "time": 1720164429692.6477
    },
    "C:\\Users\\HUAWEI\\Desktop\\tank7.5.15\\assets\\photo\\qiangphoto.meta": {
      "time": 1720164429727.2935
    },
    "C:\\Users\\HUAWEI\\Desktop\\tank7.5.15\\assets\\photo\\tank0photo.meta": {
      "time": 1720164429756.513
    },
    "C:\\Users\\HUAWEI\\Desktop\\tank7.5.15\\assets\\photo\\tank1photo.meta": {
      "time": 1720164429774.8667
    },
    "C:\\Users\\HUAWEI\\Desktop\\tank7.5.15\\assets\\Prefabs\\gameobject.meta": {
      "time": 1720164430813.2107
    },
    "C:\\Users\\HUAWEI\\Desktop\\tank7.5.15\\assets\\text\\background.ts.meta": {
      "time": 1720164431153.627
    },
    "C:\\Users\\HUAWEI\\Desktop\\tank7.5.15\\assets\\text\\bullet0.ts.meta": {
      "time": 1720164431195.5107
    },
    "C:\\Users\\HUAWEI\\Desktop\\tank7.5.15\\assets\\text\\bullet1.ts.meta": {
      "time": 1720164431237.1277
    },
    "C:\\Users\\HUAWEI\\Desktop\\tank7.5.15\\assets\\text\\cheat-test.ts.meta": {
      "time": 1720164431267.839
    },
    "C:\\Users\\HUAWEI\\Desktop\\tank7.5.15\\assets\\text\\firedirection0.ts.meta": {
      "time": 1720164431302.622
    },
    "C:\\Users\\HUAWEI\\Desktop\\tank7.5.15\\assets\\text\\firedirection1.ts.meta": {
      "time": 1720164431334.1262
    },
    "C:\\Users\\HUAWEI\\Desktop\\tank7.5.15\\assets\\text\\normalwall.ts.meta": {
      "time": 1720164431368.9768
    },
    "C:\\Users\\HUAWEI\\Desktop\\tank7.5.15\\assets\\text\\obj-firefast.ts.meta": {
      "time": 1720164431412.752
    },
    "C:\\Users\\HUAWEI\\Desktop\\tank7.5.15\\assets\\text\\obj-movefast.ts.meta": {
      "time": 1720164431470.984
    },
    "C:\\Users\\HUAWEI\\Desktop\\tank7.5.15\\assets\\text\\specialwall.ts.meta": {
      "time": 1720164431518.4778
    },
    "C:\\Users\\HUAWEI\\Desktop\\tank7.5.15\\assets\\text\\tank0.ts.meta": {
      "time": 1720164431551.1877
    },
    "C:\\Users\\HUAWEI\\Desktop\\tank7.5.15\\assets\\text\\tank1.ts.meta": {
      "time": 1720164431589.5881
    },
    "C:\\Users\\HUAWEI\\Desktop\\tank7.5.15\\assets\\map\\alonemap2.scene": {
      "time": 1720236722868.2058,
      "uuid": "36291188-d37d-4b4f-a128-588f20d16162"
    },
    "C:\\Users\\HUAWEI\\Desktop\\tank7.5.15\\assets\\map\\doublemap.scene": {
      "time": 1720164429572.6223,
      "uuid": "56c94625-6c31-4bd5-90fe-90c9552fdc01"
    },
    "C:\\Users\\HUAWEI\\Desktop\\tank7.5.15\\assets\\map\\test.scene": {
      "time": 1720166151959.994,
      "uuid": "d506c42d-a2d8-4de2-bff7-83bd68a68175"
    },
    "C:\\Users\\HUAWEI\\Desktop\\tank7.5.15\\assets\\Prefabs\\bulletnode0.prefab": {
      "time": 1720164430723.0364,
      "uuid": "ba9b86be-3ecc-48ba-a83b-02ca9cefad71"
    },
    "C:\\Users\\HUAWEI\\Desktop\\tank7.5.15\\assets\\Prefabs\\bulletnode1.prefab": {
      "time": 1720164430762.3958,
      "uuid": "380ca9d3-3ed1-4bb4-a284-ff95f9508893"
    },
    "C:\\Users\\HUAWEI\\Desktop\\tank7.5.15\\assets\\Prefabs\\normalwall.prefab": {
      "time": 1720164430827.1677,
      "uuid": "e60f8133-d0ce-45d5-be91-de2e4ceed063"
    },
    "C:\\Users\\HUAWEI\\Desktop\\tank7.5.15\\assets\\Prefabs\\specialwall.prefab": {
      "time": 1720164430867.2446,
      "uuid": "6ca093f6-d9c8-4da3-b662-26605666a6b4"
    },
    "C:\\Users\\HUAWEI\\Desktop\\tank7.5.15\\assets\\Prefabs\\tank0.prefab": {
      "time": 1720235130009.152,
      "uuid": "f4845990-e17f-411e-b3a6-fa50eff4b210"
    },
    "C:\\Users\\HUAWEI\\Desktop\\tank7.5.15\\assets\\Prefabs\\tank1.prefab": {
      "time": 1720235226256.4524,
      "uuid": "44ea65dd-dcbb-4c3b-8483-488681b996e9"
    },
    "C:\\Users\\HUAWEI\\Desktop\\tank7.5.15\\assets\\Prefabs\\test.prefab": {
      "time": 1720164431023.091,
      "uuid": "20d61344-99a4-436a-9888-23d50770a1d2"
    },
    "C:\\Users\\HUAWEI\\Desktop\\tank7.5.15\\assets\\photo\\environment\\grass.png": {
      "time": 1720164429794.0374,
      "uuid": "61e3633d-584e-4df2-aef3-3905031527a3"
    },
    "C:\\Users\\HUAWEI\\Desktop\\tank7.5.15\\assets\\photo\\environment\\groud.png": {
      "time": 1720164429845.9834,
      "uuid": "c4a35f7a-917c-4a35-a54a-75bf6a994f27"
    },
    "C:\\Users\\HUAWEI\\Desktop\\tank7.5.15\\assets\\photo\\environment\\water.png": {
      "time": 1720164429900.7434,
      "uuid": "0adc66f2-57eb-4925-b1e0-dc201377601e"
    },
    "C:\\Users\\HUAWEI\\Desktop\\tank7.5.15\\assets\\photo\\qiangphoto\\wallbaba.png": {
      "time": 1720164429965.6133,
      "uuid": "6f4407e3-d16b-4e87-9232-1a78c16d56d3"
    },
    "C:\\Users\\HUAWEI\\Desktop\\tank7.5.15\\assets\\photo\\tank0photo\\tank0down.png": {
      "time": 1720164430374.2544,
      "uuid": "79060037-715c-435a-9aa1-9b588aed1ee4"
    },
    "C:\\Users\\HUAWEI\\Desktop\\tank7.5.15\\assets\\photo\\tank0photo\\tank0left.png": {
      "time": 1720164430403.382,
      "uuid": "31386f02-ee31-4e90-9b2d-3a9b00f42098"
    },
    "C:\\Users\\HUAWEI\\Desktop\\tank7.5.15\\assets\\photo\\tank0photo\\tank0right.png": {
      "time": 1720164430436.1096,
      "uuid": "7c657c60-537b-4ff7-ba92-bcf29ba31d54"
    },
    "C:\\Users\\HUAWEI\\Desktop\\tank7.5.15\\assets\\photo\\tank0photo\\tank0up.png": {
      "time": 1720164430479.9175,
      "uuid": "7effe23c-079c-410c-bcf4-006b38fc31cd"
    },
    "C:\\Users\\HUAWEI\\Desktop\\tank7.5.15\\assets\\photo\\tank1photo\\tank1down.png": {
      "time": 1720164430533.4976,
      "uuid": "86942f5b-6f21-4bc4-a831-312a83475ce8"
    },
    "C:\\Users\\HUAWEI\\Desktop\\tank7.5.15\\assets\\photo\\tank1photo\\tank1left.png": {
      "time": 1720164430578.3328,
      "uuid": "11990de5-ac55-4db1-afae-991f63f38914"
    },
    "C:\\Users\\HUAWEI\\Desktop\\tank7.5.15\\assets\\photo\\tank1photo\\tank1right.png": {
      "time": 1720164430623.745,
      "uuid": "81abb380-8484-47bc-8779-c0836099d153"
    },
    "C:\\Users\\HUAWEI\\Desktop\\tank7.5.15\\assets\\photo\\tank1photo\\tank1up.png": {
      "time": 1720164430670.1682,
      "uuid": "9ae0bd82-2d48-4a71-868b-f06d9956cfdf"
    },
    "C:\\Users\\HUAWEI\\Desktop\\tank7.5.15\\assets\\Prefabs\\gameobject\\firefastobject.prefab": {
      "time": 1720164431057.744,
      "uuid": "32792995-a6b9-4857-9271-dd77472da8b6"
    },
    "C:\\Users\\HUAWEI\\Desktop\\tank7.5.15\\assets\\Prefabs\\gameobject\\movefastobject.prefab": {
      "time": 1720235587734.115,
      "uuid": "389042f7-6033-4238-aab8-7bd1e05b2b3c"
    },
    "C:\\Users\\HUAWEI\\Desktop\\tank7.5.15\\assets\\map\\doublemap.scene.meta": {
      "time": 1720164429608.2493
    },
    "C:\\Users\\HUAWEI\\Desktop\\tank7.5.15\\assets\\Prefabs\\bulletnode0.prefab.meta": {
      "time": 1720164430746.2854
    },
    "C:\\Users\\HUAWEI\\Desktop\\tank7.5.15\\assets\\map\\test.scene.meta": {
      "time": 1720164429665.1377
    },
    "C:\\Users\\HUAWEI\\Desktop\\tank7.5.15\\assets\\map\\alonemap2.scene.meta": {
      "time": 1720164429555.2012
    },
    "C:\\Users\\HUAWEI\\Desktop\\tank7.5.15\\assets\\Prefabs\\normalwall.prefab.meta": {
      "time": 1720164430850.9553
    },
    "C:\\Users\\HUAWEI\\Desktop\\tank7.5.15\\assets\\Prefabs\\specialwall.prefab.meta": {
      "time": 1720164430898.1655
    },
    "C:\\Users\\HUAWEI\\Desktop\\tank7.5.15\\assets\\Prefabs\\bulletnode1.prefab.meta": {
      "time": 1720164430787.8274
    },
    "C:\\Users\\HUAWEI\\Desktop\\tank7.5.15\\assets\\Prefabs\\tank0.prefab.meta": {
      "time": 1720164430948.1077
    },
    "C:\\Users\\HUAWEI\\Desktop\\tank7.5.15\\assets\\Prefabs\\tank1.prefab.meta": {
      "time": 1720164431006.091
    },
    "C:\\Users\\HUAWEI\\Desktop\\tank7.5.15\\assets\\Prefabs\\test.prefab.meta": {
      "time": 1720164431038.969
    },
    "C:\\Users\\HUAWEI\\Desktop\\tank7.5.15\\assets\\photo\\environment\\groud.png.meta": {
      "time": 1720164429883.2427
    },
    "C:\\Users\\HUAWEI\\Desktop\\tank7.5.15\\assets\\photo\\environment\\water.png.meta": {
      "time": 1720164429937.7637
    },
    "C:\\Users\\HUAWEI\\Desktop\\tank7.5.15\\assets\\photo\\environment\\grass.png.meta": {
      "time": 1720164429830.7742
    },
    "C:\\Users\\HUAWEI\\Desktop\\tank7.5.15\\assets\\photo\\qiangphoto\\wallbaba.png.meta": {
      "time": 1720164429993.1785
    },
    "C:\\Users\\HUAWEI\\Desktop\\tank7.5.15\\assets\\photo\\tank0photo\\tank0down.png.meta": {
      "time": 1720164430389.3252
    },
    "C:\\Users\\HUAWEI\\Desktop\\tank7.5.15\\assets\\photo\\tank0photo\\tank0left.png.meta": {
      "time": 1720164430420.9106
    },
    "C:\\Users\\HUAWEI\\Desktop\\tank7.5.15\\assets\\photo\\tank0photo\\tank0up.png.meta": {
      "time": 1720164430514.516
    },
    "C:\\Users\\HUAWEI\\Desktop\\tank7.5.15\\assets\\photo\\tank0photo\\tank0right.png.meta": {
      "time": 1720164430463.134
    },
    "C:\\Users\\HUAWEI\\Desktop\\tank7.5.15\\assets\\Prefabs\\gameobject\\firefastobject.prefab.meta": {
      "time": 1720164431083.6382
    },
    "C:\\Users\\HUAWEI\\Desktop\\tank7.5.15\\assets\\photo\\tank1photo\\tank1down.png.meta": {
      "time": 1720164430560.779
    },
    "C:\\Users\\HUAWEI\\Desktop\\tank7.5.15\\assets\\photo\\tank1photo\\tank1left.png.meta": {
      "time": 1720164430605.1343
    },
    "C:\\Users\\HUAWEI\\Desktop\\tank7.5.15\\assets\\Prefabs\\gameobject\\movefastobject.prefab.meta": {
      "time": 1720164431121.2046
    },
    "C:\\Users\\HUAWEI\\Desktop\\tank7.5.15\\assets\\photo\\tank1photo\\tank1right.png.meta": {
      "time": 1720164430654.1472
    },
    "C:\\Users\\HUAWEI\\Desktop\\tank7.5.15\\assets\\photo\\tank1photo\\tank1up.png.meta": {
      "time": 1720164430703.2234
    },
    "C:\\Users\\HUAWEI\\Desktop\\tank7.5.15\\assets\\photo\\qiangphoto\\qiang0.png.meta": {
      "time": 1720164613605.7996
    },
    "C:\\Users\\HUAWEI\\Desktop\\tank7.5.15\\assets\\photo\\qiangphoto\\qiang0.png": {
      "time": 1720164430008.3962,
      "uuid": "6c51f436-0e09-4c71-b9b2-aa7bf331791e"
    },
    "C:\\Users\\HUAWEI\\Desktop\\tank7.5.15\\assets\\photo\\qiangphoto\\qiang1.png.meta": {
      "time": 1720164620948.4443
    },
    "C:\\Users\\HUAWEI\\Desktop\\tank7.5.15\\assets\\photo\\qiangphoto\\qiang1.png": {
      "time": 1720164430050.8535,
      "uuid": "9fd26fef-3a67-4141-ab86-76d327ccb0a7"
    },
    "C:\\Users\\HUAWEI\\Desktop\\tank7.5.15\\assets\\photo\\qiangphoto\\qiang2.png.meta": {
      "time": 1720164628262.1138
    },
    "C:\\Users\\HUAWEI\\Desktop\\tank7.5.15\\assets\\photo\\qiangphoto\\qiang2.png": {
      "time": 1720164430095.4338,
      "uuid": "0c0d9845-1ca8-47b5-adc3-af07310cc0fe"
    },
    "C:\\Users\\HUAWEI\\Desktop\\tank7.5.15\\assets\\photo\\qiangphoto\\qiang3.png.meta": {
      "time": 1720164637155.3784
    },
    "C:\\Users\\HUAWEI\\Desktop\\tank7.5.15\\assets\\photo\\qiangphoto\\qiang3.png": {
      "time": 1720164430139.5938,
      "uuid": "8a610c28-8779-4bd6-b80f-b5de6be1735f"
    },
    "C:\\Users\\HUAWEI\\Desktop\\tank7.5.15\\assets\\photo\\qiangphoto\\qiang4.png.meta": {
      "time": 1720164644614.3699
    },
    "C:\\Users\\HUAWEI\\Desktop\\tank7.5.15\\assets\\photo\\qiangphoto\\qiang4.png": {
      "time": 1720164430184.16,
      "uuid": "bcf59bb8-034f-48a8-bf23-04fceb7ed2f7"
    },
    "C:\\Users\\HUAWEI\\Desktop\\tank7.5.15\\assets\\photo\\qiangphoto\\qiang5.png.meta": {
      "time": 1720164653454.9143
    },
    "C:\\Users\\HUAWEI\\Desktop\\tank7.5.15\\assets\\photo\\qiangphoto\\qiang5.png": {
      "time": 1720164430225.8755,
      "uuid": "d7aeb0eb-4295-4242-b8a6-9d70b4f75f96"
    },
    "C:\\Users\\HUAWEI\\Desktop\\tank7.5.15\\assets\\photo\\qiangphoto\\qiang6.png.meta": {
      "time": 1720164660475.236
    },
    "C:\\Users\\HUAWEI\\Desktop\\tank7.5.15\\assets\\photo\\qiangphoto\\qiang6.png": {
      "time": 1720164430265.5127,
      "uuid": "f36a79e0-34c3-4f97-83a7-0b9e92ed4169"
    },
    "C:\\Users\\HUAWEI\\Desktop\\tank7.5.15\\assets\\photo\\qiangphoto\\qiang7.png.meta": {
      "time": 1720164683738.647
    },
    "C:\\Users\\HUAWEI\\Desktop\\tank7.5.15\\assets\\photo\\qiangphoto\\qiang7.png": {
      "time": 1720164430308.3608,
      "uuid": "bd81fa4a-9eae-4f0c-9685-82ddedcc0a04"
    },
    "C:\\Users\\HUAWEI\\Desktop\\tank7.5.15\\assets\\photo\\qiangphoto\\hulan.png.meta": {
      "time": 1720168650692.406
    },
    "C:\\Users\\HUAWEI\\Desktop\\tank7.5.15\\assets\\photo\\qiangphoto\\hulan.png": {
      "time": 1720168594459.5903,
      "uuid": "643c4e21-d3e2-4873-a78d-934dbbed0ded"
    },
    "C:\\Users\\HUAWEI\\Desktop\\tank7.5.15\\assets\\photo\\objectphoto.meta": {
      "time": 1720227141377.3616
    },
    "C:\\Users\\HUAWEI\\Desktop\\tank7.5.15\\assets\\photo\\objectphoto": {
      "time": 1720231573676.166,
      "uuid": "aed2a077-68ad-4840-9983-b8d414650891"
    },
    "C:\\Users\\HUAWEI\\Desktop\\tank7.5.15\\assets\\photo\\objectphoto\\movefaster.jpg.meta": {
      "time": 1720227153050.2822
    },
    "C:\\Users\\HUAWEI\\Desktop\\tank7.5.15\\assets\\photo\\objectphoto\\movefaster.jpg": {
      "time": 1720227098212.9802,
      "uuid": "4e4e1504-cbfe-4eb7-9fef-fb072da58778"
    },
    "C:\\Users\\HUAWEI\\Desktop\\tank7.5.15\\assets\\photo\\objectphoto\\centetrgiftphoto.png.meta": {
      "time": 1720231573779.163
    },
    "C:\\Users\\HUAWEI\\Desktop\\tank7.5.15\\assets\\photo\\objectphoto\\centetrgiftphoto.png": {
      "time": 1720231503798.2048,
      "uuid": "9b3f4111-8479-4df3-8531-73941e65732f"
    },
    "C:\\Users\\HUAWEI\\Desktop\\tank7.5.15\\assets\\text\\fireaffect0.ts.meta": {
      "time": 1720234904464.6528
    },
    "C:\\Users\\HUAWEI\\Desktop\\tank7.5.15\\assets\\text\\fireaffect0.ts": {
      "time": 1720235643904.705,
      "uuid": "2ebc0a9f-5ad0-46e2-a4ae-2e5be51589e9"
    },
    "C:\\Users\\HUAWEI\\Desktop\\tank7.5.15\\assets\\text\\fireaffect1.ts.meta": {
      "time": 1720234921907.937
    },
    "C:\\Users\\HUAWEI\\Desktop\\tank7.5.15\\assets\\text\\fireaffect1.ts": {
      "time": 1720234976418.696,
      "uuid": "00014a5f-125d-4c64-972b-4d11412c78d8"
    },
    "C:\\Users\\HUAWEI\\Desktop\\tank7.5.15\\assets\\text\\speedaffect0.ts.meta": {
      "time": 1720235016450.4548
    },
    "C:\\Users\\HUAWEI\\Desktop\\tank7.5.15\\assets\\text\\speedaffect0.ts": {
      "time": 1720235057478.177,
      "uuid": "b4a9900c-93e4-4dd4-aa75-7f8525854d2a"
    },
    "C:\\Users\\HUAWEI\\Desktop\\tank7.5.15\\assets\\text\\speedaffect1.ts.meta": {
      "time": 1720235030052.913
    },
    "C:\\Users\\HUAWEI\\Desktop\\tank7.5.15\\assets\\text\\speedaffect1.ts": {
      "time": 1720235070514.2107,
      "uuid": "c2ec48c9-53e8-4388-aa60-71d8e5d0e67e"
    },
    "C:\\Users\\lenovo\\Desktop\\tank7.6.11\\assets\\map": {
      "time": 1720227429468.913,
      "uuid": "2f042a5a-a82b-4598-aa7c-1a66cd590fa9"
    },
    "C:\\Users\\lenovo\\Desktop\\tank7.6.11\\assets\\photo": {
      "time": 1720227141359.2568,
      "uuid": "2e86899f-ecc6-4cda-aa60-a277ed418bf9"
    },
    "C:\\Users\\lenovo\\Desktop\\tank7.6.11\\assets\\Prefabs": {
      "time": 1720256851580.356,
      "uuid": "f17a33e8-fcc1-487f-b5b7-019231f92fcb"
    },
    "C:\\Users\\lenovo\\Desktop\\tank7.6.11\\assets\\text": {
      "time": 1720256145600.6196,
      "uuid": "da66a686-fdaf-4c0f-a9b8-793763f22bcd"
    },
    "C:\\Users\\lenovo\\Desktop\\tank7.6.11\\assets\\photo\\environment": {
      "time": 1720164429903.2334,
      "uuid": "c8953662-c0c0-4642-827f-53ea78dd426c"
    },
    "C:\\Users\\lenovo\\Desktop\\tank7.6.11\\assets\\photo\\objectphoto": {
      "time": 1720231573676.166,
      "uuid": "aed2a077-68ad-4840-9983-b8d414650891"
    },
    "C:\\Users\\lenovo\\Desktop\\tank7.6.11\\assets\\photo\\qiangphoto": {
      "time": 1720168650629.9187,
      "uuid": "0ba798e7-1fa6-4f52-92a2-9e090392f8ac"
    },
    "C:\\Users\\lenovo\\Desktop\\tank7.6.11\\assets\\photo\\tank0photo": {
      "time": 1720164430480.9136,
      "uuid": "2ae6cb9a-9146-448a-95b9-bde68093adae"
    },
    "C:\\Users\\lenovo\\Desktop\\tank7.6.11\\assets\\photo\\tank1photo": {
      "time": 1720164430672.2195,
      "uuid": "cd0a8e24-d866-4f31-a827-d59216a0c652"
    },
    "C:\\Users\\lenovo\\Desktop\\tank7.6.11\\assets\\Prefabs\\gameobject": {
      "time": 1720164431100.0122,
      "uuid": "6f9e6cba-3236-4aef-bf44-5e64592d1def"
    },
    "C:\\Users\\lenovo\\Desktop\\tank7.6.11\\assets\\text\\background.ts": {
      "time": 1720164431139.275,
      "uuid": "b50dccee-a23f-4bd3-aff8-f67067d0d69b"
    },
    "C:\\Users\\lenovo\\Desktop\\tank7.6.11\\assets\\text\\bullet0.ts": {
      "time": 1720256543715.1426,
      "uuid": "82eb8b8b-d44e-40ea-a107-a24ff1bfa5b0"
    },
    "C:\\Users\\lenovo\\Desktop\\tank7.6.11\\assets\\text\\bullet1.ts": {
      "time": 1720254374431.8416,
      "uuid": "f16fb09b-91b4-4c02-a6b3-6e460f7ab65c"
    },
    "C:\\Users\\lenovo\\Desktop\\tank7.6.11\\assets\\text\\cheat-test.ts": {
      "time": 1720254400223.738,
      "uuid": "e5373e99-7c5d-4fae-8e0c-5e723ffc57e8"
    },
    "C:\\Users\\lenovo\\Desktop\\tank7.6.11\\assets\\text\\fireaffect0.ts": {
      "time": 1720235643904.705,
      "uuid": "2ebc0a9f-5ad0-46e2-a4ae-2e5be51589e9"
    },
    "C:\\Users\\lenovo\\Desktop\\tank7.6.11\\assets\\text\\fireaffect1.ts": {
      "time": 1720234976418.696,
      "uuid": "00014a5f-125d-4c64-972b-4d11412c78d8"
    },
    "C:\\Users\\lenovo\\Desktop\\tank7.6.11\\assets\\text\\firedirection0.ts": {
      "time": 1720258157324.7876,
      "uuid": "03b5b70c-f874-4daf-a3ab-5f8ecd787a7f"
    },
    "C:\\Users\\lenovo\\Desktop\\tank7.6.11\\assets\\text\\firedirection1.ts": {
      "time": 1720258173285.2375,
      "uuid": "acf90797-a929-4d3d-8920-3d19cf3e3fe2"
    },
    "C:\\Users\\lenovo\\Desktop\\tank7.6.11\\assets\\text\\normalwall.ts": {
      "time": 1720164431353.286,
      "uuid": "fbe250b1-87fa-4ae2-ad8d-019463cf0bec"
    },
    "C:\\Users\\lenovo\\Desktop\\tank7.6.11\\assets\\text\\obj-firefast.ts": {
      "time": 1720254188496.172,
      "uuid": "16e0d0d3-919c-4e68-85ba-456f9c957156"
    },
    "C:\\Users\\lenovo\\Desktop\\tank7.6.11\\assets\\text\\obj-movefast.ts": {
      "time": 1720167392384.9834,
      "uuid": "d97475ad-cfc1-4cd4-9610-adb598f10e24"
    },
    "C:\\Users\\lenovo\\Desktop\\tank7.6.11\\assets\\text\\specialwall.ts": {
      "time": 1720164431489.5247,
      "uuid": "acd0e859-2f9d-48e7-86ef-f0f36fff76b5"
    },
    "C:\\Users\\lenovo\\Desktop\\tank7.6.11\\assets\\text\\speedaffect0.ts": {
      "time": 1720254174924.3528,
      "uuid": "b4a9900c-93e4-4dd4-aa75-7f8525854d2a"
    },
    "C:\\Users\\lenovo\\Desktop\\tank7.6.11\\assets\\text\\speedaffect1.ts": {
      "time": 1720235070514.2107,
      "uuid": "c2ec48c9-53e8-4388-aa60-71d8e5d0e67e"
    },
    "C:\\Users\\lenovo\\Desktop\\tank7.6.11\\assets\\text\\tank0.ts": {
      "time": 1720257500814.6577,
      "uuid": "3f68566e-2dce-4cb2-9ea6-e66931227e03"
    },
    "C:\\Users\\lenovo\\Desktop\\tank7.6.11\\assets\\text\\tank1.ts": {
      "time": 1720254195081.7263,
      "uuid": "20c591ef-2140-4806-bea8-a7519cd3af9d"
    },
    "C:\\Users\\lenovo\\Desktop\\tank7.6.11\\assets\\map.meta": {
      "time": 1720164429379.5967
    },
    "C:\\Users\\lenovo\\Desktop\\tank7.6.11\\assets\\photo.meta": {
      "time": 1720164429395.1775
    },
    "C:\\Users\\lenovo\\Desktop\\tank7.6.11\\assets\\Prefabs.meta": {
      "time": 1720164429409.6362
    },
    "C:\\Users\\lenovo\\Desktop\\tank7.6.11\\assets\\text.meta": {
      "time": 1720164429427.3247
    },
    "C:\\Users\\lenovo\\Desktop\\tank7.6.11\\assets\\photo\\environment.meta": {
      "time": 1720164429692.6477
    },
    "C:\\Users\\lenovo\\Desktop\\tank7.6.11\\assets\\photo\\objectphoto.meta": {
      "time": 1720227141377.3616
    },
    "C:\\Users\\lenovo\\Desktop\\tank7.6.11\\assets\\photo\\qiangphoto.meta": {
      "time": 1720164429727.2935
    },
    "C:\\Users\\lenovo\\Desktop\\tank7.6.11\\assets\\photo\\tank0photo.meta": {
      "time": 1720164429756.513
    },
    "C:\\Users\\lenovo\\Desktop\\tank7.6.11\\assets\\photo\\tank1photo.meta": {
      "time": 1720164429774.8667
    },
    "C:\\Users\\lenovo\\Desktop\\tank7.6.11\\assets\\Prefabs\\gameobject.meta": {
      "time": 1720164430813.2107
    },
    "C:\\Users\\lenovo\\Desktop\\tank7.6.11\\assets\\text\\background.ts.meta": {
      "time": 1720164431153.627
    },
    "C:\\Users\\lenovo\\Desktop\\tank7.6.11\\assets\\text\\bullet0.ts.meta": {
      "time": 1720164431195.5107
    },
    "C:\\Users\\lenovo\\Desktop\\tank7.6.11\\assets\\text\\bullet1.ts.meta": {
      "time": 1720164431237.1277
    },
    "C:\\Users\\lenovo\\Desktop\\tank7.6.11\\assets\\text\\cheat-test.ts.meta": {
      "time": 1720164431267.839
    },
    "C:\\Users\\lenovo\\Desktop\\tank7.6.11\\assets\\text\\fireaffect0.ts.meta": {
      "time": 1720234904464.6528
    },
    "C:\\Users\\lenovo\\Desktop\\tank7.6.11\\assets\\text\\fireaffect1.ts.meta": {
      "time": 1720234921907.937
    },
    "C:\\Users\\lenovo\\Desktop\\tank7.6.11\\assets\\text\\firedirection0.ts.meta": {
      "time": 1720164431302.622
    },
    "C:\\Users\\lenovo\\Desktop\\tank7.6.11\\assets\\text\\firedirection1.ts.meta": {
      "time": 1720164431334.1262
    },
    "C:\\Users\\lenovo\\Desktop\\tank7.6.11\\assets\\text\\normalwall.ts.meta": {
      "time": 1720164431368.9768
    },
    "C:\\Users\\lenovo\\Desktop\\tank7.6.11\\assets\\text\\obj-firefast.ts.meta": {
      "time": 1720164431412.752
    },
    "C:\\Users\\lenovo\\Desktop\\tank7.6.11\\assets\\text\\obj-movefast.ts.meta": {
      "time": 1720164431470.984
    },
    "C:\\Users\\lenovo\\Desktop\\tank7.6.11\\assets\\text\\specialwall.ts.meta": {
      "time": 1720164431518.4778
    },
    "C:\\Users\\lenovo\\Desktop\\tank7.6.11\\assets\\text\\speedaffect0.ts.meta": {
      "time": 1720235016450.4548
    },
    "C:\\Users\\lenovo\\Desktop\\tank7.6.11\\assets\\text\\speedaffect1.ts.meta": {
      "time": 1720235030052.913
    },
    "C:\\Users\\lenovo\\Desktop\\tank7.6.11\\assets\\text\\tank0.ts.meta": {
      "time": 1720164431551.1877
    },
    "C:\\Users\\lenovo\\Desktop\\tank7.6.11\\assets\\text\\tank1.ts.meta": {
      "time": 1720164431589.5881
    },
    "C:\\Users\\lenovo\\Desktop\\tank7.6.11\\assets\\map\\alonemap2.scene": {
      "time": 1720236722868.2058,
      "uuid": "36291188-d37d-4b4f-a128-588f20d16162"
    },
    "C:\\Users\\lenovo\\Desktop\\tank7.6.11\\assets\\map\\doublemap.scene": {
      "time": 1720164429572.6223,
      "uuid": "56c94625-6c31-4bd5-90fe-90c9552fdc01"
    },
    "C:\\Users\\lenovo\\Desktop\\tank7.6.11\\assets\\map\\test.scene": {
      "time": 1720257397599.4976,
      "uuid": "d506c42d-a2d8-4de2-bff7-83bd68a68175"
    },
    "C:\\Users\\lenovo\\Desktop\\tank7.6.11\\assets\\Prefabs\\bulletnode0.prefab": {
      "time": 1720164430723.0364,
      "uuid": "ba9b86be-3ecc-48ba-a83b-02ca9cefad71"
    },
    "C:\\Users\\lenovo\\Desktop\\tank7.6.11\\assets\\Prefabs\\bulletnode1.prefab": {
      "time": 1720164430762.3958,
      "uuid": "380ca9d3-3ed1-4bb4-a284-ff95f9508893"
    },
    "C:\\Users\\lenovo\\Desktop\\tank7.6.11\\assets\\Prefabs\\normalwall.prefab": {
      "time": 1720164430827.1677,
      "uuid": "e60f8133-d0ce-45d5-be91-de2e4ceed063"
    },
    "C:\\Users\\lenovo\\Desktop\\tank7.6.11\\assets\\Prefabs\\specialwall.prefab": {
      "time": 1720164430867.2446,
      "uuid": "6ca093f6-d9c8-4da3-b662-26605666a6b4"
    },
    "C:\\Users\\lenovo\\Desktop\\tank7.6.11\\assets\\Prefabs\\tank0.prefab": {
      "time": 1720256837145.9324,
      "uuid": "f4845990-e17f-411e-b3a6-fa50eff4b210"
    },
    "C:\\Users\\lenovo\\Desktop\\tank7.6.11\\assets\\Prefabs\\tank1.prefab": {
      "time": 1720257147736.9275,
      "uuid": "44ea65dd-dcbb-4c3b-8483-488681b996e9"
    },
    "C:\\Users\\lenovo\\Desktop\\tank7.6.11\\assets\\Prefabs\\test.prefab": {
      "time": 1720164431023.091,
      "uuid": "20d61344-99a4-436a-9888-23d50770a1d2"
    },
    "C:\\Users\\lenovo\\Desktop\\tank7.6.11\\assets\\photo\\environment\\grass.png": {
      "time": 1720164429794.0374,
      "uuid": "61e3633d-584e-4df2-aef3-3905031527a3"
    },
    "C:\\Users\\lenovo\\Desktop\\tank7.6.11\\assets\\photo\\environment\\groud.png": {
      "time": 1720164429845.9834,
      "uuid": "c4a35f7a-917c-4a35-a54a-75bf6a994f27"
    },
    "C:\\Users\\lenovo\\Desktop\\tank7.6.11\\assets\\photo\\environment\\water.png": {
      "time": 1720164429900.7434,
      "uuid": "0adc66f2-57eb-4925-b1e0-dc201377601e"
    },
    "C:\\Users\\lenovo\\Desktop\\tank7.6.11\\assets\\photo\\objectphoto\\centetrgiftphoto.png": {
      "time": 1720231503798.2048,
      "uuid": "9b3f4111-8479-4df3-8531-73941e65732f"
    },
    "C:\\Users\\lenovo\\Desktop\\tank7.6.11\\assets\\photo\\objectphoto\\movefaster.jpg": {
      "time": 1720227098212.9802,
      "uuid": "4e4e1504-cbfe-4eb7-9fef-fb072da58778"
    },
    "C:\\Users\\lenovo\\Desktop\\tank7.6.11\\assets\\photo\\qiangphoto\\hulan.png": {
      "time": 1720168594459.5903,
      "uuid": "643c4e21-d3e2-4873-a78d-934dbbed0ded"
    },
    "C:\\Users\\lenovo\\Desktop\\tank7.6.11\\assets\\photo\\qiangphoto\\qiang0.png": {
      "time": 1720164430008.3962,
      "uuid": "6c51f436-0e09-4c71-b9b2-aa7bf331791e"
    },
    "C:\\Users\\lenovo\\Desktop\\tank7.6.11\\assets\\photo\\qiangphoto\\qiang1.png": {
      "time": 1720164430050.8535,
      "uuid": "9fd26fef-3a67-4141-ab86-76d327ccb0a7"
    },
    "C:\\Users\\lenovo\\Desktop\\tank7.6.11\\assets\\photo\\qiangphoto\\qiang2.png": {
      "time": 1720164430095.4338,
      "uuid": "0c0d9845-1ca8-47b5-adc3-af07310cc0fe"
    },
    "C:\\Users\\lenovo\\Desktop\\tank7.6.11\\assets\\photo\\qiangphoto\\qiang3.png": {
      "time": 1720164430139.5938,
      "uuid": "8a610c28-8779-4bd6-b80f-b5de6be1735f"
    },
    "C:\\Users\\lenovo\\Desktop\\tank7.6.11\\assets\\photo\\qiangphoto\\qiang4.png": {
      "time": 1720164430184.16,
      "uuid": "bcf59bb8-034f-48a8-bf23-04fceb7ed2f7"
    },
    "C:\\Users\\lenovo\\Desktop\\tank7.6.11\\assets\\photo\\qiangphoto\\qiang5.png": {
      "time": 1720164430225.8755,
      "uuid": "d7aeb0eb-4295-4242-b8a6-9d70b4f75f96"
    },
    "C:\\Users\\lenovo\\Desktop\\tank7.6.11\\assets\\photo\\qiangphoto\\qiang6.png": {
      "time": 1720164430265.5127,
      "uuid": "f36a79e0-34c3-4f97-83a7-0b9e92ed4169"
    },
    "C:\\Users\\lenovo\\Desktop\\tank7.6.11\\assets\\photo\\qiangphoto\\qiang7.png": {
      "time": 1720164430308.3608,
      "uuid": "bd81fa4a-9eae-4f0c-9685-82ddedcc0a04"
    },
    "C:\\Users\\lenovo\\Desktop\\tank7.6.11\\assets\\photo\\qiangphoto\\wallbaba.png": {
      "time": 1720164429965.6133,
      "uuid": "6f4407e3-d16b-4e87-9232-1a78c16d56d3"
    },
    "C:\\Users\\lenovo\\Desktop\\tank7.6.11\\assets\\photo\\tank0photo\\tank0down.png": {
      "time": 1720164430374.2544,
      "uuid": "79060037-715c-435a-9aa1-9b588aed1ee4"
    },
    "C:\\Users\\lenovo\\Desktop\\tank7.6.11\\assets\\photo\\tank0photo\\tank0left.png": {
      "time": 1720164430403.382,
      "uuid": "31386f02-ee31-4e90-9b2d-3a9b00f42098"
    },
    "C:\\Users\\lenovo\\Desktop\\tank7.6.11\\assets\\photo\\tank0photo\\tank0right.png": {
      "time": 1720164430436.1096,
      "uuid": "7c657c60-537b-4ff7-ba92-bcf29ba31d54"
    },
    "C:\\Users\\lenovo\\Desktop\\tank7.6.11\\assets\\photo\\tank0photo\\tank0up.png": {
      "time": 1720164430479.9175,
      "uuid": "7effe23c-079c-410c-bcf4-006b38fc31cd"
    },
    "C:\\Users\\lenovo\\Desktop\\tank7.6.11\\assets\\photo\\tank1photo\\tank1down.png": {
      "time": 1720164430533.4976,
      "uuid": "86942f5b-6f21-4bc4-a831-312a83475ce8"
    },
    "C:\\Users\\lenovo\\Desktop\\tank7.6.11\\assets\\photo\\tank1photo\\tank1left.png": {
      "time": 1720164430578.3328,
      "uuid": "11990de5-ac55-4db1-afae-991f63f38914"
    },
    "C:\\Users\\lenovo\\Desktop\\tank7.6.11\\assets\\photo\\tank1photo\\tank1right.png": {
      "time": 1720164430623.745,
      "uuid": "81abb380-8484-47bc-8779-c0836099d153"
    },
    "C:\\Users\\lenovo\\Desktop\\tank7.6.11\\assets\\photo\\tank1photo\\tank1up.png": {
      "time": 1720164430670.1682,
      "uuid": "9ae0bd82-2d48-4a71-868b-f06d9956cfdf"
    },
    "C:\\Users\\lenovo\\Desktop\\tank7.6.11\\assets\\Prefabs\\gameobject\\firefastobject.prefab": {
      "time": 1720164431057.744,
      "uuid": "32792995-a6b9-4857-9271-dd77472da8b6"
    },
    "C:\\Users\\lenovo\\Desktop\\tank7.6.11\\assets\\Prefabs\\gameobject\\movefastobject.prefab": {
      "time": 1720235587734.115,
      "uuid": "389042f7-6033-4238-aab8-7bd1e05b2b3c"
    },
    "C:\\Users\\lenovo\\Desktop\\tank7.6.11\\assets\\map\\doublemap.scene.meta": {
      "time": 1720164429608.2493
    },
    "C:\\Users\\lenovo\\Desktop\\tank7.6.11\\assets\\Prefabs\\bulletnode0.prefab.meta": {
      "time": 1720164430746.2854
    },
    "C:\\Users\\lenovo\\Desktop\\tank7.6.11\\assets\\map\\test.scene.meta": {
      "time": 1720164429665.1377
    },
    "C:\\Users\\lenovo\\Desktop\\tank7.6.11\\assets\\Prefabs\\bulletnode1.prefab.meta": {
      "time": 1720164430787.8274
    },
    "C:\\Users\\lenovo\\Desktop\\tank7.6.11\\assets\\map\\alonemap2.scene.meta": {
      "time": 1720164429555.2012
    },
    "C:\\Users\\lenovo\\Desktop\\tank7.6.11\\assets\\Prefabs\\tank1.prefab.meta": {
      "time": 1720164431006.091
    },
    "C:\\Users\\lenovo\\Desktop\\tank7.6.11\\assets\\Prefabs\\tank0.prefab.meta": {
      "time": 1720164430948.1077
    },
    "C:\\Users\\lenovo\\Desktop\\tank7.6.11\\assets\\Prefabs\\specialwall.prefab.meta": {
      "time": 1720164430898.1655
    },
    "C:\\Users\\lenovo\\Desktop\\tank7.6.11\\assets\\Prefabs\\normalwall.prefab.meta": {
      "time": 1720164430850.9553
    },
    "C:\\Users\\lenovo\\Desktop\\tank7.6.11\\assets\\Prefabs\\test.prefab.meta": {
      "time": 1720164431038.969
    },
    "C:\\Users\\lenovo\\Desktop\\tank7.6.11\\assets\\photo\\environment\\groud.png.meta": {
      "time": 1720164429883.2427
    },
    "C:\\Users\\lenovo\\Desktop\\tank7.6.11\\assets\\photo\\environment\\water.png.meta": {
      "time": 1720164429937.7637
    },
    "C:\\Users\\lenovo\\Desktop\\tank7.6.11\\assets\\photo\\environment\\grass.png.meta": {
      "time": 1720164429830.7742
    },
    "C:\\Users\\lenovo\\Desktop\\tank7.6.11\\assets\\photo\\objectphoto\\movefaster.jpg.meta": {
      "time": 1720227153050.2822
    },
    "C:\\Users\\lenovo\\Desktop\\tank7.6.11\\assets\\photo\\qiangphoto\\hulan.png.meta": {
      "time": 1720168650692.406
    },
    "C:\\Users\\lenovo\\Desktop\\tank7.6.11\\assets\\photo\\qiangphoto\\qiang0.png.meta": {
      "time": 1720164613605.7996
    },
    "C:\\Users\\lenovo\\Desktop\\tank7.6.11\\assets\\photo\\qiangphoto\\qiang1.png.meta": {
      "time": 1720164620948.4443
    },
    "C:\\Users\\lenovo\\Desktop\\tank7.6.11\\assets\\photo\\objectphoto\\centetrgiftphoto.png.meta": {
      "time": 1720231573779.163
    },
    "C:\\Users\\lenovo\\Desktop\\tank7.6.11\\assets\\photo\\qiangphoto\\qiang2.png.meta": {
      "time": 1720164628262.1138
    },
    "C:\\Users\\lenovo\\Desktop\\tank7.6.11\\assets\\photo\\qiangphoto\\qiang3.png.meta": {
      "time": 1720164637155.3784
    },
    "C:\\Users\\lenovo\\Desktop\\tank7.6.11\\assets\\photo\\qiangphoto\\qiang4.png.meta": {
      "time": 1720164644614.3699
    },
    "C:\\Users\\lenovo\\Desktop\\tank7.6.11\\assets\\photo\\qiangphoto\\qiang5.png.meta": {
      "time": 1720164653454.9143
    },
    "C:\\Users\\lenovo\\Desktop\\tank7.6.11\\assets\\photo\\qiangphoto\\qiang6.png.meta": {
      "time": 1720164660475.236
    },
    "C:\\Users\\lenovo\\Desktop\\tank7.6.11\\assets\\photo\\qiangphoto\\qiang7.png.meta": {
      "time": 1720164683738.647
    },
    "C:\\Users\\lenovo\\Desktop\\tank7.6.11\\assets\\photo\\tank0photo\\tank0down.png.meta": {
      "time": 1720164430389.3252
    },
    "C:\\Users\\lenovo\\Desktop\\tank7.6.11\\assets\\photo\\tank0photo\\tank0left.png.meta": {
      "time": 1720164430420.9106
    },
    "C:\\Users\\lenovo\\Desktop\\tank7.6.11\\assets\\photo\\tank0photo\\tank0right.png.meta": {
      "time": 1720164430463.134
    },
    "C:\\Users\\lenovo\\Desktop\\tank7.6.11\\assets\\photo\\tank0photo\\tank0up.png.meta": {
      "time": 1720164430514.516
    },
    "C:\\Users\\lenovo\\Desktop\\tank7.6.11\\assets\\photo\\tank1photo\\tank1left.png.meta": {
      "time": 1720164430605.1343
    },
    "C:\\Users\\lenovo\\Desktop\\tank7.6.11\\assets\\photo\\tank1photo\\tank1down.png.meta": {
      "time": 1720164430560.779
    },
    "C:\\Users\\lenovo\\Desktop\\tank7.6.11\\assets\\photo\\qiangphoto\\wallbaba.png.meta": {
      "time": 1720164429993.1785
    },
    "C:\\Users\\lenovo\\Desktop\\tank7.6.11\\assets\\photo\\tank1photo\\tank1right.png.meta": {
      "time": 1720164430654.1472
    },
    "C:\\Users\\lenovo\\Desktop\\tank7.6.11\\assets\\Prefabs\\gameobject\\firefastobject.prefab.meta": {
      "time": 1720164431083.6382
    },
    "C:\\Users\\lenovo\\Desktop\\tank7.6.11\\assets\\Prefabs\\gameobject\\movefastobject.prefab.meta": {
      "time": 1720164431121.2046
    },
    "C:\\Users\\lenovo\\Desktop\\tank7.6.11\\assets\\photo\\tank1photo\\tank1up.png.meta": {
      "time": 1720164430703.2234
    },
    "C:\\Users\\lenovo\\Desktop\\tank7.6.11\\assets\\Prefabs\\enemytank.prefab.meta": {
      "time": 1720253061547.7688
    },
    "C:\\Users\\lenovo\\Desktop\\tank7.6.11\\assets\\Prefabs\\enemytank.prefab": {
      "time": 1720253061543.7522,
      "uuid": "2244bed9-46f7-44cb-8624-7d38d8ef36df"
    },
    "C:\\Users\\lenovo\\Desktop\\tank7.6.11\\assets\\text\\landmine0.ts.meta": {
      "time": 1720253237539.2134
    },
    "C:\\Users\\lenovo\\Desktop\\tank7.6.11\\assets\\text\\landmine0.ts": {
      "time": 1720258142221.5344,
      "uuid": "88fa8d72-bb43-4827-ab04-7642facb86ee"
    },
    "C:\\Users\\lenovo\\Desktop\\tank7.6.11\\assets\\text\\landmine1.ts.meta": {
      "time": 1720253932439.4065
    },
    "C:\\Users\\lenovo\\Desktop\\tank7.6.11\\assets\\text\\landmine1.ts": {
      "time": 1720258149704.6213,
      "uuid": "a45ae2c3-3e67-4bc5-b51a-4059dedf7c10"
    },
    "C:\\Users\\lenovo\\Desktop\\tank7.6.11\\assets\\Prefabs\\landmine0.prefab.meta": {
      "time": 1720255050667.1995
    },
    "C:\\Users\\lenovo\\Desktop\\tank7.6.11\\assets\\Prefabs\\landmine0.prefab": {
      "time": 1720258081410.1992,
      "uuid": "ca692069-a166-4ff1-9f42-9e4dcdad9071"
    },
    "C:\\Users\\lenovo\\Desktop\\tank7.6.11\\assets\\text\\tankdestroy.ts.meta": {
      "time": 1720256145615.1216
    },
    "C:\\Users\\lenovo\\Desktop\\tank7.6.11\\assets\\text\\tankdestroy.ts": {
      "time": 1720257683911.286,
      "uuid": "52691598-1f1c-4f3f-9f1d-07cfd092f215"
    },
    "C:\\Users\\lenovo\\Desktop\\tank7.6.11\\assets\\Prefabs\\landmine1.prefab.meta": {
      "time": 1720256851602.2275
    },
    "C:\\Users\\lenovo\\Desktop\\tank7.6.11\\assets\\Prefabs\\landmine1.prefab": {
      "time": 1720258210272.0974,
      "uuid": "8548f677-485e-4ce5-86b7-1b3a12b03c21"
    }
  },
  "missing": {
    "8b0a60e8-c3e8-418a-a032-09ed1a47c217": {
      "path": "C:\\cocoscreater\\NewProject_1\\assets\\cubemap.cubemap",
      "time": 1719814422275.43,
      "removeTime": 1719814449803
    },
    "19dac3cd-2b98-49aa-8932-2a39607f09cb": {
      "path": "C:\\cocoscreater\\NewProject_1\\assets\\terrain.terrain",
      "time": 1719803417255.5315,
      "removeTime": 1719814452435
    },
    "2984e55f-abc7-4ed0-b040-aa58601483c9": {
      "path": "C:\\cocoscreater\\NewProject_1\\assets\\cubemap.cubemap",
      "time": 1719814463171.0571,
      "removeTime": 1719814467755
    },
    "ffff235f-dcfd-46a9-b164-1fec81014313": {
      "path": "C:\\cocoscreater\\NewProject_1\\assets\\488e4cc1b6afa99548db30556b924aeb.jpg",
      "time": 1719817032014.719,
      "removeTime": 1719817238669
    },
    "3f68566e-2dce-4cb2-9ea6-e66931227e03": {
      "path": "C:\\cocoscreater\\NewProject_1\\assets\\text\\tank.ts",
      "time": 1719820312010.4126,
      "removeTime": 1719820333857
    },
    "d1b64f0e-1975-4e6f-84f4-76cd8d3313cf": {
      "path": "C:\\cocoscreater\\NewProject_1\\assets\\text\\type.ts",
      "time": 1719817822223.2937,
      "removeTime": 1719822291398
    },
    "3932dc34-cf0a-417e-98c5-ac82fd120a58": {
      "path": "C:\\cocoscreater\\NewProject_1\\assets\\photo\\488e4cc1b6afa99548db30556b924aeb.jpg",
      "time": 1719817032014.719,
      "removeTime": 1720075589243
    },
    "52210cc6-fafb-46eb-8f40-20f26b5d1990": {
      "path": "C:\\cocoscreater\\NewProject_1\\assets\\text\\wall000.ts",
      "time": 1719822048427.8672,
      "removeTime": 1719822087578
    },
    "acd0e859-2f9d-48e7-86ef-f0f36fff76b5": {
      "path": "C:\\Users\\lenovo\\Desktop\\tank7.4.15\\assets\\text\\wall.ts",
      "time": 1719902783381.7856,
      "removeTime": 1720082011960
    },
    "82d48581-f3d0-4eab-b2fe-5d5162bd67fd": {
      "path": "C:\\cocoscreater\\NewProject_1\\assets\\text\\CollisionHandler.ts",
      "time": 1719907966504.2063,
      "removeTime": 1719908613290
    },
    "56c94625-6c31-4bd5-90fe-90c9552fdc01": {
      "path": "C:\\cocoscreater\\NewProject_1\\assets\\map\\map.scene",
      "time": 1719909815499.4219,
      "removeTime": 1719909894389
    },
    "2018a3af-cb7d-4e17-9c8c-49264b55f149": {
      "path": "C:\\cocoscreater\\NewProject_1\\assets\\uisence.scene",
      "time": 1719815400927.6416,
      "removeTime": 1719909920707
    },
    "90a7d994-d70e-4787-b18c-d79a2721553c": {
      "path": "C:\\Users\\lenovo\\Desktop\\tank7.5.15\\assets\\map\\alonemap1.scene",
      "time": 1720163004560.3035,
      "removeTime": 1720251337021
    },
    "a3a221c4-de28-4f3d-86c5-f719a3aa9c66": {
      "path": "C:\\cocoscreater\\NewProject_1\\assets\\text\\camera.ts",
      "time": 1719883734457.2185,
      "removeTime": 1719971676491
    },
    "03b5b70c-f874-4daf-a3ab-5f8ecd787a7f": {
      "path": "C:\\cocoscreater\\NewProject_1\\assets\\text\\firedirection.ts",
      "time": 1719990667004.9282,
      "removeTime": 1719992276158
    },
    "acf90797-a929-4d3d-8920-3d19cf3e3fe2": {
      "path": "C:\\cocoscreater\\NewProject_1\\assets\\text\\firedirection.ts",
      "time": 1719992294790.9597,
      "removeTime": 1719992299250
    },
    "00b0a97f-cb74-4b08-9aa1-acba8886084f": {
      "path": "C:\\cocoscreater\\NewProject_1\\assets\\text\\bullet.ts",
      "time": 1719995282206.2666,
      "removeTime": 1720056523029
    },
    "029623c8-9d11-40e9-8a16-de59089f5eb1": {
      "path": "C:\\Users\\lenovo\\Desktop\\tank7.3.1\\assets\\text\\bullet.ts",
      "time": 1720056336266.2053,
      "removeTime": 1720056542175
    },
    "7c4207de-90b4-4401-864a-316b71b91c5e": {
      "path": "C:\\Users\\lenovo\\Desktop\\tank7.3.1\\assets\\text\\bullet.ts",
      "time": 1720056660217.323,
      "removeTime": 1720056673592
    },
    "f17a33e8-fcc1-487f-b5b7-019231f92fcb": {
      "path": "C:\\Users\\lenovo\\Desktop\\tank7.3.1\\assets\\Prefer",
      "time": 1720057249388.7388,
      "removeTime": 1720057268326
    },
    "ba9b86be-3ecc-48ba-a83b-02ca9cefad71": {
      "path": "C:\\Users\\lenovo\\Desktop\\tank7.3.1\\assets\\Prefabs\\Node.prefab",
      "time": 1720057276402.047,
      "removeTime": 1720057292784
    },
    "380ca9d3-3ed1-4bb4-a284-ff95f9508893": {
      "path": "C:\\Users\\lenovo\\Desktop\\tank7.3.1\\assets\\map\\bulletnode1.prefab",
      "time": 1720057338520.7502,
      "removeTime": 1720057423217
    },
    "d506c42d-a2d8-4de2-bff7-83bd68a68175": {
      "path": "C:\\Users\\lenovo\\Desktop\\tank7.5.15\\assets\\map\\scene-2d.scene",
      "time": 1720162846268.0598,
      "removeTime": 1720164092388
    },
    "1bd3bc28-ee8f-42b0-986b-0d6073c7cf7e": {
      "path": "C:\\Users\\lenovo\\Desktop\\tank7.3.1\\assets\\text\\bullet.ts",
      "time": 1720063826714.305,
      "removeTime": 1720063849701
    },
    "9623e00b-d2db-4991-b1c8-503505fff18f": {
      "path": "C:\\cocoscreater\\NewProject_1\\assets\\photo\\488e4cc1b6afa99548db30556b924aeb.prefab",
      "time": 1719817372231.084,
      "removeTime": 1720075589240
    },
    "cd0a8e24-d866-4f31-a827-d59216a0c652": {
      "path": "C:\\Users\\lenovo\\Desktop\\tank7.3.1\\assets\\photo\\tank0photo\\tank1photo",
      "time": 1720075007361.512,
      "removeTime": 1720075010922
    },
    "86942f5b-6f21-4bc4-a831-312a83475ce8": {
      "path": "C:\\Users\\lenovo\\Desktop\\tank7.3.1\\assets\\photo\\tank0photo\\tank1photo\\tank1down.png",
      "time": 1720057772610.5452,
      "removeTime": 1720075010922
    },
    "11990de5-ac55-4db1-afae-991f63f38914": {
      "path": "C:\\Users\\lenovo\\Desktop\\tank7.3.1\\assets\\photo\\tank0photo\\tank1photo\\tank1left.png",
      "time": 1719994855441.9287,
      "removeTime": 1720075010923
    },
    "81abb380-8484-47bc-8779-c0836099d153": {
      "path": "C:\\Users\\lenovo\\Desktop\\tank7.3.1\\assets\\photo\\tank0photo\\tank1photo\\tank1right.png",
      "time": 1720062551055.0308,
      "removeTime": 1720075010923
    },
    "9ae0bd82-2d48-4a71-868b-f06d9956cfdf": {
      "path": "C:\\Users\\lenovo\\Desktop\\tank7.3.1\\assets\\photo\\tank0photo\\tank1photo\\tank1up.png",
      "time": 1720062537832.1194,
      "removeTime": 1720075010924
    },
    "74c70f28-c8a9-4393-a97b-32944bc6b885": {
      "path": "C:\\cocoscreater\\NewProject_1\\assets\\photo\\OIP-C.jpg",
      "time": 1719890816037.7456,
      "removeTime": 1720075589245
    },
    "82eb8b8b-d44e-40ea-a107-a24ff1bfa5b0": {
      "path": "C:\\Users\\lenovo\\Desktop\\tank7.4.15\\assets\\text\\bullet.ts",
      "time": 1720080120336.0127,
      "removeTime": 1720080260125
    },
    "4af1c3ff-f52c-457b-bd1a-b80970603d82": {
      "path": "C:\\Users\\lenovo\\Desktop\\tank7.4.15\\assets\\Prefabs\\player1.prefab",
      "time": 1720081115106.694,
      "removeTime": 1720081137525
    },
    "4bcda9d4-6c96-4231-9f50-48b3f7ebf4bc": {
      "path": "C:\\Users\\lenovo\\Desktop\\tank7.4.15\\assets\\Prefabs\\player0.prefab",
      "time": 1720081103709.279,
      "removeTime": 1720081134443
    },
    "f73649ed-adbd-4774-bf9e-0749d750dcd5": {
      "path": "C:\\Users\\lenovo\\Desktop\\tank7.4.15\\assets\\Prefabs\\specialwall.prefab",
      "time": 1720081209098.4094,
      "removeTime": 1720081292865
    },
    "a9e51110-8f2f-4f12-9e70-f4eeb45edca5": {
      "path": "C:\\Users\\lenovo\\Desktop\\tank7.4.15\\assets\\Prefabs\\normalwalll.prefab",
      "time": 1720081258859.2405,
      "removeTime": 1720081288861
    },
    "6ca093f6-d9c8-4da3-b662-26605666a6b4": {
      "path": "C:\\Users\\lenovo\\Desktop\\tank7.4.15\\assets\\Prefabs\\wall1.prefab",
      "time": 1720081276444.4143,
      "removeTime": 1720081297594
    },
    "e60f8133-d0ce-45d5-be91-de2e4ceed063": {
      "path": "C:\\Users\\lenovo\\Desktop\\tank7.4.15\\assets\\Prefabs\\wall2.prefab",
      "time": 1720081279448.4915,
      "removeTime": 1720081304577
    },
    "fbe250b1-87fa-4ae2-ad8d-019463cf0bec": {
      "path": "C:\\Users\\lenovo\\Desktop\\tank7.4.15\\assets\\text\\wallbox.ts",
      "time": 1719908645499.2996,
      "removeTime": 1720082020102
    },
    "71988a17-e7d8-4d9e-915a-35199a1d1e76": {
      "path": "C:\\Users\\lenovo\\Desktop\\tank7.4.15\\assets\\photo\\gameobject",
      "time": 1720141424775.4475,
      "removeTime": 1720163303865
    },
    "5970f1d2-8101-48a2-9be3-8a4202573fef": {
      "path": "C:\\Users\\lenovo\\Desktop\\tank7.4.15\\assets\\photo\\gameobject\\01ca855af00465a801206aba5e6792.png@1280w_1l_2o_100sh.png",
      "time": 1720141399881.5894,
      "removeTime": 1720163303871
    },
    "da2256c2-f1a4-40cd-bfd0-a8a42a2b4e94": {
      "path": "C:\\Users\\lenovo\\Desktop\\tank7.4.15\\assets\\text\\tankaffect.ts",
      "time": 1720144369304.3308,
      "removeTime": 1720144382296
    },
    "a9a56420-ca09-4f09-9eda-f072a64ceed5": {
      "path": "C:\\Users\\lenovo\\Desktop\\tank7.4.15\\assets\\text\\object-movefast.ts",
      "time": 1720147144583.3552,
      "removeTime": 1720147203893
    },
    "621503c7-5fee-406e-a13b-cb99cf793119": {
      "path": "C:\\Users\\lenovo\\Desktop\\tank7.4.15\\assets\\text\\object-firefast.ts",
      "time": 1720147115516.8643,
      "removeTime": 1720147249821
    },
    "399148a1-07cb-43fb-bc13-9c1669080510": {
      "path": "C:\\Users\\lenovo\\Desktop\\tank7.4.15\\assets\\text\\gameobject",
      "time": 1720146737356.4983,
      "removeTime": 1720146741010
    },
    "6fce4746-722d-4502-a7a1-8f51683ccfa1": {
      "path": "C:\\Users\\lenovo\\Desktop\\tank7.4.15\\assets\\text\\test.ts",
      "time": 1720147244432.878,
      "removeTime": 1720147285391
    },
    "e5373e99-7c5d-4fae-8e0c-5e723ffc57e8": {
      "path": "C:\\Users\\lenovo\\Desktop\\tank7.4.15\\assets\\text\\NewComponent.ts",
      "time": 1720148453511.589,
      "removeTime": 1720148526750
    },
    "aac3feb4-439d-486d-b3b3-295efb8a9a35": {
      "path": "C:\\Users\\lenovo\\Desktop\\tank7.4.15\\assets\\text\\test.ts",
      "time": 1720147714029.9397,
      "removeTime": 1720150332950
    },
    "6c51f436-0e09-4c71-b9b2-aa7bf331791e": {
      "path": "C:\\Users\\HUAWEI\\Desktop\\tank7.5.15\\assets\\photo\\qiangphoto\\屏幕截图 2024-07-03 151331.png",
      "time": 1720164430008.3962,
      "removeTime": 1720164613597
    },
    "9fd26fef-3a67-4141-ab86-76d327ccb0a7": {
      "path": "C:\\Users\\HUAWEI\\Desktop\\tank7.5.15\\assets\\photo\\qiangphoto\\屏幕截图 2024-07-03 151339.png",
      "time": 1720164430050.8535,
      "removeTime": 1720164620940
    },
    "0c0d9845-1ca8-47b5-adc3-af07310cc0fe": {
      "path": "C:\\Users\\HUAWEI\\Desktop\\tank7.5.15\\assets\\photo\\qiangphoto\\屏幕截图 2024-07-03 151343.png",
      "time": 1720164430095.4338,
      "removeTime": 1720164628254
    },
    "8a610c28-8779-4bd6-b80f-b5de6be1735f": {
      "path": "C:\\Users\\HUAWEI\\Desktop\\tank7.5.15\\assets\\photo\\qiangphoto\\屏幕截图 2024-07-03 151352.png",
      "time": 1720164430139.5938,
      "removeTime": 1720164637147
    },
    "bcf59bb8-034f-48a8-bf23-04fceb7ed2f7": {
      "path": "C:\\Users\\HUAWEI\\Desktop\\tank7.5.15\\assets\\photo\\qiangphoto\\屏幕截图 2024-07-03 151416.png",
      "time": 1720164430184.16,
      "removeTime": 1720164644606
    },
    "d7aeb0eb-4295-4242-b8a6-9d70b4f75f96": {
      "path": "C:\\Users\\HUAWEI\\Desktop\\tank7.5.15\\assets\\photo\\qiangphoto\\屏幕截图 2024-07-03 151421.png",
      "time": 1720164430225.8755,
      "removeTime": 1720164653446
    },
    "f36a79e0-34c3-4f97-83a7-0b9e92ed4169": {
      "path": "C:\\Users\\HUAWEI\\Desktop\\tank7.5.15\\assets\\photo\\qiangphoto\\屏幕截图 2024-07-03 151424.png",
      "time": 1720164430265.5127,
      "removeTime": 1720164660464
    },
    "bd81fa4a-9eae-4f0c-9685-82ddedcc0a04": {
      "path": "C:\\Users\\HUAWEI\\Desktop\\tank7.5.15\\assets\\photo\\qiangphoto\\墙7.png",
      "time": 1720164430308.3608,
      "removeTime": 1720164683728
    },
    "2ef320ad-dbe4-42b5-86a6-ed4fb9e4cc12": {
      "path": "C:\\Users\\HUAWEI\\Desktop\\tank7.5.15\\assets\\text\\obj-affect",
      "time": 1720234758194.0728,
      "removeTime": 1720234881071
    },
    "e099a407-f02e-4e83-ad5e-8c6b302b207e": {
      "path": "C:\\Users\\HUAWEI\\Desktop\\tank7.5.15\\assets\\text\\obj-affect\\fireaffect0.ts",
      "time": 1720234719571.0295,
      "removeTime": 1720234881071
    },
    "e8921f5d-3dc5-4c25-a16c-a60f41ec4d2b": {
      "path": "C:\\Users\\HUAWEI\\Desktop\\tank7.5.15\\assets\\text\\obj-affect\\fireaffect1.ts",
      "time": 1720234732010.2292,
      "removeTime": 1720234881071
    },
    "b06b60f2-23b0-43a4-8b81-5378aa484523": {
      "path": "C:\\Users\\HUAWEI\\Desktop\\tank7.5.15\\assets\\text\\obj-affect\\speedaffect0.ts",
      "time": 1720234748111.6875,
      "removeTime": 1720234881071
    },
    "f2483cdf-1606-4cef-8818-70805afdd4b5": {
      "path": "C:\\Users\\HUAWEI\\Desktop\\tank7.5.15\\assets\\text\\obj-affect\\speedaffect1.ts",
      "time": 1720234758194.0728,
      "removeTime": 1720234881071
    },
    "83a4e250-d5ac-4be7-ad96-907a7cc1d111": {
      "path": "C:\\Users\\HUAWEI\\Desktop\\tank7.5.15\\assets\\text\\speedaffect.ts",
      "time": 1720234995021.8738,
      "removeTime": 1720235005023
    }
  }
}
