{
  "__type__": "cc.SpriteFrame",
  "content": {
    "name": "qiang7",
    "atlas": "",
    "rect": {
      "x": 0,
      "y": 0,
      "width": 121,
      "height": 124
    },
    "offset": {
      "x": 0,
      "y": 0
    },
    "originalSize": {
      "width": 121,
      "height": 124
    },
    "rotated": false,
    "capInsets": [
      0,
      0,
      0,
      0
    ],
    "vertices": {
      "rawPosition": [
        -60.5,
        -62,
        0,
        60.5,
        -62,
        0,
        -60.5,
        62,
        0,
        60.5,
        62,
        0
      ],
      "indexes": [
        0,
        1,
        2,
        2,
        1,
        3
      ],
      "uv": [
        0,
        124,
        121,
        124,
        0,
        0,
        121,
        0
      ],
      "nuv": [
        0,
        0,
        1,
        0,
        0,
        1,
        1,
        1
      ],
      "minPos": {
        "x": -60.5,
        "y": -62,
        "z": 0
      },
      "maxPos": {
        "x": 60.5,
        "y": 62,
        "z": 0
      }
    },
    "texture": "bd81fa4a-9eae-4f0c-9685-82ddedcc0a04@6c48a",
    "packable": true,
    "pixelsToUnit": 100,
    "pivot": {
      "x": 0.5,
      "y": 0.5
    },
    "meshType": 0
  }
}