{
  "__version__": "1.3.8",
  "log": {
    "level": 2
  },
  "common": {
    "polyfills": {
      "asyncFunctions": true
    },
    "name": "TankFight",
    "md5Cache": true,
    "debug": true,
    "scenes": [
      {
        "url": "db://assets/scene-2d.scene",
        "uuid": "d506c42d-a2d8-4de2-bff7-83bd68a68175"
      }
    ]
  },
  "BuildTaskManager": {
    "taskMap": {
      "1719905968700": {
        "type": "build",
        "id": "1719905968700",
        "progress": 1,
        "state": "success",
        "stage": "build",
        "message": "2024-7-2 15:40:48 build success in 1 min 19 s!",
        "detailMessage": "Asset DB is resume!\r",
        "options": {
          "name": "TankFight",
          "server": "",
          "platform": "web-desktop",
          "buildPath": "project://build",
          "debug": true,
          "md5Cache": true,
          "skipCompressTexture": false,
          "sourceMaps": false,
          "overwriteProjectSettings": {
            "includeModules": {
              "gfx-webgl2": "on",
              "physics": "inherit-project-setting",
              "physics-2d": "inherit-project-setting"
            },
            "macroConfig": {
              "cleanupImageCache": "inherit-project-setting"
            }
          },
          "nativeCodeBundleMode": "both",
          "polyfills": {
            "asyncFunctions": true
          },
          "experimentalEraseModules": false,
          "startSceneAssetBundle": false,
          "bundleConfigs": [],
          "useBuiltinServer": false,
          "mainBundleIsRemote": false,
          "mainBundleCompressionType": "merge_dep",
          "useSplashScreen": true,
          "bundleCommonChunk": false,
          "packAutoAtlas": true,
          "startScene": "d506c42d-a2d8-4de2-bff7-83bd68a68175",
          "outputName": "web-desktop",
          "taskName": "web-desktop",
          "scenes": [
            {
              "url": "db://assets/scene-2d.scene",
              "uuid": "d506c42d-a2d8-4de2-bff7-83bd68a68175"
            }
          ],
          "wasmCompressionMode": false,
          "packages": {},
          "__version__": "1.3.8",
          "buildMode": "normal",
          "logDest": "project://temp/builder/log/web-desktop2024-7-2 15-39.log"
        },
        "time": "2024-7-2 15:39:28",
        "dirty": false
      }
    }
  }
}
