{
  "__type__": "cc.SpriteFrame",
  "content": {
    "name": "tank1rightanddown",
    "atlas": "",
    "rect": {
      "x": 0,
      "y": 0,
      "width": 285,
      "height": 286
    },
    "offset": {
      "x": 0,
      "y": 0
    },
    "originalSize": {
      "width": 285,
      "height": 286
    },
    "rotated": false,
    "capInsets": [
      0,
      0,
      0,
      0
    ],
    "vertices": {
      "rawPosition": [
        -142.5,
        -143,
        0,
        142.5,
        -143,
        0,
        -142.5,
        143,
        0,
        142.5,
        143,
        0
      ],
      "indexes": [
        0,
        1,
        2,
        2,
        1,
        3
      ],
      "uv": [
        0,
        286,
        285,
        286,
        0,
        0,
        285,
        0
      ],
      "nuv": [
        0,
        0,
        1,
        0,
        0,
        1,
        1,
        1
      ],
      "minPos": {
        "x": -142.5,
        "y": -143,
        "z": 0
      },
      "maxPos": {
        "x": 142.5,
        "y": 143,
        "z": 0
      }
    },
    "texture": "9804f4ee-bf2e-4618-9f5b-0242310d5fa8@6c48a",
    "packable": true,
    "pixelsToUnit": 100,
    "pivot": {
      "x": 0.5,
      "y": 0.5
    },
    "meshType": 0
  }
}