{
  "__type__": "cc.SpriteFrame",
  "content": {
    "name": "qiang1",
    "atlas": "",
    "rect": {
      "x": 0,
      "y": 0,
      "width": 84,
      "height": 82
    },
    "offset": {
      "x": 0,
      "y": 0
    },
    "originalSize": {
      "width": 84,
      "height": 82
    },
    "rotated": false,
    "capInsets": [
      0,
      0,
      0,
      0
    ],
    "vertices": {
      "rawPosition": [
        -42,
        -41,
        0,
        42,
        -41,
        0,
        -42,
        41,
        0,
        42,
        41,
        0
      ],
      "indexes": [
        0,
        1,
        2,
        2,
        1,
        3
      ],
      "uv": [
        0,
        82,
        84,
        82,
        0,
        0,
        84,
        0
      ],
      "nuv": [
        0,
        0,
        1,
        0,
        0,
        1,
        1,
        1
      ],
      "minPos": {
        "x": -42,
        "y": -41,
        "z": 0
      },
      "maxPos": {
        "x": 42,
        "y": 41,
        "z": 0
      }
    },
    "texture": "9fd26fef-3a67-4141-ab86-76d327ccb0a7@6c48a",
    "packable": true,
    "pixelsToUnit": 100,
    "pivot": {
      "x": 0.5,
      "y": 0.5
    },
    "meshType": 0
  }
}