{
  "__type__": "cc.SpriteFrame",
  "content": {
    "name": "enemytankleftandup",
    "atlas": "",
    "rect": {
      "x": 1,
      "y": 0,
      "width": 905,
      "height": 897
    },
    "offset": {
      "x": 0.5,
      "y": 0
    },
    "originalSize": {
      "width": 906,
      "height": 897
    },
    "rotated": false,
    "capInsets": [
      0,
      0,
      0,
      0
    ],
    "vertices": {
      "rawPosition": [
        -452.5,
        -448.5,
        0,
        452.5,
        -448.5,
        0,
        -452.5,
        448.5,
        0,
        452.5,
        448.5,
        0
      ],
      "indexes": [
        0,
        1,
        2,
        2,
        1,
        3
      ],
      "uv": [
        1,
        897,
        906,
        897,
        1,
        0,
        906,
        0
      ],
      "nuv": [
        0.0011037527593818985,
        0,
        1,
        0,
        0.0011037527593818985,
        1,
        1,
        1
      ],
      "minPos": {
        "x": -452.5,
        "y": -448.5,
        "z": 0
      },
      "maxPos": {
        "x": 452.5,
        "y": 448.5,
        "z": 0
      }
    },
    "texture": "c999cf08-1f2b-4335-800b-f59fe47961b3@6c48a",
    "packable": true,
    "pixelsToUnit": 100,
    "pivot": {
      "x": 0.5,
      "y": 0.5
    },
    "meshType": 0
  }
}