{
  "__type__": "cc.SpriteFrame",
  "content": {
    "name": "tank1up",
    "atlas": "",
    "rect": {
      "x": 0,
      "y": 0,
      "width": 124,
      "height": 149
    },
    "offset": {
      "x": 0,
      "y": 0
    },
    "originalSize": {
      "width": 124,
      "height": 149
    },
    "rotated": false,
    "capInsets": [
      0,
      0,
      0,
      0
    ],
    "vertices": {
      "rawPosition": [
        -62,
        -74.5,
        0,
        62,
        -74.5,
        0,
        -62,
        74.5,
        0,
        62,
        74.5,
        0
      ],
      "indexes": [
        0,
        1,
        2,
        2,
        1,
        3
      ],
      "uv": [
        0,
        149,
        124,
        149,
        0,
        0,
        124,
        0
      ],
      "nuv": [
        0,
        0,
        1,
        0,
        0,
        1,
        1,
        1
      ],
      "minPos": {
        "x": -62,
        "y": -74.5,
        "z": 0
      },
      "maxPos": {
        "x": 62,
        "y": 74.5,
        "z": 0
      }
    },
    "texture": "9ae0bd82-2d48-4a71-868b-f06d9956cfdf@6c48a",
    "packable": true,
    "pixelsToUnit": 100,
    "pivot": {
      "x": 0.5,
      "y": 0.5
    },
    "meshType": 0
  }
}