{
  "__type__": "cc.SpriteFrame",
  "content": {
    "name": "tank0down",
    "atlas": "",
    "rect": {
      "x": 0,
      "y": 0,
      "width": 122,
      "height": 156
    },
    "offset": {
      "x": 0,
      "y": 0
    },
    "originalSize": {
      "width": 122,
      "height": 156
    },
    "rotated": false,
    "capInsets": [
      0,
      0,
      0,
      0
    ],
    "vertices": {
      "rawPosition": [
        -61,
        -78,
        0,
        61,
        -78,
        0,
        -61,
        78,
        0,
        61,
        78,
        0
      ],
      "indexes": [
        0,
        1,
        2,
        2,
        1,
        3
      ],
      "uv": [
        0,
        156,
        122,
        156,
        0,
        0,
        122,
        0
      ],
      "nuv": [
        0,
        0,
        1,
        0,
        0,
        1,
        1,
        1
      ],
      "minPos": {
        "x": -61,
        "y": -78,
        "z": 0
      },
      "maxPos": {
        "x": 61,
        "y": 78,
        "z": 0
      }
    },
    "texture": "d647debd-4951-4c77-8089-c9f5102a9fea@6c48a",
    "packable": true,
    "pixelsToUnit": 100,
    "pivot": {
      "x": 0.5,
      "y": 0.5
    },
    "meshType": 0
  }
}