{
  "__type__": "cc.SpriteFrame",
  "content": {
    "name": "屏幕截图 2024-07-03 151331",
    "atlas": "",
    "rect": {
      "x": 0,
      "y": 0,
      "width": 85,
      "height": 88
    },
    "offset": {
      "x": 0,
      "y": 0
    },
    "originalSize": {
      "width": 85,
      "height": 88
    },
    "rotated": false,
    "capInsets": [
      0,
      0,
      0,
      0
    ],
    "vertices": {
      "rawPosition": [
        -42.5,
        -44,
        0,
        42.5,
        -44,
        0,
        -42.5,
        44,
        0,
        42.5,
        44,
        0
      ],
      "indexes": [
        0,
        1,
        2,
        2,
        1,
        3
      ],
      "uv": [
        0,
        88,
        85,
        88,
        0,
        0,
        85,
        0
      ],
      "nuv": [
        0,
        0,
        1,
        0,
        0,
        1,
        1,
        1
      ],
      "minPos": {
        "x": -42.5,
        "y": -44,
        "z": 0
      },
      "maxPos": {
        "x": 42.5,
        "y": 44,
        "z": 0
      }
    },
    "texture": "6c51f436-0e09-4c71-b9b2-aa7bf331791e@6c48a",
    "packable": true,
    "pixelsToUnit": 100,
    "pivot": {
      "x": 0.5,
      "y": 0.5
    },
    "meshType": 0
  }
}