{
  "__type__": "cc.SpriteFrame",
  "content": {
    "name": "enemytankleft",
    "atlas": "",
    "rect": {
      "x": 0,
      "y": 0,
      "width": 462,
      "height": 400
    },
    "offset": {
      "x": 0,
      "y": 0
    },
    "originalSize": {
      "width": 462,
      "height": 400
    },
    "rotated": false,
    "capInsets": [
      0,
      0,
      0,
      0
    ],
    "vertices": {
      "rawPosition": [
        -231,
        -200,
        0,
        231,
        -200,
        0,
        -231,
        200,
        0,
        231,
        200,
        0
      ],
      "indexes": [
        0,
        1,
        2,
        2,
        1,
        3
      ],
      "uv": [
        0,
        400,
        462,
        400,
        0,
        0,
        462,
        0
      ],
      "nuv": [
        0,
        0,
        1,
        0,
        0,
        1,
        1,
        1
      ],
      "minPos": {
        "x": -231,
        "y": -200,
        "z": 0
      },
      "maxPos": {
        "x": 231,
        "y": 200,
        "z": 0
      }
    },
    "texture": "04445d75-f706-4a1a-b7f8-b731a90bedd8@6c48a",
    "packable": true,
    "pixelsToUnit": 100,
    "pivot": {
      "x": 0.5,
      "y": 0.5
    },
    "meshType": 0
  }
}