{
  "__type__": "cc.SpriteFrame",
  "content": {
    "name": "chicken",
    "atlas": "",
    "rect": {
      "x": 0,
      "y": 0,
      "width": 841,
      "height": 888
    },
    "offset": {
      "x": 0,
      "y": 0
    },
    "originalSize": {
      "width": 841,
      "height": 888
    },
    "rotated": false,
    "capInsets": [
      0,
      0,
      0,
      0
    ],
    "vertices": {
      "rawPosition": [
        -420.5,
        -444,
        0,
        420.5,
        -444,
        0,
        -420.5,
        444,
        0,
        420.5,
        444,
        0
      ],
      "indexes": [
        0,
        1,
        2,
        2,
        1,
        3
      ],
      "uv": [
        0,
        888,
        841,
        888,
        0,
        0,
        841,
        0
      ],
      "nuv": [
        0,
        0,
        1,
        0,
        0,
        1,
        1,
        1
      ],
      "minPos": {
        "x": -420.5,
        "y": -444,
        "z": 0
      },
      "maxPos": {
        "x": 420.5,
        "y": 444,
        "z": 0
      }
    },
    "texture": "0dcc69fc-5a9e-4c78-879f-ea6bcda53ac9@6c48a",
    "packable": true,
    "pixelsToUnit": 100,
    "pivot": {
      "x": 0.5,
      "y": 0.5
    },
    "meshType": 0
  }
}