[
    1,
    [
        "c27215d8-6835-4b68-bfbb-bdeac6100c04"
    ],
    [
        "_effectAsset"
    ],
    [
        [
            "cc.Material",
            [
                "_name",
                "_props",
                "_states",
                "_defines"
            ],
            -1
        ]
    ],
    [
        [
            0,
            0,
            1,
            2,
            3,
            5
        ]
    ],
    [
        [
            0,
            "default-spine-material",
            [
                {}
            ],
            [
                {
                    "rasterizerState": {},
                    "depthStencilState": {},
                    "blendState": {
                        "targets": [
                            {}
                        ]
                    }
                }
            ],
            [
                {
                    "USE_TEXTURE": true,
                    "CC_USE_EMBEDDED_ALPHA": false,
                    "IS_GRAY": false
                }
            ]
        ]
    ],
    0,
    0,
    [
        0
    ],
    [
        0
    ],
    [
        0
    ]
]
