{
  "19dac3cd-2b98-49aa-8932-2a39607f09cb": {
    "url": "db://assets/terrain.terrain",
    "value": {},
    "versionCode": 1
  },
  "8b0a60e8-c3e8-418a-a032-09ed1a47c217": {
    "url": "db://assets/cubemap.cubemap",
    "value": {},
    "versionCode": 1
  },
  "d506c42d-a2d8-4de2-bff7-83bd68a68175": {
    "url": "db://assets/map/test.scene",
    "value": {
      "depends": [
        "d506c42d-a2d8-4de2-bff7-83bd68a68175",
        "f4845990-e17f-411e-b3a6-fa50eff4b210",
        "44ea65dd-dcbb-4c3b-8483-488681b996e9",
        "389042f7-6033-4238-aab8-7bd1e05b2b3c",
        "32792995-a6b9-4857-9271-dd77472da8b6",
        "e60f8133-d0ce-45d5-be91-de2e4ceed063",
        "6ca093f6-d9c8-4da3-b662-26605666a6b4",
        "35ac62e8-0b7a-4367-970d-dfdfbdd023c6@f9941",
        "ba9b86be-3ecc-48ba-a83b-02ca9cefad71",
        "380ca9d3-3ed1-4bb4-a284-ff95f9508893"
      ],
      "dependScripts": [
        "CC3eba29-7abb-723a-f7ab-ae275e2277e8",
        "d97475ad-cfc1-4cd4-9610-adb598f10e24",
        "b50dccee-a23f-4bd3-aff8-f67067d0d69b"
      ]
    },
    "versionCode": 1
  },
  "2984e55f-abc7-4ed0-b040-aa58601483c9": {
    "url": "db://assets/cubemap.cubemap",
    "value": {},
    "versionCode": 1
  },
  "d1b64f0e-1975-4e6f-84f4-76cd8d3313cf": {
    "url": "db://assets/text/type.ts",
    "value": {},
    "versionCode": 1
  },
  "2018a3af-cb7d-4e17-9c8c-49264b55f149": {
    "url": "db://assets/uisence.scene",
    "value": {},
    "versionCode": 1
  },
  "ffff235f-dcfd-46a9-b164-1fec81014313": {
    "url": "db://assets/488e4cc1b6afa99548db30556b924aeb.jpg",
    "value": {},
    "versionCode": 1
  },
  "ffff235f-dcfd-46a9-b164-1fec81014313@6c48a": {
    "url": "db://assets/488e4cc1b6afa99548db30556b924aeb.jpg@6c48a",
    "value": {
      "depends": [
        "ffff235f-dcfd-46a9-b164-1fec81014313"
      ]
    },
    "versionCode": 1
  },
  "ffff235f-dcfd-46a9-b164-1fec81014313@f9941": {
    "url": "db://assets/488e4cc1b6afa99548db30556b924aeb.jpg@f9941",
    "value": {
      "depends": [
        "ffff235f-dcfd-46a9-b164-1fec81014313@6c48a"
      ]
    },
    "versionCode": 1
  },
  "2e86899f-ecc6-4cda-aa60-a277ed418bf9": {
    "url": "db://assets/photo",
    "value": {},
    "versionCode": 1
  },
  "9623e00b-d2db-4991-b1c8-503505fff18f": {
    "url": "db://assets/photo/488e4cc1b6afa99548db30556b924aeb.prefab",
    "value": {},
    "versionCode": 1
  },
  "3f68566e-2dce-4cb2-9ea6-e66931227e03": {
    "url": "db://assets/text/tank0.ts",
    "value": {},
    "versionCode": 1
  },
  "da66a686-fdaf-4c0f-a9b8-793763f22bcd": {
    "url": "db://assets/text",
    "value": {},
    "versionCode": 1
  },
  "b50dccee-a23f-4bd3-aff8-f67067d0d69b": {
    "url": "db://assets/text/background.ts",
    "value": {},
    "versionCode": 1
  },
  "3932dc34-cf0a-417e-98c5-ac82fd120a58": {
    "url": "db://assets/photo/488e4cc1b6afa99548db30556b924aeb.jpg",
    "value": {},
    "versionCode": 1
  },
  "3932dc34-cf0a-417e-98c5-ac82fd120a58@6c48a": {
    "url": "db://assets/photo/488e4cc1b6afa99548db30556b924aeb.jpg@6c48a",
    "value": {
      "depends": [
        "3932dc34-cf0a-417e-98c5-ac82fd120a58"
      ]
    },
    "versionCode": 1
  },
  "3932dc34-cf0a-417e-98c5-ac82fd120a58@f9941": {
    "url": "db://assets/photo/488e4cc1b6afa99548db30556b924aeb.jpg@f9941",
    "value": {
      "depends": [
        "3932dc34-cf0a-417e-98c5-ac82fd120a58@6c48a"
      ]
    },
    "versionCode": 1
  },
  "52210cc6-fafb-46eb-8f40-20f26b5d1990": {
    "url": "db://assets/text/wall000.ts",
    "value": {},
    "versionCode": 1
  },
  "acd0e859-2f9d-48e7-86ef-f0f36fff76b5": {
    "url": "db://assets/text/specialwall.ts",
    "value": {},
    "versionCode": 1
  },
  "a3a221c4-de28-4f3d-86c5-f719a3aa9c66": {
    "url": "db://assets/text/camera.ts",
    "value": {},
    "versionCode": 1
  },
  "20c591ef-2140-4806-bea8-a7519cd3af9d": {
    "url": "db://assets/text/tank1.ts",
    "value": {},
    "versionCode": 1
  },
  "74c70f28-c8a9-4393-a97b-32944bc6b885": {
    "url": "db://assets/photo/OIP-C.jpg",
    "value": {},
    "versionCode": 1
  },
  "74c70f28-c8a9-4393-a97b-32944bc6b885@6c48a": {
    "url": "db://assets/photo/OIP-C.jpg@6c48a",
    "value": {
      "depends": [
        "74c70f28-c8a9-4393-a97b-32944bc6b885"
      ]
    },
    "versionCode": 1
  },
  "74c70f28-c8a9-4393-a97b-32944bc6b885@f9941": {
    "url": "db://assets/photo/OIP-C.jpg@f9941",
    "value": {
      "depends": [
        "74c70f28-c8a9-4393-a97b-32944bc6b885@6c48a"
      ]
    },
    "versionCode": 1
  },
  "82d48581-f3d0-4eab-b2fe-5d5162bd67fd": {
    "url": "db://assets/text/CollisionHandler.ts",
    "value": {},
    "versionCode": 1
  },
  "fbe250b1-87fa-4ae2-ad8d-019463cf0bec": {
    "url": "db://assets/text/normalwall.ts",
    "value": {},
    "versionCode": 1
  },
  "56c94625-6c31-4bd5-90fe-90c9552fdc01": {
    "url": "db://assets/map/doublemap.scene",
    "value": {
      "depends": [
        "56c94625-6c31-4bd5-90fe-90c9552fdc01"
      ],
      "dependScripts": []
    },
    "versionCode": 1
  },
  "2f042a5a-a82b-4598-aa7c-1a66cd590fa9": {
    "url": "db://assets/map",
    "value": {},
    "versionCode": 1
  },
  "90a7d994-d70e-4787-b18c-d79a2721553c": {
    "url": "db://assets/map/alonemap1.scene",
    "value": {
      "depends": [
        "90a7d994-d70e-4787-b18c-d79a2721553c",
        "c4a35f7a-917c-4a35-a54a-75bf6a994f27@f9941",
        "0adc66f2-57eb-4925-b1e0-dc201377601e@f9941",
        "e60f8133-d0ce-45d5-be91-de2e4ceed063",
        "bcf59bb8-034f-48a8-bf23-04fceb7ed2f7@f9941",
        "6ca093f6-d9c8-4da3-b662-26605666a6b4",
        "6f4407e3-d16b-4e87-9232-1a78c16d56d3@f9941",
        "9fd26fef-3a67-4141-ab86-76d327ccb0a7@f9941",
        "8a610c28-8779-4bd6-b80f-b5de6be1735f@f9941",
        "f4845990-e17f-411e-b3a6-fa50eff4b210",
        "44ea65dd-dcbb-4c3b-8483-488681b996e9"
      ],
      "dependScripts": [
        "CC3eba29-7abb-723a-f7ab-ae275e2277e8"
      ]
    },
    "versionCode": 1
  },
  "36291188-d37d-4b4f-a128-588f20d16162": {
    "url": "db://assets/map/alonemap2.scene",
    "value": {
      "depends": [
        "36291188-d37d-4b4f-a128-588f20d16162"
      ],
      "dependScripts": []
    },
    "versionCode": 1
  },
  "00b0a97f-cb74-4b08-9aa1-acba8886084f": {
    "url": "db://assets/text/bullet.ts",
    "value": {},
    "versionCode": 1
  },
  "03b5b70c-f874-4daf-a3ab-5f8ecd787a7f": {
    "url": "db://assets/text/firedirection0.ts",
    "value": {},
    "versionCode": 1
  },
  "acf90797-a929-4d3d-8920-3d19cf3e3fe2": {
    "url": "db://assets/text/firedirection1.ts",
    "value": {},
    "versionCode": 1
  },
  "029623c8-9d11-40e9-8a16-de59089f5eb1": {
    "url": "db://assets/text/bullet.ts",
    "value": {},
    "versionCode": 1
  },
  "7c4207de-90b4-4401-864a-316b71b91c5e": {
    "url": "db://assets/text/bullet.ts",
    "value": {},
    "versionCode": 1
  },
  "1bd3bc28-ee8f-42b0-986b-0d6073c7cf7e": {
    "url": "db://assets/text/bullet.ts",
    "value": {},
    "versionCode": 1
  },
  "f17a33e8-fcc1-487f-b5b7-019231f92fcb": {
    "url": "db://assets/Prefabs",
    "value": {},
    "versionCode": 1
  },
  "ba9b86be-3ecc-48ba-a83b-02ca9cefad71": {
    "url": "db://assets/Prefabs/bulletnode0.prefab",
    "value": {
      "depends": [
        "45828f25-b50d-4c52-a591-e19491a62b8c@f9941"
      ],
      "dependScripts": [
        "82eb8b8b-d44e-40ea-a107-a24ff1bfa5b0"
      ]
    },
    "versionCode": 1
  },
  "380ca9d3-3ed1-4bb4-a284-ff95f9508893": {
    "url": "db://assets/Prefabs/bulletnode1.prefab",
    "value": {
      "depends": [
        "45828f25-b50d-4c52-a591-e19491a62b8c@f9941"
      ],
      "dependScripts": [
        "f16fb09b-91b4-4c02-a6b3-6e460f7ab65c"
      ]
    },
    "versionCode": 1
  },
  "20d61344-99a4-436a-9888-23d50770a1d2": {
    "url": "db://assets/Prefabs/test.prefab",
    "value": {
      "depends": [],
      "dependScripts": []
    },
    "versionCode": 1
  },
  "82eb8b8b-d44e-40ea-a107-a24ff1bfa5b0": {
    "url": "db://assets/text/bullet0.ts",
    "value": {},
    "versionCode": 1
  },
  "79060037-715c-435a-9aa1-9b588aed1ee4": {
    "url": "db://assets/photo/tank0photo/tank0down.png",
    "value": {
      "depends": []
    },
    "versionCode": 1
  },
  "31386f02-ee31-4e90-9b2d-3a9b00f42098": {
    "url": "db://assets/photo/tank0photo/tank0left.png",
    "value": {
      "depends": []
    },
    "versionCode": 1
  },
  "7c657c60-537b-4ff7-ba92-bcf29ba31d54": {
    "url": "db://assets/photo/tank0photo/tank0right.png",
    "value": {
      "depends": []
    },
    "versionCode": 1
  },
  "7effe23c-079c-410c-bcf4-006b38fc31cd": {
    "url": "db://assets/photo/tank0photo/tank0up.png",
    "value": {
      "depends": []
    },
    "versionCode": 1
  },
  "2ae6cb9a-9146-448a-95b9-bde68093adae": {
    "url": "db://assets/photo/tank0photo",
    "value": {},
    "versionCode": 1
  },
  "7effe23c-079c-410c-bcf4-006b38fc31cd@6c48a": {
    "url": "db://assets/photo/tank0photo/tank0up.png@6c48a",
    "value": {
      "depends": [
        "7effe23c-079c-410c-bcf4-006b38fc31cd"
      ]
    },
    "versionCode": 1
  },
  "31386f02-ee31-4e90-9b2d-3a9b00f42098@6c48a": {
    "url": "db://assets/photo/tank0photo/tank0left.png@6c48a",
    "value": {
      "depends": [
        "31386f02-ee31-4e90-9b2d-3a9b00f42098"
      ]
    },
    "versionCode": 1
  },
  "7c657c60-537b-4ff7-ba92-bcf29ba31d54@6c48a": {
    "url": "db://assets/photo/tank0photo/tank0right.png@6c48a",
    "value": {
      "depends": [
        "7c657c60-537b-4ff7-ba92-bcf29ba31d54"
      ]
    },
    "versionCode": 1
  },
  "79060037-715c-435a-9aa1-9b588aed1ee4@6c48a": {
    "url": "db://assets/photo/tank0photo/tank0down.png@6c48a",
    "value": {
      "depends": [
        "79060037-715c-435a-9aa1-9b588aed1ee4"
      ]
    },
    "versionCode": 1
  },
  "7effe23c-079c-410c-bcf4-006b38fc31cd@f9941": {
    "url": "db://assets/photo/tank0photo/tank0up.png@f9941",
    "value": {
      "depends": [
        "7effe23c-079c-410c-bcf4-006b38fc31cd@6c48a"
      ]
    },
    "versionCode": 1
  },
  "31386f02-ee31-4e90-9b2d-3a9b00f42098@f9941": {
    "url": "db://assets/photo/tank0photo/tank0left.png@f9941",
    "value": {
      "depends": [
        "31386f02-ee31-4e90-9b2d-3a9b00f42098@6c48a"
      ]
    },
    "versionCode": 1
  },
  "7c657c60-537b-4ff7-ba92-bcf29ba31d54@f9941": {
    "url": "db://assets/photo/tank0photo/tank0right.png@f9941",
    "value": {
      "depends": [
        "7c657c60-537b-4ff7-ba92-bcf29ba31d54@6c48a"
      ]
    },
    "versionCode": 1
  },
  "79060037-715c-435a-9aa1-9b588aed1ee4@f9941": {
    "url": "db://assets/photo/tank0photo/tank0down.png@f9941",
    "value": {
      "depends": [
        "79060037-715c-435a-9aa1-9b588aed1ee4@6c48a"
      ]
    },
    "versionCode": 1
  },
  "86942f5b-6f21-4bc4-a831-312a83475ce8": {
    "url": "db://assets/photo/tank1photo/tank1down.png",
    "value": {
      "depends": []
    },
    "versionCode": 1
  },
  "11990de5-ac55-4db1-afae-991f63f38914": {
    "url": "db://assets/photo/tank1photo/tank1left.png",
    "value": {
      "depends": []
    },
    "versionCode": 1
  },
  "81abb380-8484-47bc-8779-c0836099d153": {
    "url": "db://assets/photo/tank1photo/tank1right.png",
    "value": {
      "depends": []
    },
    "versionCode": 1
  },
  "9ae0bd82-2d48-4a71-868b-f06d9956cfdf": {
    "url": "db://assets/photo/tank1photo/tank1up.png",
    "value": {
      "depends": []
    },
    "versionCode": 1
  },
  "cd0a8e24-d866-4f31-a827-d59216a0c652": {
    "url": "db://assets/photo/tank1photo",
    "value": {},
    "versionCode": 1
  },
  "86942f5b-6f21-4bc4-a831-312a83475ce8@6c48a": {
    "url": "db://assets/photo/tank1photo/tank1down.png@6c48a",
    "value": {
      "depends": [
        "86942f5b-6f21-4bc4-a831-312a83475ce8"
      ]
    },
    "versionCode": 1
  },
  "11990de5-ac55-4db1-afae-991f63f38914@6c48a": {
    "url": "db://assets/photo/tank1photo/tank1left.png@6c48a",
    "value": {
      "depends": [
        "11990de5-ac55-4db1-afae-991f63f38914"
      ]
    },
    "versionCode": 1
  },
  "81abb380-8484-47bc-8779-c0836099d153@6c48a": {
    "url": "db://assets/photo/tank1photo/tank1right.png@6c48a",
    "value": {
      "depends": [
        "81abb380-8484-47bc-8779-c0836099d153"
      ]
    },
    "versionCode": 1
  },
  "9ae0bd82-2d48-4a71-868b-f06d9956cfdf@6c48a": {
    "url": "db://assets/photo/tank1photo/tank1up.png@6c48a",
    "value": {
      "depends": [
        "9ae0bd82-2d48-4a71-868b-f06d9956cfdf"
      ]
    },
    "versionCode": 1
  },
  "86942f5b-6f21-4bc4-a831-312a83475ce8@f9941": {
    "url": "db://assets/photo/tank1photo/tank1down.png@f9941",
    "value": {
      "depends": [
        "86942f5b-6f21-4bc4-a831-312a83475ce8@6c48a"
      ]
    },
    "versionCode": 1
  },
  "11990de5-ac55-4db1-afae-991f63f38914@f9941": {
    "url": "db://assets/photo/tank1photo/tank1left.png@f9941",
    "value": {
      "depends": [
        "11990de5-ac55-4db1-afae-991f63f38914@6c48a"
      ]
    },
    "versionCode": 1
  },
  "81abb380-8484-47bc-8779-c0836099d153@f9941": {
    "url": "db://assets/photo/tank1photo/tank1right.png@f9941",
    "value": {
      "depends": [
        "81abb380-8484-47bc-8779-c0836099d153@6c48a"
      ]
    },
    "versionCode": 1
  },
  "9ae0bd82-2d48-4a71-868b-f06d9956cfdf@f9941": {
    "url": "db://assets/photo/tank1photo/tank1up.png@f9941",
    "value": {
      "depends": [
        "9ae0bd82-2d48-4a71-868b-f06d9956cfdf@6c48a"
      ]
    },
    "versionCode": 1
  },
  "f16fb09b-91b4-4c02-a6b3-6e460f7ab65c": {
    "url": "db://assets/text/bullet1.ts",
    "value": {},
    "versionCode": 1
  },
  "f73649ed-adbd-4774-bf9e-0749d750dcd5": {
    "url": "db://assets/Prefabs/specialwall.prefab",
    "value": {},
    "versionCode": 1
  },
  "4bcda9d4-6c96-4231-9f50-48b3f7ebf4bc": {
    "url": "db://assets/Prefabs/player0.prefab",
    "value": {},
    "versionCode": 1
  },
  "4af1c3ff-f52c-457b-bd1a-b80970603d82": {
    "url": "db://assets/Prefabs/player1.prefab",
    "value": {},
    "versionCode": 1
  },
  "f4845990-e17f-411e-b3a6-fa50eff4b210": {
    "url": "db://assets/Prefabs/tank0.prefab",
    "value": {
      "depends": [
        "ba9b86be-3ecc-48ba-a83b-02ca9cefad71",
        "79060037-715c-435a-9aa1-9b588aed1ee4@f9941",
        "7effe23c-079c-410c-bcf4-006b38fc31cd@f9941",
        "31386f02-ee31-4e90-9b2d-3a9b00f42098@f9941",
        "7c657c60-537b-4ff7-ba92-bcf29ba31d54@f9941"
      ],
      "dependScripts": [
        "03b5b70c-f874-4daf-a3ab-5f8ecd787a7f",
        "3f68566e-2dce-4cb2-9ea6-e66931227e03",
        "e5373e99-7c5d-4fae-8e0c-5e723ffc57e8"
      ]
    },
    "versionCode": 1
  },
  "44ea65dd-dcbb-4c3b-8483-488681b996e9": {
    "url": "db://assets/Prefabs/tank1.prefab",
    "value": {
      "depends": [
        "380ca9d3-3ed1-4bb4-a284-ff95f9508893",
        "86942f5b-6f21-4bc4-a831-312a83475ce8@f9941",
        "9ae0bd82-2d48-4a71-868b-f06d9956cfdf@f9941",
        "11990de5-ac55-4db1-afae-991f63f38914@f9941",
        "81abb380-8484-47bc-8779-c0836099d153@f9941"
      ],
      "dependScripts": [
        "acf90797-a929-4d3d-8920-3d19cf3e3fe2",
        "20c591ef-2140-4806-bea8-a7519cd3af9d"
      ]
    },
    "versionCode": 1
  },
  "a9e51110-8f2f-4f12-9e70-f4eeb45edca5": {
    "url": "db://assets/Prefabs/normalwalll.prefab",
    "value": {},
    "versionCode": 1
  },
  "6ca093f6-d9c8-4da3-b662-26605666a6b4": {
    "url": "db://assets/Prefabs/specialwall.prefab",
    "value": {
      "depends": [],
      "dependScripts": []
    },
    "versionCode": 1
  },
  "e60f8133-d0ce-45d5-be91-de2e4ceed063": {
    "url": "db://assets/Prefabs/normalwall.prefab",
    "value": {
      "depends": [],
      "dependScripts": [
        "fbe250b1-87fa-4ae2-ad8d-019463cf0bec"
      ]
    },
    "versionCode": 1
  },
  "71988a17-e7d8-4d9e-915a-35199a1d1e76": {
    "url": "db://assets/photo/gameobject",
    "value": {},
    "versionCode": 1
  },
  "5970f1d2-8101-48a2-9be3-8a4202573fef": {
    "url": "db://assets/photo/gameobject/01ca855af00465a801206aba5e6792.png@1280w_1l_2o_100sh.png",
    "value": {
      "depends": []
    },
    "versionCode": 1
  },
  "5970f1d2-8101-48a2-9be3-8a4202573fef@6c48a": {
    "url": "db://assets/photo/gameobject/01ca855af00465a801206aba5e6792.png@1280w_1l_2o_100sh.png@6c48a",
    "value": {
      "depends": [
        "5970f1d2-8101-48a2-9be3-8a4202573fef"
      ]
    },
    "versionCode": 1
  },
  "5970f1d2-8101-48a2-9be3-8a4202573fef@f9941": {
    "url": "db://assets/photo/gameobject/01ca855af00465a801206aba5e6792.png@1280w_1l_2o_100sh.png@f9941",
    "value": {
      "depends": [
        "5970f1d2-8101-48a2-9be3-8a4202573fef@6c48a"
      ]
    },
    "versionCode": 1
  },
  "a9a56420-ca09-4f09-9eda-f072a64ceed5": {
    "url": "db://assets/text/object-movefast.ts",
    "value": {},
    "versionCode": 1
  },
  "da2256c2-f1a4-40cd-bfd0-a8a42a2b4e94": {
    "url": "db://assets/text/tankaffect.ts",
    "value": {},
    "versionCode": 1
  },
  "6f9e6cba-3236-4aef-bf44-5e64592d1def": {
    "url": "db://assets/Prefabs/gameobject",
    "value": {},
    "versionCode": 1
  },
  "389042f7-6033-4238-aab8-7bd1e05b2b3c": {
    "url": "db://assets/Prefabs/gameobject/movefastobject.prefab",
    "value": {
      "depends": [
        "5970f1d2-8101-48a2-9be3-8a4202573fef@f9941"
      ],
      "dependScripts": []
    },
    "versionCode": 1
  },
  "621503c7-5fee-406e-a13b-cb99cf793119": {
    "url": "db://assets/text/object-firefast.ts",
    "value": {},
    "versionCode": 1
  },
  "399148a1-07cb-43fb-bc13-9c1669080510": {
    "url": "db://assets/text/gameobject",
    "value": {},
    "versionCode": 1
  },
  "6fce4746-722d-4502-a7a1-8f51683ccfa1": {
    "url": "db://assets/text/test.ts",
    "value": {},
    "versionCode": 1
  },
  "d97475ad-cfc1-4cd4-9610-adb598f10e24": {
    "url": "db://assets/text/obj-movefast.ts",
    "value": {},
    "versionCode": 1
  },
  "16e0d0d3-919c-4e68-85ba-456f9c957156": {
    "url": "db://assets/text/obj-firefast.ts",
    "value": {},
    "versionCode": 1
  },
  "aac3feb4-439d-486d-b3b3-295efb8a9a35": {
    "url": "db://assets/text/test.ts",
    "value": {},
    "versionCode": 1
  },
  "e5373e99-7c5d-4fae-8e0c-5e723ffc57e8": {
    "url": "db://assets/text/cheat-test.ts",
    "value": {},
    "versionCode": 1
  },
  "32792995-a6b9-4857-9271-dd77472da8b6": {
    "url": "db://assets/Prefabs/gameobject/firefastobject.prefab",
    "value": {
      "depends": [
        "158e7e52-3220-4cd7-9694-713e0e6e8278@f9941"
      ],
      "dependScripts": [
        "16e0d0d3-919c-4e68-85ba-456f9c957156"
      ]
    },
    "versionCode": 1
  },
  "c8953662-c0c0-4642-827f-53ea78dd426c": {
    "url": "db://assets/photo/environment",
    "value": {},
    "versionCode": 1
  },
  "0ba798e7-1fa6-4f52-92a2-9e090392f8ac": {
    "url": "db://assets/photo/qiangphoto",
    "value": {},
    "versionCode": 1
  },
  "61e3633d-584e-4df2-aef3-3905031527a3": {
    "url": "db://assets/photo/environment/grass.png",
    "value": {
      "depends": []
    },
    "versionCode": 1
  },
  "c4a35f7a-917c-4a35-a54a-75bf6a994f27": {
    "url": "db://assets/photo/environment/groud.png",
    "value": {
      "depends": []
    },
    "versionCode": 1
  },
  "0adc66f2-57eb-4925-b1e0-dc201377601e": {
    "url": "db://assets/photo/environment/water.png",
    "value": {
      "depends": []
    },
    "versionCode": 1
  },
  "6f4407e3-d16b-4e87-9232-1a78c16d56d3": {
    "url": "db://assets/photo/qiangphoto/wallbaba.png",
    "value": {
      "depends": []
    },
    "versionCode": 1
  },
  "6c51f436-0e09-4c71-b9b2-aa7bf331791e": {
    "url": "db://assets/photo/qiangphoto/屏幕截图 2024-07-03 151331.png",
    "value": {
      "depends": []
    },
    "versionCode": 1
  },
  "6f4407e3-d16b-4e87-9232-1a78c16d56d3@6c48a": {
    "url": "db://assets/photo/qiangphoto/wallbaba.png@6c48a",
    "value": {
      "depends": [
        "6f4407e3-d16b-4e87-9232-1a78c16d56d3"
      ]
    },
    "versionCode": 1
  },
  "0adc66f2-57eb-4925-b1e0-dc201377601e@6c48a": {
    "url": "db://assets/photo/environment/water.png@6c48a",
    "value": {
      "depends": [
        "0adc66f2-57eb-4925-b1e0-dc201377601e"
      ]
    },
    "versionCode": 1
  },
  "61e3633d-584e-4df2-aef3-3905031527a3@6c48a": {
    "url": "db://assets/photo/environment/grass.png@6c48a",
    "value": {
      "depends": [
        "61e3633d-584e-4df2-aef3-3905031527a3"
      ]
    },
    "versionCode": 1
  },
  "c4a35f7a-917c-4a35-a54a-75bf6a994f27@6c48a": {
    "url": "db://assets/photo/environment/groud.png@6c48a",
    "value": {
      "depends": [
        "c4a35f7a-917c-4a35-a54a-75bf6a994f27"
      ]
    },
    "versionCode": 1
  },
  "6c51f436-0e09-4c71-b9b2-aa7bf331791e@6c48a": {
    "url": "db://assets/photo/qiangphoto/屏幕截图 2024-07-03 151331.png@6c48a",
    "value": {
      "depends": [
        "6c51f436-0e09-4c71-b9b2-aa7bf331791e"
      ]
    },
    "versionCode": 1
  },
  "0adc66f2-57eb-4925-b1e0-dc201377601e@f9941": {
    "url": "db://assets/photo/environment/water.png@f9941",
    "value": {
      "depends": [
        "0adc66f2-57eb-4925-b1e0-dc201377601e@6c48a"
      ]
    },
    "versionCode": 1
  },
  "9fd26fef-3a67-4141-ab86-76d327ccb0a7": {
    "url": "db://assets/photo/qiangphoto/屏幕截图 2024-07-03 151339.png",
    "value": {
      "depends": []
    },
    "versionCode": 1
  },
  "61e3633d-584e-4df2-aef3-3905031527a3@f9941": {
    "url": "db://assets/photo/environment/grass.png@f9941",
    "value": {
      "depends": [
        "61e3633d-584e-4df2-aef3-3905031527a3@6c48a"
      ]
    },
    "versionCode": 1
  },
  "0c0d9845-1ca8-47b5-adc3-af07310cc0fe": {
    "url": "db://assets/photo/qiangphoto/屏幕截图 2024-07-03 151343.png",
    "value": {
      "depends": []
    },
    "versionCode": 1
  },
  "c4a35f7a-917c-4a35-a54a-75bf6a994f27@f9941": {
    "url": "db://assets/photo/environment/groud.png@f9941",
    "value": {
      "depends": [
        "c4a35f7a-917c-4a35-a54a-75bf6a994f27@6c48a"
      ]
    },
    "versionCode": 1
  },
  "8a610c28-8779-4bd6-b80f-b5de6be1735f": {
    "url": "db://assets/photo/qiangphoto/屏幕截图 2024-07-03 151352.png",
    "value": {
      "depends": []
    },
    "versionCode": 1
  },
  "6c51f436-0e09-4c71-b9b2-aa7bf331791e@f9941": {
    "url": "db://assets/photo/qiangphoto/屏幕截图 2024-07-03 151331.png@f9941",
    "value": {
      "depends": [
        "6c51f436-0e09-4c71-b9b2-aa7bf331791e@6c48a"
      ]
    },
    "versionCode": 1
  },
  "bcf59bb8-034f-48a8-bf23-04fceb7ed2f7": {
    "url": "db://assets/photo/qiangphoto/屏幕截图 2024-07-03 151416.png",
    "value": {
      "depends": []
    },
    "versionCode": 1
  },
  "6f4407e3-d16b-4e87-9232-1a78c16d56d3@f9941": {
    "url": "db://assets/photo/qiangphoto/wallbaba.png@f9941",
    "value": {
      "depends": [
        "6f4407e3-d16b-4e87-9232-1a78c16d56d3@6c48a"
      ]
    },
    "versionCode": 1
  },
  "d7aeb0eb-4295-4242-b8a6-9d70b4f75f96": {
    "url": "db://assets/photo/qiangphoto/屏幕截图 2024-07-03 151421.png",
    "value": {
      "depends": []
    },
    "versionCode": 1
  },
  "9fd26fef-3a67-4141-ab86-76d327ccb0a7@6c48a": {
    "url": "db://assets/photo/qiangphoto/屏幕截图 2024-07-03 151339.png@6c48a",
    "value": {
      "depends": [
        "9fd26fef-3a67-4141-ab86-76d327ccb0a7"
      ]
    },
    "versionCode": 1
  },
  "0c0d9845-1ca8-47b5-adc3-af07310cc0fe@6c48a": {
    "url": "db://assets/photo/qiangphoto/屏幕截图 2024-07-03 151343.png@6c48a",
    "value": {
      "depends": [
        "0c0d9845-1ca8-47b5-adc3-af07310cc0fe"
      ]
    },
    "versionCode": 1
  },
  "bcf59bb8-034f-48a8-bf23-04fceb7ed2f7@6c48a": {
    "url": "db://assets/photo/qiangphoto/屏幕截图 2024-07-03 151416.png@6c48a",
    "value": {
      "depends": [
        "bcf59bb8-034f-48a8-bf23-04fceb7ed2f7"
      ]
    },
    "versionCode": 1
  },
  "8a610c28-8779-4bd6-b80f-b5de6be1735f@6c48a": {
    "url": "db://assets/photo/qiangphoto/屏幕截图 2024-07-03 151352.png@6c48a",
    "value": {
      "depends": [
        "8a610c28-8779-4bd6-b80f-b5de6be1735f"
      ]
    },
    "versionCode": 1
  },
  "9fd26fef-3a67-4141-ab86-76d327ccb0a7@f9941": {
    "url": "db://assets/photo/qiangphoto/屏幕截图 2024-07-03 151339.png@f9941",
    "value": {
      "depends": [
        "9fd26fef-3a67-4141-ab86-76d327ccb0a7@6c48a"
      ]
    },
    "versionCode": 1
  },
  "f36a79e0-34c3-4f97-83a7-0b9e92ed4169": {
    "url": "db://assets/photo/qiangphoto/屏幕截图 2024-07-03 151424.png",
    "value": {
      "depends": []
    },
    "versionCode": 1
  },
  "0c0d9845-1ca8-47b5-adc3-af07310cc0fe@f9941": {
    "url": "db://assets/photo/qiangphoto/屏幕截图 2024-07-03 151343.png@f9941",
    "value": {
      "depends": [
        "0c0d9845-1ca8-47b5-adc3-af07310cc0fe@6c48a"
      ]
    },
    "versionCode": 1
  },
  "bd81fa4a-9eae-4f0c-9685-82ddedcc0a04": {
    "url": "db://assets/photo/qiangphoto/屏幕截图 2024-07-03 151431.png",
    "value": {
      "depends": []
    },
    "versionCode": 1
  },
  "bcf59bb8-034f-48a8-bf23-04fceb7ed2f7@f9941": {
    "url": "db://assets/photo/qiangphoto/屏幕截图 2024-07-03 151416.png@f9941",
    "value": {
      "depends": [
        "bcf59bb8-034f-48a8-bf23-04fceb7ed2f7@6c48a"
      ]
    },
    "versionCode": 1
  },
  "8a610c28-8779-4bd6-b80f-b5de6be1735f@f9941": {
    "url": "db://assets/photo/qiangphoto/屏幕截图 2024-07-03 151352.png@f9941",
    "value": {
      "depends": [
        "8a610c28-8779-4bd6-b80f-b5de6be1735f@6c48a"
      ]
    },
    "versionCode": 1
  },
  "d7aeb0eb-4295-4242-b8a6-9d70b4f75f96@6c48a": {
    "url": "db://assets/photo/qiangphoto/屏幕截图 2024-07-03 151421.png@6c48a",
    "value": {
      "depends": [
        "d7aeb0eb-4295-4242-b8a6-9d70b4f75f96"
      ]
    },
    "versionCode": 1
  },
  "d7aeb0eb-4295-4242-b8a6-9d70b4f75f96@f9941": {
    "url": "db://assets/photo/qiangphoto/屏幕截图 2024-07-03 151421.png@f9941",
    "value": {
      "depends": [
        "d7aeb0eb-4295-4242-b8a6-9d70b4f75f96@6c48a"
      ]
    },
    "versionCode": 1
  },
  "f36a79e0-34c3-4f97-83a7-0b9e92ed4169@6c48a": {
    "url": "db://assets/photo/qiangphoto/屏幕截图 2024-07-03 151424.png@6c48a",
    "value": {
      "depends": [
        "f36a79e0-34c3-4f97-83a7-0b9e92ed4169"
      ]
    },
    "versionCode": 1
  },
  "bd81fa4a-9eae-4f0c-9685-82ddedcc0a04@6c48a": {
    "url": "db://assets/photo/qiangphoto/屏幕截图 2024-07-03 151431.png@6c48a",
    "value": {
      "depends": [
        "bd81fa4a-9eae-4f0c-9685-82ddedcc0a04"
      ]
    },
    "versionCode": 1
  },
  "f36a79e0-34c3-4f97-83a7-0b9e92ed4169@f9941": {
    "url": "db://assets/photo/qiangphoto/屏幕截图 2024-07-03 151424.png@f9941",
    "value": {
      "depends": [
        "f36a79e0-34c3-4f97-83a7-0b9e92ed4169@6c48a"
      ]
    },
    "versionCode": 1
  },
  "bd81fa4a-9eae-4f0c-9685-82ddedcc0a04@f9941": {
    "url": "db://assets/photo/qiangphoto/屏幕截图 2024-07-03 151431.png@f9941",
    "value": {
      "depends": [
        "bd81fa4a-9eae-4f0c-9685-82ddedcc0a04@6c48a"
      ]
    },
    "versionCode": 1
  }
}
