{
  "__type__": "cc.SpriteFrame",
  "content": {
    "name": "屏幕截图 2024-07-03 151421",
    "atlas": "",
    "rect": {
      "x": 0,
      "y": 0,
      "width": 107,
      "height": 110
    },
    "offset": {
      "x": 0,
      "y": 0
    },
    "originalSize": {
      "width": 107,
      "height": 110
    },
    "rotated": false,
    "capInsets": [
      0,
      0,
      0,
      0
    ],
    "vertices": {
      "rawPosition": [
        -53.5,
        -55,
        0,
        53.5,
        -55,
        0,
        -53.5,
        55,
        0,
        53.5,
        55,
        0
      ],
      "indexes": [
        0,
        1,
        2,
        2,
        1,
        3
      ],
      "uv": [
        0,
        110,
        107,
        110,
        0,
        0,
        107,
        0
      ],
      "nuv": [
        0,
        0,
        1,
        0,
        0,
        1,
        1,
        1
      ],
      "minPos": {
        "x": -53.5,
        "y": -55,
        "z": 0
      },
      "maxPos": {
        "x": 53.5,
        "y": 55,
        "z": 0
      }
    },
    "texture": "d7aeb0eb-4295-4242-b8a6-9d70b4f75f96@6c48a",
    "packable": true,
    "pixelsToUnit": 100,
    "pivot": {
      "x": 0.5,
      "y": 0.5
    },
    "meshType": 0
  }
}