{
  "__type__": "cc.SpriteFrame",
  "content": {
    "name": "mapzu1",
    "atlas": "",
    "rect": {
      "x": 0,
      "y": 0,
      "width": 797,
      "height": 887
    },
    "offset": {
      "x": 0,
      "y": 0
    },
    "originalSize": {
      "width": 797,
      "height": 887
    },
    "rotated": false,
    "capInsets": [
      0,
      0,
      0,
      0
    ],
    "vertices": {
      "rawPosition": [
        -398.5,
        -443.5,
        0,
        398.5,
        -443.5,
        0,
        -398.5,
        443.5,
        0,
        398.5,
        443.5,
        0
      ],
      "indexes": [
        0,
        1,
        2,
        2,
        1,
        3
      ],
      "uv": [
        0,
        887,
        797,
        887,
        0,
        0,
        797,
        0
      ],
      "nuv": [
        0,
        0,
        1,
        0,
        0,
        1,
        1,
        1
      ],
      "minPos": {
        "x": -398.5,
        "y": -443.5,
        "z": 0
      },
      "maxPos": {
        "x": 398.5,
        "y": 443.5,
        "z": 0
      }
    },
    "texture": "97fa5e1e-15bd-4b06-b9d8-4378cc2ef8cd@6c48a",
    "packable": true,
    "pixelsToUnit": 100,
    "pivot": {
      "x": 0.5,
      "y": 0.5
    },
    "meshType": 0
  }
}