{
  "__type__": "cc.SpriteFrame",
  "content": {
    "name": "屏幕截图 2024-07-03 151343",
    "atlas": "",
    "rect": {
      "x": 0,
      "y": 0,
      "width": 77,
      "height": 84
    },
    "offset": {
      "x": 0,
      "y": 0
    },
    "originalSize": {
      "width": 77,
      "height": 84
    },
    "rotated": false,
    "capInsets": [
      0,
      0,
      0,
      0
    ],
    "vertices": {
      "rawPosition": [
        -38.5,
        -42,
        0,
        38.5,
        -42,
        0,
        -38.5,
        42,
        0,
        38.5,
        42,
        0
      ],
      "indexes": [
        0,
        1,
        2,
        2,
        1,
        3
      ],
      "uv": [
        0,
        84,
        77,
        84,
        0,
        0,
        77,
        0
      ],
      "nuv": [
        0,
        0,
        1,
        0,
        0,
        1,
        1,
        1
      ],
      "minPos": {
        "x": -38.5,
        "y": -42,
        "z": 0
      },
      "maxPos": {
        "x": 38.5,
        "y": 42,
        "z": 0
      }
    },
    "texture": "0c0d9845-1ca8-47b5-adc3-af07310cc0fe@6c48a",
    "packable": true,
    "pixelsToUnit": 100,
    "pivot": {
      "x": 0.5,
      "y": 0.5
    },
    "meshType": 0
  }
}