{
  "__type__": "cc.SpriteFrame",
  "content": {
    "name": "paotai",
    "atlas": "",
    "rect": {
      "x": 0,
      "y": 0,
      "width": 35,
      "height": 55
    },
    "offset": {
      "x": 0,
      "y": 0
    },
    "originalSize": {
      "width": 35,
      "height": 55
    },
    "rotated": false,
    "capInsets": [
      0,
      0,
      0,
      0
    ],
    "vertices": {
      "rawPosition": [
        -17.5,
        -27.5,
        0,
        17.5,
        -27.5,
        0,
        -17.5,
        27.5,
        0,
        17.5,
        27.5,
        0
      ],
      "indexes": [
        0,
        1,
        2,
        2,
        1,
        3
      ],
      "uv": [
        0,
        55,
        35,
        55,
        0,
        0,
        35,
        0
      ],
      "nuv": [
        0,
        0,
        1,
        0,
        0,
        1,
        1,
        1
      ],
      "minPos": {
        "x": -17.5,
        "y": -27.5,
        "z": 0
      },
      "maxPos": {
        "x": 17.5,
        "y": 27.5,
        "z": 0
      }
    },
    "texture": "83d31fc4-6c40-4107-8680-1741a71bd493@6c48a",
    "packable": true,
    "pixelsToUnit": 100,
    "pivot": {
      "x": 0.5,
      "y": 0.5
    },
    "meshType": 0
  }
}