{
  "500e8ecc-d000-4db5-b361-cbe43f810b3a": {
    "assetUuid": "500e8ecc-d000-4db5-b361-cbe43f810b3a",
    "animationUuid": "",
    "expandLevels": [
      "0"
    ]
  },
  "7afd72ba-0b20-49ba-8497-8a53791162f0": {
    "assetUuid": "7afd72ba-0b20-49ba-8497-8a53791162f0",
    "animationUuid": "",
    "expandLevels": [
      "0"
    ]
  },
  "b74f9e44-9ff5-4082-9dbd-03c2b4454bde": {
    "assetUuid": "b74f9e44-9ff5-4082-9dbd-03c2b4454bde",
    "animationUuid": "",
    "expandLevels": [
      "0"
    ]
  },
  "d506c42d-a2d8-4de2-bff7-83bd68a68175": {
    "assetUuid": "d506c42d-a2d8-4de2-bff7-83bd68a68175",
    "animationUuid": "",
    "expandLevels": [
      "0",
      "0_0",
      "0_0_2",
      "0_0_2_0",
      "0_0_2_0_0",
      "0_0_2_1",
      "0_0_2_1_0",
      "0_0_2_2",
      "0_0_2_3"
    ]
  },
  "2018a3af-cb7d-4e17-9c8c-49264b55f149": {
    "assetUuid": "2018a3af-cb7d-4e17-9c8c-49264b55f149",
    "animationUuid": "",
    "expandLevels": [
      "0",
      "0_0"
    ]
  },
  "9623e00b-d2db-4991-b1c8-503505fff18f": {
    "assetUuid": "9623e00b-d2db-4991-b1c8-503505fff18f",
    "animationUuid": "",
    "expandLevels": [
      "0"
    ]
  },
  "bfb03db4-b692-4744-8117-49b9ffa0f0ed": {
    "assetUuid": "bfb03db4-b692-4744-8117-49b9ffa0f0ed",
    "animationUuid": "",
    "expandLevels": [
      "0",
      "0_0"
    ]
  },
  "56c94625-6c31-4bd5-90fe-90c9552fdc01": {
    "assetUuid": "56c94625-6c31-4bd5-90fe-90c9552fdc01",
    "animationUuid": "",
    "expandLevels": [
      "0"
    ]
  },
  "988e9954-902b-43a9-a725-18b4b5ce72b7": {
    "assetUuid": "988e9954-902b-43a9-a725-18b4b5ce72b7",
    "animationUuid": "",
    "expandLevels": [
      "0",
      "0_0"
    ]
  },
  "fcb44091-4d1b-4bc0-906a-50971ab3ea30": {
    "assetUuid": "fcb44091-4d1b-4bc0-906a-50971ab3ea30",
    "animationUuid": "",
    "expandLevels": [
      "0",
      "0_0"
    ]
  },
  "ba9b86be-3ecc-48ba-a83b-02ca9cefad71": {
    "assetUuid": "ba9b86be-3ecc-48ba-a83b-02ca9cefad71",
    "animationUuid": "",
    "expandLevels": [
      "0"
    ]
  },
  "380ca9d3-3ed1-4bb4-a284-ff95f9508893": {
    "assetUuid": "380ca9d3-3ed1-4bb4-a284-ff95f9508893",
    "animationUuid": "",
    "expandLevels": [
      "0"
    ]
  },
  "1a360781-5e10-4ba3-adb1-e411f65a81a3": {
    "assetUuid": "1a360781-5e10-4ba3-adb1-e411f65a81a3",
    "animationUuid": "",
    "expandLevels": [
      "0",
      "0_0"
    ]
  },
  "48f00586-9fc5-4b0e-9136-fbe3498eeb79": {
    "assetUuid": "48f00586-9fc5-4b0e-9136-fbe3498eeb79",
    "animationUuid": "",
    "expandLevels": [
      "0"
    ]
  },
  "b1d2e34f-f49d-42c8-b6b0-cba0d5b430ec": {
    "assetUuid": "b1d2e34f-f49d-42c8-b6b0-cba0d5b430ec",
    "animationUuid": "",
    "expandLevels": [
      "0"
    ]
  },
  "d97bd878-69c0-4430-91de-55ae19544ed5": {
    "assetUuid": "d97bd878-69c0-4430-91de-55ae19544ed5",
    "animationUuid": "",
    "expandLevels": [
      "0"
    ]
  },
  "4af1c3ff-f52c-457b-bd1a-b80970603d82": {
    "assetUuid": "4af1c3ff-f52c-457b-bd1a-b80970603d82",
    "animationUuid": "",
    "expandLevels": [
      "0"
    ]
  },
  "f73649ed-adbd-4774-bf9e-0749d750dcd5": {
    "assetUuid": "f73649ed-adbd-4774-bf9e-0749d750dcd5",
    "animationUuid": "",
    "expandLevels": [
      "0"
    ]
  },
  "6ca093f6-d9c8-4da3-b662-26605666a6b4": {
    "assetUuid": "6ca093f6-d9c8-4da3-b662-26605666a6b4",
    "animationUuid": "",
    "expandLevels": [
      "0"
    ]
  },
  "e60f8133-d0ce-45d5-be91-de2e4ceed063": {
    "assetUuid": "e60f8133-d0ce-45d5-be91-de2e4ceed063",
    "animationUuid": "",
    "expandLevels": [
      "0"
    ]
  },
  "aaba32f2-db3c-42f8-81c8-91f822723437": {
    "assetUuid": "aaba32f2-db3c-42f8-81c8-91f822723437",
    "animationUuid": "",
    "expandLevels": [
      "0"
    ]
  },
  "f4845990-e17f-411e-b3a6-fa50eff4b210": {
    "assetUuid": "f4845990-e17f-411e-b3a6-fa50eff4b210",
    "animationUuid": "",
    "expandLevels": [
      "0"
    ]
  },
  "44ea65dd-dcbb-4c3b-8483-488681b996e9": {
    "assetUuid": "44ea65dd-dcbb-4c3b-8483-488681b996e9",
    "animationUuid": "",
    "expandLevels": [
      "0"
    ]
  },
  "d7a73fca-e21f-4903-bd5b-c61ea8f2a0d9": {
    "assetUuid": "d7a73fca-e21f-4903-bd5b-c61ea8f2a0d9",
    "animationUuid": "",
    "expandLevels": [
      "0"
    ]
  },
  "90a7d994-d70e-4787-b18c-d79a2721553c": {
    "assetUuid": "90a7d994-d70e-4787-b18c-d79a2721553c",
    "animationUuid": "",
    "expandLevels": [
      "0",
      "0_0",
      "0_0_1"
    ]
  },
  "243b34ce-35e3-4c3d-93eb-85080e6eecb0": {
    "assetUuid": "243b34ce-35e3-4c3d-93eb-85080e6eecb0",
    "animationUuid": "",
    "expandLevels": [
      "0"
    ]
  },
  "6249d242-4c71-44a1-afa4-51306b9c38b8": {
    "assetUuid": "6249d242-4c71-44a1-afa4-51306b9c38b8",
    "animationUuid": "",
    "expandLevels": [
      "0"
    ]
  },
  "32792995-a6b9-4857-9271-dd77472da8b6": {
    "assetUuid": "32792995-a6b9-4857-9271-dd77472da8b6",
    "animationUuid": "",
    "expandLevels": [
      "0"
    ]
  },
  "f910c1e5-83dc-414e-bee6-e4b1064a2d8b": {
    "assetUuid": "f910c1e5-83dc-414e-bee6-e4b1064a2d8b",
    "animationUuid": "",
    "expandLevels": [
      "0"
    ]
  },
  "7a8fe521-bb14-4578-ae74-09682ee96913": {
    "assetUuid": "7a8fe521-bb14-4578-ae74-09682ee96913",
    "animationUuid": "",
    "expandLevels": [
      "0"
    ]
  }
}
