{
  "__type__": "cc.SpriteFrame",
  "content": {
    "name": "centetrgiftphoto",
    "atlas": "",
    "rect": {
      "x": 0,
      "y": 0,
      "width": 1163,
      "height": 1106
    },
    "offset": {
      "x": 0,
      "y": 0
    },
    "originalSize": {
      "width": 1163,
      "height": 1106
    },
    "rotated": false,
    "capInsets": [
      0,
      0,
      0,
      0
    ],
    "vertices": {
      "rawPosition": [
        -581.5,
        -553,
        0,
        581.5,
        -553,
        0,
        -581.5,
        553,
        0,
        581.5,
        553,
        0
      ],
      "indexes": [
        0,
        1,
        2,
        2,
        1,
        3
      ],
      "uv": [
        0,
        1106,
        1163,
        1106,
        0,
        0,
        1163,
        0
      ],
      "nuv": [
        0,
        0,
        1,
        0,
        0,
        1,
        1,
        1
      ],
      "minPos": {
        "x": -581.5,
        "y": -553,
        "z": 0
      },
      "maxPos": {
        "x": 581.5,
        "y": 553,
        "z": 0
      }
    },
    "texture": "991106b4-1856-42e2-8f5e-4ec24f5ef04e@6c48a",
    "packable": true,
    "pixelsToUnit": 100,
    "pivot": {
      "x": 0.5,
      "y": 0.5
    },
    "meshType": 0
  }
}