{
  "__type__": "cc.SpriteFrame",
  "content": {
    "name": "qiang0",
    "atlas": "",
    "rect": {
      "x": 0,
      "y": 0,
      "width": 28,
      "height": 30
    },
    "offset": {
      "x": 0,
      "y": 0
    },
    "originalSize": {
      "width": 28,
      "height": 30
    },
    "rotated": false,
    "capInsets": [
      0,
      0,
      0,
      0
    ],
    "vertices": {
      "rawPosition": [
        -14,
        -15,
        0,
        14,
        -15,
        0,
        -14,
        15,
        0,
        14,
        15,
        0
      ],
      "indexes": [
        0,
        1,
        2,
        2,
        1,
        3
      ],
      "uv": [
        0,
        30,
        28,
        30,
        0,
        0,
        28,
        0
      ],
      "nuv": [
        0,
        0,
        1,
        0,
        0,
        1,
        1,
        1
      ],
      "minPos": {
        "x": -14,
        "y": -15,
        "z": 0
      },
      "maxPos": {
        "x": 14,
        "y": 15,
        "z": 0
      }
    },
    "texture": "6c51f436-0e09-4c71-b9b2-aa7bf331791e@6c48a",
    "packable": true,
    "pixelsToUnit": 100,
    "pivot": {
      "x": 0.5,
      "y": 0.5
    },
    "meshType": 0
  }
}