{
  "__type__": "cc.SpriteFrame",
  "content": {
    "name": "qiang3",
    "atlas": "",
    "rect": {
      "x": 0,
      "y": 0,
      "width": 121,
      "height": 93
    },
    "offset": {
      "x": 0,
      "y": 0
    },
    "originalSize": {
      "width": 121,
      "height": 93
    },
    "rotated": false,
    "capInsets": [
      0,
      0,
      0,
      0
    ],
    "vertices": {
      "rawPosition": [
        -60.5,
        -46.5,
        0,
        60.5,
        -46.5,
        0,
        -60.5,
        46.5,
        0,
        60.5,
        46.5,
        0
      ],
      "indexes": [
        0,
        1,
        2,
        2,
        1,
        3
      ],
      "uv": [
        0,
        93,
        121,
        93,
        0,
        0,
        121,
        0
      ],
      "nuv": [
        0,
        0,
        1,
        0,
        0,
        1,
        1,
        1
      ],
      "minPos": {
        "x": -60.5,
        "y": -46.5,
        "z": 0
      },
      "maxPos": {
        "x": 60.5,
        "y": 46.5,
        "z": 0
      }
    },
    "texture": "8a610c28-8779-4bd6-b80f-b5de6be1735f@6c48a",
    "packable": true,
    "pixelsToUnit": 100,
    "pivot": {
      "x": 0.5,
      "y": 0.5
    },
    "meshType": 0
  }
}