{
  "gizmos-infos": {
    "is2D": true,
    "is3DIcon": false,
    "iconSize": 2,
    "gridVisible": true,
    "gridColor": [
      166,
      166,
      166,
      255
    ],
    "transformToolName": "position",
    "pivot": "pivot",
    "coordinate": "local",
    "toolsVisibility3d": true
  },
  "__version__": "1.0.0",
  "builder": {
    "taskOptionsMap": {},
    "__version__": "1.3.8"
  },
  "snap-configs": {
    "position": {
      "x": 1,
      "y": 1,
      "z": 1
    },
    "rotation": 1,
    "scale": 1,
    "isPositionSnapEnabled": false,
    "isRotationSnapEnabled": false,
    "isScaleSnapEnabled": false
  },
  "rect-snap-configs": {
    "enableSnapping": true,
    "snapThreshold": 4
  },
  "camera-infos": {
    "500e8ecc-d000-4db5-b361-cbe43f810b3a": {
      "position": {
        "x": 709.1538256846338,
        "y": 265.9507970688985,
        "z": 5000
      },
      "rotation": {
        "x": 0,
        "y": 0,
        "z": 0,
        "w": 1
      },
      "viewCenter": {
        "x": 0,
        "y": 0,
        "z": 0
      },
      "contentRect": {
        "x": 69.1538256846339,
        "y": -94.0492029311015,
        "width": 894.6,
        "height": 503.2125
      },
      "scale": 0.6989062500000001
    },
    "7afd72ba-0b20-49ba-8497-8a53791162f0": {
      "position": {
        "x": 2154.486561105582,
        "y": 1081.6812830787676,
        "z": 5000
      },
      "rotation": {
        "x": 0,
        "y": 0,
        "z": 0,
        "w": 1
      },
      "viewCenter": {
        "x": 0,
        "y": 0,
        "z": 0
      },
      "contentRect": {
        "x": -3879.7483162497956,
        "y": -2312.575835433632,
        "width": 894.6,
        "height": 503.2125
      },
      "scale": 0.07412704495122968
    },
    "bfb03db4-b692-4744-8117-49b9ffa0f0ed": {
      "position": {
        "x": 518.0400921812832,
        "y": 270.87545197863,
        "z": 5000
      },
      "rotation": {
        "x": 0,
        "y": 0,
        "z": 0,
        "w": 1
      },
      "viewCenter": {
        "x": 0,
        "y": 0,
        "z": 0
      },
      "contentRect": {
        "x": 77.86671037656528,
        "y": 23.27792471347619,
        "width": 894.6,
        "height": 503.2125
      },
      "scale": 1.0161904796833985
    },
    "2018a3af-cb7d-4e17-9c8c-49264b55f149": {
      "position": {
        "x": 640,
        "y": 360,
        "z": 5000
      },
      "rotation": {
        "x": 0,
        "y": 0,
        "z": 0,
        "w": 1
      },
      "viewCenter": {
        "x": 0,
        "y": 0,
        "z": 0
      },
      "contentRect": {
        "x": 0,
        "y": 8.133196528262268e-14,
        "width": 894.6,
        "height": 503.2125
      },
      "scale": 0.6989062500000001
    },
    "988e9954-902b-43a9-a725-18b4b5ce72b7": {
      "position": {
        "x": 639.9999999999999,
        "y": 360,
        "z": 5000
      },
      "rotation": {
        "x": 0,
        "y": 0,
        "z": 0,
        "w": 1
      },
      "viewCenter": {
        "x": 0,
        "y": 0,
        "z": 0
      },
      "contentRect": {
        "x": 0,
        "y": 0,
        "width": 595,
        "height": 334.6875
      },
      "scale": 0.46484375
    },
    "1a360781-5e10-4ba3-adb1-e411f65a81a3": {
      "position": {
        "x": 640,
        "y": 360.0000000000001,
        "z": 5000
      },
      "rotation": {
        "x": 0,
        "y": 0,
        "z": 0,
        "w": 1
      },
      "viewCenter": {
        "x": 0,
        "y": 0,
        "z": 0
      },
      "contentRect": {
        "x": 0,
        "y": 6.749496859168299e-14,
        "width": 1078,
        "height": 606.375
      },
      "scale": 0.8421875
    },
    "48f00586-9fc5-4b0e-9136-fbe3498eeb79": {
      "position": {
        "x": 640,
        "y": 360.0000000000001,
        "z": 5000
      },
      "rotation": {
        "x": 0,
        "y": 0,
        "z": 0,
        "w": 1
      },
      "viewCenter": {
        "x": 0,
        "y": 0,
        "z": 0
      },
      "contentRect": {
        "x": 0,
        "y": -78.02597402597394,
        "width": 1078,
        "height": 606.375
      },
      "scale": 0.8421875
    },
    "b1d2e34f-f49d-42c8-b6b0-cba0d5b430ec": {
      "position": {
        "x": 640,
        "y": 360.0000000000001,
        "z": 5000
      },
      "rotation": {
        "x": 0,
        "y": 0,
        "z": 0,
        "w": 1
      },
      "viewCenter": {
        "x": 0,
        "y": 0,
        "z": 0
      },
      "contentRect": {
        "x": 0,
        "y": -78.02597402597394,
        "width": 1078,
        "height": 606.375
      },
      "scale": 0.8421875
    },
    "d97bd878-69c0-4430-91de-55ae19544ed5": {
      "position": {
        "x": 640,
        "y": 360.0000000000001,
        "z": 5000
      },
      "rotation": {
        "x": 0,
        "y": 0,
        "z": 0,
        "w": 1
      },
      "viewCenter": {
        "x": 0,
        "y": 0,
        "z": 0
      },
      "contentRect": {
        "x": 0,
        "y": -78.02597402597394,
        "width": 1078,
        "height": 606.375
      },
      "scale": 0.8421875
    },
    "4af1c3ff-f52c-457b-bd1a-b80970603d82": {
      "position": {
        "x": 0,
        "y": 0,
        "z": 5000
      },
      "rotation": {
        "x": 0,
        "y": 0,
        "z": 0,
        "w": 1
      },
      "viewCenter": {
        "x": 0,
        "y": 0,
        "z": 0
      },
      "contentRect": {
        "x": 0,
        "y": 0,
        "width": 0,
        "height": 0
      },
      "scale": 1
    },
    "f73649ed-adbd-4774-bf9e-0749d750dcd5": {
      "position": {
        "x": 485.16271332896235,
        "y": -122.54396892350337,
        "z": 5000
      },
      "rotation": {
        "x": 0,
        "y": 0,
        "z": 0,
        "w": 1
      },
      "viewCenter": {
        "x": 0,
        "y": 0,
        "z": 0
      },
      "contentRect": {
        "x": 485.1627133289624,
        "y": -122.54396892350356,
        "width": 0,
        "height": 0
      },
      "scale": 0.47302882336279795
    },
    "aaba32f2-db3c-42f8-81c8-91f822723437": {
      "position": {
        "x": 640,
        "y": 360,
        "z": 5000
      },
      "rotation": {
        "x": 0,
        "y": 0,
        "z": 0,
        "w": 1
      },
      "viewCenter": {
        "x": 0,
        "y": 0,
        "z": 0
      },
      "contentRect": {
        "x": 0,
        "y": -77.1743357096565,
        "width": 1080.1,
        "height": 607.5562499999999
      },
      "scale": 0.8438281249999999
    },
    "3c4420b0-d453-4828-b212-47aa0369b8cb": {
      "position": {
        "x": 815.0466666666666,
        "y": 501.4116666666667,
        "z": 5000
      },
      "rotation": {
        "x": 0,
        "y": 0,
        "z": 0,
        "w": 1
      },
      "viewCenter": {
        "x": 0,
        "y": 0,
        "z": 0
      },
      "contentRect": {
        "x": 0,
        "y": 117.18750000000001,
        "width": 1575,
        "height": 1050
      },
      "scale": 0.7
    },
    "3057ca66-228d-4305-8e71-e6b0b6d58fe4": {
      "position": {
        "x": 639.4949999999999,
        "y": 360.4299843688941,
        "z": 5000
      },
      "rotation": {
        "x": 0,
        "y": 0,
        "z": 0,
        "w": 1
      },
      "viewCenter": {
        "x": 0,
        "y": 0,
        "z": 0
      },
      "contentRect": {
        "x": 0,
        "y": 0.14067995310674472,
        "width": 895.3,
        "height": 504
      },
      "scale": 0.7
    },
    "d7a73fca-e21f-4903-bd5b-c61ea8f2a0d9": {
      "position": {
        "x": -208.95000000000005,
        "y": -117.53437499999995,
        "z": 5000
      },
      "rotation": {
        "x": 0,
        "y": 0,
        "z": 0,
        "w": 1
      },
      "viewCenter": {
        "x": 0,
        "y": 0,
        "z": 0
      },
      "contentRect": {
        "x": -577.85,
        "y": -486.43437499999993,
        "width": 0,
        "height": 0
      },
      "scale": 1
    },
    "2e10ac44-a9c5-4469-8a34-1eff03a1ce9e": {
      "position": {
        "x": 639.4575,
        "y": 360.45146737006644,
        "z": 5000
      },
      "rotation": {
        "x": 0,
        "y": 0,
        "z": 0,
        "w": 1
      },
      "viewCenter": {
        "x": 0,
        "y": 0,
        "z": 0
      },
      "contentRect": {
        "x": 0,
        "y": 0.14067995310674472,
        "width": 895.3,
        "height": 504
      },
      "scale": 0.7
    },
    "6ca093f6-d9c8-4da3-b662-26605666a6b4": {
      "position": {
        "x": 665.6894444444442,
        "y": 719.277,
        "z": 5000
      },
      "rotation": {
        "x": 0,
        "y": 0,
        "z": 0,
        "w": 1
      },
      "viewCenter": {
        "x": 0,
        "y": 0,
        "z": 0
      },
      "contentRect": {
        "x": 665.4741666666665,
        "y": 703.777,
        "width": 737.8,
        "height": 737.8
      },
      "scale": 23.799999999999997
    },
    "56c94625-6c31-4bd5-90fe-90c9552fdc01": {
      "position": {
        "x": 553.7763374512053,
        "y": 413.4084600421994,
        "z": 5000
      },
      "rotation": {
        "x": 0,
        "y": 0,
        "z": 0,
        "w": 1
      },
      "viewCenter": {
        "x": 0,
        "y": 0,
        "z": 0
      },
      "contentRect": {
        "x": -213.6663083106012,
        "y": -354.03418571960697,
        "width": 894.6,
        "height": 503.2125
      },
      "scale": 0.48068738691711516
    },
    "243b34ce-35e3-4c3d-93eb-85080e6eecb0": {
      "position": {
        "x": 640,
        "y": 360,
        "z": 5000
      },
      "rotation": {
        "x": 0,
        "y": 0,
        "z": 0,
        "w": 1
      },
      "viewCenter": {
        "x": 0,
        "y": 0,
        "z": 0
      },
      "contentRect": {
        "x": 0,
        "y": -77.1743357096565,
        "width": 1080.1,
        "height": 607.5562499999999
      },
      "scale": 0.8438281249999999
    },
    "6249d242-4c71-44a1-afa4-51306b9c38b8": {
      "position": {
        "x": 632.3755047013366,
        "y": 414.8815140507505,
        "z": 5000
      },
      "rotation": {
        "x": 0,
        "y": 0,
        "z": 0,
        "w": 1
      },
      "viewCenter": {
        "x": 0,
        "y": 0,
        "z": 0
      },
      "contentRect": {
        "x": -139.3415050207502,
        "y": -19.209303917923187,
        "width": 1080.1,
        "height": 607.5562499999999
      },
      "scale": 0.6998031573704518
    },
    "e60f8133-d0ce-45d5-be91-de2e4ceed063": {
      "position": {
        "x": -6951.163823541348,
        "y": 2981.282595268811,
        "z": 5000
      },
      "rotation": {
        "x": 0,
        "y": 0,
        "z": 0,
        "w": 1
      },
      "viewCenter": {
        "x": 0,
        "y": 0,
        "z": 0
      },
      "contentRect": {
        "x": -6998.403529998529,
        "y": -419.9762696482378,
        "width": 10.24722222222222,
        "height": 737.8
      },
      "scale": 0.10845984226754728
    },
    "380ca9d3-3ed1-4bb4-a284-ff95f9508893": {
      "position": {
        "x": 1424.4393004788424,
        "y": 706.0858559428538,
        "z": 5000
      },
      "rotation": {
        "x": 0,
        "y": 0,
        "z": 0,
        "w": 1
      },
      "viewCenter": {
        "x": 0,
        "y": 0,
        "z": 0
      },
      "contentRect": {
        "x": 1059.7340776661254,
        "y": 456.7996660306593,
        "width": 1079.3999999999999,
        "height": 737.8
      },
      "scale": 1.4798252567859327
    },
    "ba9b86be-3ecc-48ba-a83b-02ca9cefad71": {
      "position": {
        "x": -7233.8626595455935,
        "y": 562.4979513986655,
        "z": 5000
      },
      "rotation": {
        "x": 0,
        "y": 0,
        "z": 0,
        "w": 1
      },
      "viewCenter": {
        "x": 0,
        "y": 0,
        "z": 0
      },
      "contentRect": {
        "x": -25678.862659545564,
        "y": -17882.50204860133,
        "width": 737.7999999999988,
        "height": 737.8
      },
      "scale": 0.02
    },
    "f910c1e5-83dc-414e-bee6-e4b1064a2d8b": {
      "position": {
        "x": 640,
        "y": 360.00000000000006,
        "z": 5000
      },
      "rotation": {
        "x": 0,
        "y": 0,
        "z": 0,
        "w": 1
      },
      "viewCenter": {
        "x": 0,
        "y": 0,
        "z": 0
      },
      "contentRect": {
        "x": 0,
        "y": -24.364672364672284,
        "width": 1228.5,
        "height": 691.03125
      },
      "scale": 0.959765625
    },
    "7a8fe521-bb14-4578-ae74-09682ee96913": {
      "position": {
        "x": 640,
        "y": 360.00000000000006,
        "z": 5000
      },
      "rotation": {
        "x": 0,
        "y": 0,
        "z": 0,
        "w": 1
      },
      "viewCenter": {
        "x": 0,
        "y": 0,
        "z": 0
      },
      "contentRect": {
        "x": 0,
        "y": -24.364672364672284,
        "width": 1228.5,
        "height": 691.03125
      },
      "scale": 0.959765625
    },
    "90a7d994-d70e-4787-b18c-d79a2721553c": {
      "position": {
        "x": 356.02807392225924,
        "y": 311.5811128451212,
        "z": 5000
      },
      "rotation": {
        "x": 0,
        "y": 0,
        "z": 0,
        "w": 1
      },
      "viewCenter": {
        "x": 0,
        "y": 0,
        "z": 0
      },
      "contentRect": {
        "x": 62.770559895896845,
        "y": 146.62376120529237,
        "width": 737.8,
        "height": 737.8
      },
      "scale": 1.182748892731935
    },
    "389042f7-6033-4238-aab8-7bd1e05b2b3c": {
      "position": {
        "x": 910.4696962663975,
        "y": 772.5966962663977,
        "z": 5000
      },
      "rotation": {
        "x": 0,
        "y": 0,
        "z": 0,
        "w": 1
      },
      "viewCenter": {
        "x": 0,
        "y": 0,
        "z": 0
      },
      "contentRect": {
        "x": 885.4696962663976,
        "y": 758.5341962663977,
        "width": 693.7,
        "height": 693.7
      },
      "scale": 13.874
    },
    "32792995-a6b9-4857-9271-dd77472da8b6": {
      "position": {
        "x": 961.5098656723053,
        "y": 596.2404050052637,
        "z": 5000
      },
      "rotation": {
        "x": 0,
        "y": 0,
        "z": 0,
        "w": 1
      },
      "viewCenter": {
        "x": 0,
        "y": 0,
        "z": 0
      },
      "contentRect": {
        "x": 873.8492935407018,
        "y": 508.57983287366017,
        "width": 737.8,
        "height": 737.8
      },
      "scale": 4.208277347838614
    },
    "c2964df7-dd7b-4f1b-8e3a-82a62ff19ac6": {
      "position": {
        "x": 640,
        "y": 360,
        "z": 5000
      },
      "rotation": {
        "x": 0,
        "y": 0,
        "z": 0,
        "w": 1
      },
      "viewCenter": {
        "x": 0,
        "y": 0,
        "z": 0
      },
      "contentRect": {
        "x": 0,
        "y": -63.02233902759514,
        "width": 1065.4,
        "height": 599.2875000000001
      },
      "scale": 0.8323437500000002
    },
    "ca692069-a166-4ff1-9f42-9e4dcdad9071": {
      "position": {
        "x": 640,
        "y": 360,
        "z": 5000
      },
      "rotation": {
        "x": 0,
        "y": 0,
        "z": 0,
        "w": 1
      },
      "viewCenter": {
        "x": 0,
        "y": 0,
        "z": 0
      },
      "contentRect": {
        "x": 620,
        "y": 340,
        "width": 704.2,
        "height": 704.2
      },
      "scale": 17.605
    },
    "8548f677-485e-4ce5-86b7-1b3a12b03c21": {
      "position": {
        "x": 640,
        "y": 360,
        "z": 5000
      },
      "rotation": {
        "x": 0,
        "y": 0,
        "z": 0,
        "w": 1
      },
      "viewCenter": {
        "x": 0,
        "y": 0,
        "z": 0
      },
      "contentRect": {
        "x": 590,
        "y": 310.00000000000006,
        "width": 704.2,
        "height": 704.2
      },
      "scale": 7.042000000000001
    },
    "9417811e-f4b7-46fe-8657-93005f615328": {
      "position": {
        "x": 640,
        "y": 360,
        "z": 5000
      },
      "rotation": {
        "x": 0,
        "y": 0,
        "z": 0,
        "w": 1
      },
      "viewCenter": {
        "x": 0,
        "y": 0,
        "z": 0
      },
      "contentRect": {
        "x": 0,
        "y": -63.02233902759514,
        "width": 1065.4,
        "height": 599.2875000000001
      },
      "scale": 0.8323437500000002
    },
    "f4845990-e17f-411e-b3a6-fa50eff4b210": {
      "position": {
        "x": 136.15993836978134,
        "y": 184.40643310269525,
        "z": 5000
      },
      "rotation": {
        "x": 0,
        "y": 0,
        "z": 0,
        "w": 1
      },
      "viewCenter": {
        "x": 0,
        "y": 0,
        "z": 0
      },
      "contentRect": {
        "x": 111.15993836978133,
        "y": 159.40643310269525,
        "width": 704.2,
        "height": 704.2
      },
      "scale": 14.084000000000001
    },
    "44ea65dd-dcbb-4c3b-8483-488681b996e9": {
      "position": {
        "x": 621.344,
        "y": 267.835,
        "z": 5000
      },
      "rotation": {
        "x": 0,
        "y": 0,
        "z": 0,
        "w": 1
      },
      "viewCenter": {
        "x": 0,
        "y": 0,
        "z": 0
      },
      "contentRect": {
        "x": 596.344,
        "y": 242.83499999999995,
        "width": 704.2,
        "height": 704.2
      },
      "scale": 14.084000000000001
    },
    "b154fcef-f554-49e1-869f-ee0de41d735e": {
      "position": {
        "x": 0,
        "y": 0,
        "z": 5000
      },
      "rotation": {
        "x": 0,
        "y": 0,
        "z": 0,
        "w": 1
      },
      "viewCenter": {
        "x": 0,
        "y": 0,
        "z": 0
      },
      "contentRect": {
        "x": -140,
        "y": -78.75,
        "width": 0,
        "height": 0
      },
      "scale": 1
    },
    "36291188-d37d-4b4f-a128-588f20d16162": {
      "position": {
        "x": 680.1785947963066,
        "y": 288.9182694049788,
        "z": 5000
      },
      "rotation": {
        "x": 0,
        "y": 0,
        "z": 0,
        "w": 1
      },
      "viewCenter": {
        "x": 0,
        "y": 0,
        "z": 0
      },
      "contentRect": {
        "x": 451.49996246699203,
        "y": 60.23963707566419,
        "width": 1065.4,
        "height": 703.9906243632798
      },
      "scale": 1.539715348187623
    },
    "d506c42d-a2d8-4de2-bff7-83bd68a68175": {
      "position": {
        "x": 733.5559999999998,
        "y": 364.278,
        "z": 5000
      },
      "rotation": {
        "x": 0,
        "y": 0,
        "z": 0,
        "w": 1
      },
      "viewCenter": {
        "x": 0,
        "y": 0,
        "z": 0
      },
      "contentRect": {
        "x": 733.5559999999998,
        "y": 364.278,
        "width": 704.2,
        "height": 704.2
      },
      "scale": 14.084000000000001
    },
    "2244bed9-46f7-44cb-8624-7d38d8ef36df": {
      "position": {
        "x": 148.983,
        "y": 184.399,
        "z": 5000
      },
      "rotation": {
        "x": 0,
        "y": 0,
        "z": 0,
        "w": 1
      },
      "viewCenter": {
        "x": 0,
        "y": 0,
        "z": 0
      },
      "contentRect": {
        "x": 123.983,
        "y": 159.399,
        "width": 704.2,
        "height": 704.2
      },
      "scale": 14.084000000000001
    },
    "23d4dcab-e845-40fe-b1fe-739086423db7": {
      "position": {
        "x": 635.0758488416263,
        "y": 341.1191062685879,
        "z": 5000
      },
      "rotation": {
        "x": 0,
        "y": 0,
        "z": 0,
        "w": 1
      },
      "viewCenter": {
        "x": 0,
        "y": 0,
        "z": 0
      },
      "contentRect": {
        "x": 584.0934237488559,
        "y": 290.13668117581744,
        "width": 704.2,
        "height": 704.2
      },
      "scale": 6.906301521736149
    },
    "282a2781-49d8-4c56-8812-c52f130e262b": {
      "position": {
        "x": 1126.75383169675,
        "y": 270.7801184462293,
        "z": 5000
      },
      "rotation": {
        "x": 0,
        "y": 0,
        "z": 0,
        "w": 1
      },
      "viewCenter": {
        "x": 0,
        "y": 0,
        "z": 0
      },
      "contentRect": {
        "x": 1112.2141065235471,
        "y": 256.2403932730262,
        "width": 704.2,
        "height": 704.2
      },
      "scale": 24.216413708350196
    }
  },
  "camera-uuids": [
    "500e8ecc-d000-4db5-b361-cbe43f810b3a",
    "7afd72ba-0b20-49ba-8497-8a53791162f0",
    "bfb03db4-b692-4744-8117-49b9ffa0f0ed",
    "2018a3af-cb7d-4e17-9c8c-49264b55f149",
    "988e9954-902b-43a9-a725-18b4b5ce72b7",
    "1a360781-5e10-4ba3-adb1-e411f65a81a3",
    "48f00586-9fc5-4b0e-9136-fbe3498eeb79",
    "b1d2e34f-f49d-42c8-b6b0-cba0d5b430ec",
    "d97bd878-69c0-4430-91de-55ae19544ed5",
    "4af1c3ff-f52c-457b-bd1a-b80970603d82",
    "f73649ed-adbd-4774-bf9e-0749d750dcd5",
    "aaba32f2-db3c-42f8-81c8-91f822723437",
    "3c4420b0-d453-4828-b212-47aa0369b8cb",
    "3057ca66-228d-4305-8e71-e6b0b6d58fe4",
    "d7a73fca-e21f-4903-bd5b-c61ea8f2a0d9",
    "2e10ac44-a9c5-4469-8a34-1eff03a1ce9e",
    "6ca093f6-d9c8-4da3-b662-26605666a6b4",
    "56c94625-6c31-4bd5-90fe-90c9552fdc01",
    "243b34ce-35e3-4c3d-93eb-85080e6eecb0",
    "6249d242-4c71-44a1-afa4-51306b9c38b8",
    "e60f8133-d0ce-45d5-be91-de2e4ceed063",
    "380ca9d3-3ed1-4bb4-a284-ff95f9508893",
    "ba9b86be-3ecc-48ba-a83b-02ca9cefad71",
    "f910c1e5-83dc-414e-bee6-e4b1064a2d8b",
    "7a8fe521-bb14-4578-ae74-09682ee96913",
    "90a7d994-d70e-4787-b18c-d79a2721553c",
    "389042f7-6033-4238-aab8-7bd1e05b2b3c",
    "32792995-a6b9-4857-9271-dd77472da8b6",
    "c2964df7-dd7b-4f1b-8e3a-82a62ff19ac6",
    "ca692069-a166-4ff1-9f42-9e4dcdad9071",
    "8548f677-485e-4ce5-86b7-1b3a12b03c21",
    "9417811e-f4b7-46fe-8657-93005f615328",
    "f4845990-e17f-411e-b3a6-fa50eff4b210",
    "44ea65dd-dcbb-4c3b-8483-488681b996e9",
    "b154fcef-f554-49e1-869f-ee0de41d735e",
    "36291188-d37d-4b4f-a128-588f20d16162",
    "d506c42d-a2d8-4de2-bff7-83bd68a68175",
    "2244bed9-46f7-44cb-8624-7d38d8ef36df",
    "23d4dcab-e845-40fe-b1fe-739086423db7",
    "282a2781-49d8-4c56-8812-c52f130e262b"
  ],
  "camera": {
    "color": [
      48,
      48,
      48,
      255
    ],
    "fov": 28,
    "far": 10000,
    "near": 0.01,
    "wheelSpeed": 0.01,
    "wanderSpeed": 10,
    "enableAcceleration": true,
    "size": "__default_design__",
    "far2D": 10000,
    "near2D": 1,
    "wheelSpeed2D": 6,
    "iso": 0,
    "aperture": 19,
    "shutter": 7
  },
  "float-window": {
    "position": {
      "cc": {
        "Camera": {
          "dock": false,
          "top": null,
          "bottom": 10,
          "left": null,
          "right": 10
        }
      }
    }
  },
  "scene_view": {
    "isSceneLightOn": true,
    "output_device": "__default_design__"
  }
}
