{
  "__type__": "cc.SpriteFrame",
  "content": {
    "name": "water",
    "atlas": "",
    "rect": {
      "x": 0,
      "y": 0,
      "width": 85,
      "height": 79
    },
    "offset": {
      "x": 0,
      "y": 0
    },
    "originalSize": {
      "width": 85,
      "height": 79
    },
    "rotated": false,
    "capInsets": [
      0,
      0,
      0,
      0
    ],
    "vertices": {
      "rawPosition": [
        -42.5,
        -39.5,
        0,
        42.5,
        -39.5,
        0,
        -42.5,
        39.5,
        0,
        42.5,
        39.5,
        0
      ],
      "indexes": [
        0,
        1,
        2,
        2,
        1,
        3
      ],
      "uv": [
        0,
        79,
        85,
        79,
        0,
        0,
        85,
        0
      ],
      "nuv": [
        0,
        0,
        1,
        0,
        0,
        1,
        1,
        1
      ],
      "minPos": {
        "x": -42.5,
        "y": -39.5,
        "z": 0
      },
      "maxPos": {
        "x": 42.5,
        "y": 39.5,
        "z": 0
      }
    },
    "texture": "0adc66f2-57eb-4925-b1e0-dc201377601e@6c48a",
    "packable": true,
    "pixelsToUnit": 100,
    "pivot": {
      "x": 0.5,
      "y": 0.5
    },
    "meshType": 0
  }
}