{
  "__type__": "cc.SpriteFrame",
  "content": {
    "name": "hulan",
    "atlas": "",
    "rect": {
      "x": 0,
      "y": 0,
      "width": 105,
      "height": 36
    },
    "offset": {
      "x": 0,
      "y": 0
    },
    "originalSize": {
      "width": 105,
      "height": 36
    },
    "rotated": false,
    "capInsets": [
      0,
      0,
      0,
      0
    ],
    "vertices": {
      "rawPosition": [
        -52.5,
        -18,
        0,
        52.5,
        -18,
        0,
        -52.5,
        18,
        0,
        52.5,
        18,
        0
      ],
      "indexes": [
        0,
        1,
        2,
        2,
        1,
        3
      ],
      "uv": [
        0,
        36,
        105,
        36,
        0,
        0,
        105,
        0
      ],
      "nuv": [
        0,
        0,
        1,
        0,
        0,
        1,
        1,
        1
      ],
      "minPos": {
        "x": -52.5,
        "y": -18,
        "z": 0
      },
      "maxPos": {
        "x": 52.5,
        "y": 18,
        "z": 0
      }
    },
    "texture": "643c4e21-d3e2-4873-a78d-934dbbed0ded@6c48a",
    "packable": true,
    "pixelsToUnit": 100,
    "pivot": {
      "x": 0.5,
      "y": 0.5
    },
    "meshType": 0
  }
}