[
    1,
    [
        "60f7195c-ec2a-45eb-ba94-8955f60e81d0"
    ],
    [
        "_effectAsset"
    ],
    [
        [
            "cc.Material",
            [
                "_name",
                "_props",
                "_states",
                "_defines"
            ],
            -1
        ]
    ],
    [
        [
            0,
            0,
            1,
            2,
            3,
            5
        ]
    ],
    [
        [
            0,
            "ui-sprite-gray-material",
            [
                {}
            ],
            [
                {
                    "rasterizerState": {},
                    "depthStencilState": {},
                    "blendState": {
                        "targets": [
                            {}
                        ]
                    }
                }
            ],
            [
                {
                    "USE_TEXTURE": true,
                    "CC_USE_EMBEDDED_ALPHA": false,
                    "IS_GRAY": true
                }
            ]
        ]
    ],
    0,
    0,
    [
        0
    ],
    [
        0
    ],
    [
        0
    ]
]
