{
  "__type__": "cc.SpriteFrame",
  "content": {
    "name": "up",
    "atlas": "",
    "rect": {
      "x": 0,
      "y": 0,
      "width": 407,
      "height": 515
    },
    "offset": {
      "x": 0,
      "y": 0
    },
    "originalSize": {
      "width": 407,
      "height": 515
    },
    "rotated": false,
    "capInsets": [
      0,
      0,
      0,
      0
    ],
    "vertices": {
      "rawPosition": [
        -203.5,
        -257.5,
        0,
        203.5,
        -257.5,
        0,
        -203.5,
        257.5,
        0,
        203.5,
        257.5,
        0
      ],
      "indexes": [
        0,
        1,
        2,
        2,
        1,
        3
      ],
      "uv": [
        0,
        515,
        407,
        515,
        0,
        0,
        407,
        0
      ],
      "nuv": [
        0,
        0,
        1,
        0,
        0,
        1,
        1,
        1
      ],
      "minPos": {
        "x": -203.5,
        "y": -257.5,
        "z": 0
      },
      "maxPos": {
        "x": 203.5,
        "y": 257.5,
        "z": 0
      }
    },
    "texture": "bf055e14-f509-485e-a92e-f17525288a2a@6c48a",
    "packable": true,
    "pixelsToUnit": 100,
    "pivot": {
      "x": 0.5,
      "y": 0.5
    },
    "meshType": 0
  }
}