[
  {
    "__type__": "cc.SceneAsset",
    "_name": "scene-2d",
    "_objFlags": 0,
    "__editorExtras__": {},
    "_native": "",
    "scene": {
      "__id__": 1
    }
  },
  {
    "__type__": "cc.Scene",
    "_name": "scene-2d",
    "_objFlags": 0,
    "__editorExtras__": {},
    "_parent": null,
    "_children": [
      {
        "__id__": 2
      }
    ],
    "_active": true,
    "_components": [],
    "_prefab": {
      "__id__": 80
    },
    "_lpos": {
      "__type__": "cc.Vec3",
      "x": 0,
      "y": 0,
      "z": 0
    },
    "_lrot": {
      "__type__": "cc.Quat",
      "x": 0,
      "y": 0,
      "z": 0,
      "w": 1
    },
    "_lscale": {
      "__type__": "cc.Vec3",
      "x": 1,
      "y": 1,
      "z": 1
    },
    "_mobility": 0,
    "_layer": 1073741824,
    "_euler": {
      "__type__": "cc.Vec3",
      "x": 0,
      "y": 0,
      "z": 0
    },
    "autoReleaseAssets": false,
    "_globals": {
      "__id__": 81
    },
    "_id": "d506c42d-a2d8-4de2-bff7-83bd68a68175"
  },
  {
    "__type__": "cc.Node",
    "_name": "Canvas",
    "_objFlags": 0,
    "__editorExtras__": {},
    "_parent": {
      "__id__": 1
    },
    "_children": [
      {
        "__id__": 3
      },
      {
        "__id__": 5
      },
      {
        "__id__": 8
      }
    ],
    "_active": true,
    "_components": [
      {
        "__id__": 77
      },
      {
        "__id__": 78
      },
      {
        "__id__": 79
      }
    ],
    "_prefab": null,
    "_lpos": {
      "__type__": "cc.Vec3",
      "x": 640,
      "y": 360.00000000000006,
      "z": 0
    },
    "_lrot": {
      "__type__": "cc.Quat",
      "x": 0,
      "y": 0,
      "z": 0,
      "w": 1
    },
    "_lscale": {
      "__type__": "cc.Vec3",
      "x": 1,
      "y": 1,
      "z": 1
    },
    "_mobility": 0,
    "_layer": 33554432,
    "_euler": {
      "__type__": "cc.Vec3",
      "x": 0,
      "y": 0,
      "z": 0
    },
    "_id": "beI88Z2HpFELqR4T5EMHpg"
  },
  {
    "__type__": "cc.Node",
    "_name": "Camera",
    "_objFlags": 0,
    "__editorExtras__": {},
    "_parent": {
      "__id__": 2
    },
    "_children": [],
    "_active": true,
    "_components": [
      {
        "__id__": 4
      }
    ],
    "_prefab": null,
    "_lpos": {
      "__type__": "cc.Vec3",
      "x": 0,
      "y": 0,
      "z": 1000
    },
    "_lrot": {
      "__type__": "cc.Quat",
      "x": 0,
      "y": 0,
      "z": 0,
      "w": 1
    },
    "_lscale": {
      "__type__": "cc.Vec3",
      "x": 1,
      "y": 1,
      "z": 1
    },
    "_mobility": 0,
    "_layer": 1073741824,
    "_euler": {
      "__type__": "cc.Vec3",
      "x": 0,
      "y": 0,
      "z": 0
    },
    "_id": "ebFwiq8gBFaYpqYbdoDODe"
  },
  {
    "__type__": "cc.Camera",
    "_name": "",
    "_objFlags": 0,
    "__editorExtras__": {},
    "node": {
      "__id__": 3
    },
    "_enabled": true,
    "__prefab": null,
    "_projection": 0,
    "_priority": 0,
    "_fov": 45,
    "_fovAxis": 0,
    "_orthoHeight": 437.6653696498055,
    "_near": 0,
    "_far": 1000,
    "_color": {
      "__type__": "cc.Color",
      "r": 0,
      "g": 0,
      "b": 0,
      "a": 255
    },
    "_depth": 1,
    "_stencil": 0,
    "_clearFlags": 7,
    "_rect": {
      "__type__": "cc.Rect",
      "x": 0,
      "y": 0,
      "width": 1,
      "height": 1
    },
    "_aperture": 19,
    "_shutter": 7,
    "_iso": 0,
    "_screenScale": 1,
    "_visibility": 1108344832,
    "_targetTexture": null,
    "_postProcess": null,
    "_usePostProcess": false,
    "_cameraType": -1,
    "_trackingType": 0,
    "_id": "63WIch3o5BEYRlXzTT0oWc"
  },
  {
    "__type__": "cc.Node",
    "_name": "Graphics",
    "_objFlags": 0,
    "__editorExtras__": {},
    "_parent": {
      "__id__": 2
    },
    "_children": [],
    "_active": true,
    "_components": [
      {
        "__id__": 6
      },
      {
        "__id__": 7
      }
    ],
    "_prefab": null,
    "_lpos": {
      "__type__": "cc.Vec3",
      "x": 0.475,
      "y": 0.185,
      "z": 0
    },
    "_lrot": {
      "__type__": "cc.Quat",
      "x": 0,
      "y": 0,
      "z": 0,
      "w": 1
    },
    "_lscale": {
      "__type__": "cc.Vec3",
      "x": 1,
      "y": 1,
      "z": 1
    },
    "_mobility": 1,
    "_layer": 33554432,
    "_euler": {
      "__type__": "cc.Vec3",
      "x": 0,
      "y": 0,
      "z": 0
    },
    "_id": "22q0jtSutGs59ZJ4S/6O67"
  },
  {
    "__type__": "cc.UITransform",
    "_name": "",
    "_objFlags": 0,
    "__editorExtras__": {},
    "node": {
      "__id__": 5
    },
    "_enabled": true,
    "__prefab": null,
    "_contentSize": {
      "__type__": "cc.Size",
      "width": 100,
      "height": 100
    },
    "_anchorPoint": {
      "__type__": "cc.Vec2",
      "x": 0.5,
      "y": 0.5
    },
    "_id": "afqC7KIb1AXqhgMPFE7Gst"
  },
  {
    "__type__": "cc.Graphics",
    "_name": "",
    "_objFlags": 0,
    "__editorExtras__": {},
    "node": {
      "__id__": 5
    },
    "_enabled": true,
    "__prefab": null,
    "_customMaterial": null,
    "_srcBlendFactor": 2,
    "_dstBlendFactor": 4,
    "_color": {
      "__type__": "cc.Color",
      "r": 255,
      "g": 255,
      "b": 255,
      "a": 255
    },
    "_lineWidth": 1,
    "_strokeColor": {
      "__type__": "cc.Color",
      "r": 71,
      "g": 89,
      "b": 184,
      "a": 255
    },
    "_lineJoin": 2,
    "_lineCap": 0,
    "_fillColor": {
      "__type__": "cc.Color",
      "r": 255,
      "g": 255,
      "b": 255,
      "a": 255
    },
    "_miterLimit": 10,
    "_id": "f5eS5NxE5MkLZDG4H3bOXL"
  },
  {
    "__type__": "cc.Node",
    "_name": "background",
    "_objFlags": 0,
    "__editorExtras__": {},
    "_parent": {
      "__id__": 2
    },
    "_children": [
      {
        "__id__": 9
      },
      {
        "__id__": 17
      },
      {
        "__id__": 25
      }
    ],
    "_active": true,
    "_components": [
      {
        "__id__": 74
      },
      {
        "__id__": 75
      },
      {
        "__id__": 76
      }
    ],
    "_prefab": null,
    "_lpos": {
      "__type__": "cc.Vec3",
      "x": -0.45,
      "y": -2.884,
      "z": 0
    },
    "_lrot": {
      "__type__": "cc.Quat",
      "x": 0,
      "y": 0,
      "z": 0,
      "w": 1
    },
    "_lscale": {
      "__type__": "cc.Vec3",
      "x": 1,
      "y": 1,
      "z": 1
    },
    "_mobility": 0,
    "_layer": 33554432,
    "_euler": {
      "__type__": "cc.Vec3",
      "x": 0,
      "y": 0,
      "z": 0
    },
    "_id": "43UO/KxepLmZoGxL8p1Mw+"
  },
  {
    "__type__": "cc.Node",
    "_objFlags": 0,
    "_parent": {
      "__id__": 8
    },
    "_prefab": {
      "__id__": 10
    },
    "__editorExtras__": {}
  },
  {
    "__type__": "cc.PrefabInfo",
    "root": {
      "__id__": 9
    },
    "asset": {
      "__uuid__": "f4845990-e17f-411e-b3a6-fa50eff4b210",
      "__expectedType__": "cc.Prefab"
    },
    "fileId": "6bYxoXa+9NkYTQr4l49Qhj",
    "instance": {
      "__id__": 11
    },
    "targetOverrides": null,
    "nestedPrefabInstanceRoots": null
  },
  {
    "__type__": "cc.PrefabInstance",
    "fileId": "aeUyJ051dCSKhUUQr6lt+3",
    "prefabRootNode": null,
    "mountedChildren": [],
    "mountedComponents": [],
    "propertyOverrides": [
      {
        "__id__": 12
      },
      {
        "__id__": 14
      },
      {
        "__id__": 15
      },
      {
        "__id__": 16
      }
    ],
    "removedComponents": []
  },
  {
    "__type__": "CCPropertyOverrideInfo",
    "targetInfo": {
      "__id__": 13
    },
    "propertyPath": [
      "_name"
    ],
    "value": "tank0"
  },
  {
    "__type__": "cc.TargetInfo",
    "localID": [
      "6bYxoXa+9NkYTQr4l49Qhj"
    ]
  },
  {
    "__type__": "CCPropertyOverrideInfo",
    "targetInfo": {
      "__id__": 13
    },
    "propertyPath": [
      "_lpos"
    ],
    "value": {
      "__type__": "cc.Vec3",
      "x": -491.017,
      "y": -175.601,
      "z": 0
    }
  },
  {
    "__type__": "CCPropertyOverrideInfo",
    "targetInfo": {
      "__id__": 13
    },
    "propertyPath": [
      "_lrot"
    ],
    "value": {
      "__type__": "cc.Quat",
      "x": 0,
      "y": 0,
      "z": 0,
      "w": 1
    }
  },
  {
    "__type__": "CCPropertyOverrideInfo",
    "targetInfo": {
      "__id__": 13
    },
    "propertyPath": [
      "_euler"
    ],
    "value": {
      "__type__": "cc.Vec3",
      "x": 0,
      "y": 0,
      "z": 0
    }
  },
  {
    "__type__": "cc.Node",
    "_objFlags": 0,
    "_parent": {
      "__id__": 8
    },
    "_prefab": {
      "__id__": 18
    },
    "__editorExtras__": {}
  },
  {
    "__type__": "cc.PrefabInfo",
    "root": {
      "__id__": 17
    },
    "asset": {
      "__uuid__": "44ea65dd-dcbb-4c3b-8483-488681b996e9",
      "__expectedType__": "cc.Prefab"
    },
    "fileId": "9bllq2ne1FYZd53jln2/Cg",
    "instance": {
      "__id__": 19
    },
    "targetOverrides": null,
    "nestedPrefabInstanceRoots": null
  },
  {
    "__type__": "cc.PrefabInstance",
    "fileId": "83qEpw74FDi6mbgsybuWDc",
    "prefabRootNode": null,
    "mountedChildren": [],
    "mountedComponents": [],
    "propertyOverrides": [
      {
        "__id__": 20
      },
      {
        "__id__": 22
      },
      {
        "__id__": 23
      },
      {
        "__id__": 24
      }
    ],
    "removedComponents": []
  },
  {
    "__type__": "CCPropertyOverrideInfo",
    "targetInfo": {
      "__id__": 21
    },
    "propertyPath": [
      "_name"
    ],
    "value": "tank1"
  },
  {
    "__type__": "cc.TargetInfo",
    "localID": [
      "9bllq2ne1FYZd53jln2/Cg"
    ]
  },
  {
    "__type__": "CCPropertyOverrideInfo",
    "targetInfo": {
      "__id__": 21
    },
    "propertyPath": [
      "_lpos"
    ],
    "value": {
      "__type__": "cc.Vec3",
      "x": -18.656,
      "y": -92.165,
      "z": 0
    }
  },
  {
    "__type__": "CCPropertyOverrideInfo",
    "targetInfo": {
      "__id__": 21
    },
    "propertyPath": [
      "_lrot"
    ],
    "value": {
      "__type__": "cc.Quat",
      "x": 0,
      "y": 0,
      "z": 0,
      "w": 1
    }
  },
  {
    "__type__": "CCPropertyOverrideInfo",
    "targetInfo": {
      "__id__": 21
    },
    "propertyPath": [
      "_euler"
    ],
    "value": {
      "__type__": "cc.Vec3",
      "x": 0,
      "y": 0,
      "z": 0
    }
  },
  {
    "__type__": "cc.Node",
    "_name": "boundary",
    "_objFlags": 0,
    "__editorExtras__": {},
    "_parent": {
      "__id__": 8
    },
    "_children": [
      {
        "__id__": 26
      },
      {
        "__id__": 34
      },
      {
        "__id__": 44
      },
      {
        "__id__": 54
      },
      {
        "__id__": 62
      }
    ],
    "_active": true,
    "_components": [],
    "_prefab": null,
    "_lpos": {
      "__type__": "cc.Vec3",
      "x": -639.55,
      "y": -357.11600000000004,
      "z": 0
    },
    "_lrot": {
      "__type__": "cc.Quat",
      "x": 0,
      "y": 0,
      "z": 0,
      "w": 1
    },
    "_lscale": {
      "__type__": "cc.Vec3",
      "x": 1,
      "y": 1,
      "z": 1
    },
    "_mobility": 0,
    "_layer": 1073741824,
    "_euler": {
      "__type__": "cc.Vec3",
      "x": 0,
      "y": 0,
      "z": 0
    },
    "_id": "33+irzzmdHqpDqnlU/GeV1"
  },
  {
    "__type__": "cc.Node",
    "_objFlags": 0,
    "_parent": {
      "__id__": 25
    },
    "_prefab": {
      "__id__": 27
    },
    "__editorExtras__": {}
  },
  {
    "__type__": "cc.PrefabInfo",
    "root": {
      "__id__": 26
    },
    "asset": {
      "__uuid__": "e60f8133-d0ce-45d5-be91-de2e4ceed063",
      "__expectedType__": "cc.Prefab"
    },
    "fileId": "e6NX6Th+dLLLrJUh0FKtKs",
    "instance": {
      "__id__": 28
    },
    "targetOverrides": null,
    "nestedPrefabInstanceRoots": null
  },
  {
    "__type__": "cc.PrefabInstance",
    "fileId": "eay8y9Nj9Ccp0e9ulAoUKM",
    "prefabRootNode": null,
    "mountedChildren": [],
    "mountedComponents": [],
    "propertyOverrides": [
      {
        "__id__": 29
      },
      {
        "__id__": 31
      },
      {
        "__id__": 32
      },
      {
        "__id__": 33
      }
    ],
    "removedComponents": []
  },
  {
    "__type__": "CCPropertyOverrideInfo",
    "targetInfo": {
      "__id__": 30
    },
    "propertyPath": [
      "_name"
    ],
    "value": "normalwall"
  },
  {
    "__type__": "cc.TargetInfo",
    "localID": [
      "e6NX6Th+dLLLrJUh0FKtKs"
    ]
  },
  {
    "__type__": "CCPropertyOverrideInfo",
    "targetInfo": {
      "__id__": 30
    },
    "propertyPath": [
      "_lpos"
    ],
    "value": {
      "__type__": "cc.Vec3",
      "x": 1285.48,
      "y": 360.268,
      "z": 0
    }
  },
  {
    "__type__": "CCPropertyOverrideInfo",
    "targetInfo": {
      "__id__": 30
    },
    "propertyPath": [
      "_lrot"
    ],
    "value": {
      "__type__": "cc.Quat",
      "x": 0,
      "y": 0,
      "z": 0,
      "w": 1
    }
  },
  {
    "__type__": "CCPropertyOverrideInfo",
    "targetInfo": {
      "__id__": 30
    },
    "propertyPath": [
      "_euler"
    ],
    "value": {
      "__type__": "cc.Vec3",
      "x": 0,
      "y": 0,
      "z": 0
    }
  },
  {
    "__type__": "cc.Node",
    "_objFlags": 0,
    "_parent": {
      "__id__": 25
    },
    "_prefab": {
      "__id__": 35
    },
    "__editorExtras__": {}
  },
  {
    "__type__": "cc.PrefabInfo",
    "root": {
      "__id__": 34
    },
    "asset": {
      "__uuid__": "e60f8133-d0ce-45d5-be91-de2e4ceed063",
      "__expectedType__": "cc.Prefab"
    },
    "fileId": "e6NX6Th+dLLLrJUh0FKtKs",
    "instance": {
      "__id__": 36
    },
    "targetOverrides": null,
    "nestedPrefabInstanceRoots": null
  },
  {
    "__type__": "cc.PrefabInstance",
    "fileId": "8crCEnLZFG26oHNEzm3b0M",
    "prefabRootNode": null,
    "mountedChildren": [],
    "mountedComponents": [],
    "propertyOverrides": [
      {
        "__id__": 37
      },
      {
        "__id__": 39
      },
      {
        "__id__": 40
      },
      {
        "__id__": 41
      },
      {
        "__id__": 42
      }
    ],
    "removedComponents": []
  },
  {
    "__type__": "CCPropertyOverrideInfo",
    "targetInfo": {
      "__id__": 38
    },
    "propertyPath": [
      "_name"
    ],
    "value": "normalwall"
  },
  {
    "__type__": "cc.TargetInfo",
    "localID": [
      "e6NX6Th+dLLLrJUh0FKtKs"
    ]
  },
  {
    "__type__": "CCPropertyOverrideInfo",
    "targetInfo": {
      "__id__": 38
    },
    "propertyPath": [
      "_lpos"
    ],
    "value": {
      "__type__": "cc.Vec3",
      "x": 641.622,
      "y": 724.878,
      "z": 0
    }
  },
  {
    "__type__": "CCPropertyOverrideInfo",
    "targetInfo": {
      "__id__": 38
    },
    "propertyPath": [
      "_lrot"
    ],
    "value": {
      "__type__": "cc.Quat",
      "x": 0,
      "y": 0,
      "z": -0.7071067811865475,
      "w": 0.7071067811865476
    }
  },
  {
    "__type__": "CCPropertyOverrideInfo",
    "targetInfo": {
      "__id__": 38
    },
    "propertyPath": [
      "_euler"
    ],
    "value": {
      "__type__": "cc.Vec3",
      "x": 0,
      "y": 0,
      "z": -90
    }
  },
  {
    "__type__": "CCPropertyOverrideInfo",
    "targetInfo": {
      "__id__": 43
    },
    "propertyPath": [
      "_contentSize"
    ],
    "value": {
      "__type__": "cc.Size",
      "width": 10,
      "height": 1280
    }
  },
  {
    "__type__": "cc.TargetInfo",
    "localID": [
      "7eanYQN41Pj5TqhZy/udUW"
    ]
  },
  {
    "__type__": "cc.Node",
    "_objFlags": 0,
    "_parent": {
      "__id__": 25
    },
    "_prefab": {
      "__id__": 45
    },
    "__editorExtras__": {}
  },
  {
    "__type__": "cc.PrefabInfo",
    "root": {
      "__id__": 44
    },
    "asset": {
      "__uuid__": "e60f8133-d0ce-45d5-be91-de2e4ceed063",
      "__expectedType__": "cc.Prefab"
    },
    "fileId": "e6NX6Th+dLLLrJUh0FKtKs",
    "instance": {
      "__id__": 46
    },
    "targetOverrides": null,
    "nestedPrefabInstanceRoots": null
  },
  {
    "__type__": "cc.PrefabInstance",
    "fileId": "53PZFBPjdBYaO4pc5kqtC8",
    "prefabRootNode": null,
    "mountedChildren": [],
    "mountedComponents": [],
    "propertyOverrides": [
      {
        "__id__": 47
      },
      {
        "__id__": 49
      },
      {
        "__id__": 50
      },
      {
        "__id__": 51
      },
      {
        "__id__": 52
      }
    ],
    "removedComponents": []
  },
  {
    "__type__": "CCPropertyOverrideInfo",
    "targetInfo": {
      "__id__": 48
    },
    "propertyPath": [
      "_name"
    ],
    "value": "normalwall"
  },
  {
    "__type__": "cc.TargetInfo",
    "localID": [
      "e6NX6Th+dLLLrJUh0FKtKs"
    ]
  },
  {
    "__type__": "CCPropertyOverrideInfo",
    "targetInfo": {
      "__id__": 48
    },
    "propertyPath": [
      "_lpos"
    ],
    "value": {
      "__type__": "cc.Vec3",
      "x": 639.643,
      "y": -6.007,
      "z": 0
    }
  },
  {
    "__type__": "CCPropertyOverrideInfo",
    "targetInfo": {
      "__id__": 48
    },
    "propertyPath": [
      "_lrot"
    ],
    "value": {
      "__type__": "cc.Quat",
      "x": 0,
      "y": 0,
      "z": -0.7071067811865475,
      "w": 0.7071067811865476
    }
  },
  {
    "__type__": "CCPropertyOverrideInfo",
    "targetInfo": {
      "__id__": 48
    },
    "propertyPath": [
      "_euler"
    ],
    "value": {
      "__type__": "cc.Vec3",
      "x": 0,
      "y": 0,
      "z": -90
    }
  },
  {
    "__type__": "CCPropertyOverrideInfo",
    "targetInfo": {
      "__id__": 53
    },
    "propertyPath": [
      "_contentSize"
    ],
    "value": {
      "__type__": "cc.Size",
      "width": 10,
      "height": 1280
    }
  },
  {
    "__type__": "cc.TargetInfo",
    "localID": [
      "7eanYQN41Pj5TqhZy/udUW"
    ]
  },
  {
    "__type__": "cc.Node",
    "_objFlags": 0,
    "_parent": {
      "__id__": 25
    },
    "_prefab": {
      "__id__": 55
    },
    "__editorExtras__": {}
  },
  {
    "__type__": "cc.PrefabInfo",
    "root": {
      "__id__": 54
    },
    "asset": {
      "__uuid__": "e60f8133-d0ce-45d5-be91-de2e4ceed063",
      "__expectedType__": "cc.Prefab"
    },
    "fileId": "e6NX6Th+dLLLrJUh0FKtKs",
    "instance": {
      "__id__": 56
    },
    "targetOverrides": null,
    "nestedPrefabInstanceRoots": null
  },
  {
    "__type__": "cc.PrefabInstance",
    "fileId": "2dvIAWivhMqZuPZVRY6lXm",
    "prefabRootNode": null,
    "mountedChildren": [],
    "mountedComponents": [],
    "propertyOverrides": [
      {
        "__id__": 57
      },
      {
        "__id__": 59
      },
      {
        "__id__": 60
      },
      {
        "__id__": 61
      }
    ],
    "removedComponents": []
  },
  {
    "__type__": "CCPropertyOverrideInfo",
    "targetInfo": {
      "__id__": 58
    },
    "propertyPath": [
      "_name"
    ],
    "value": "normalwall"
  },
  {
    "__type__": "cc.TargetInfo",
    "localID": [
      "e6NX6Th+dLLLrJUh0FKtKs"
    ]
  },
  {
    "__type__": "CCPropertyOverrideInfo",
    "targetInfo": {
      "__id__": 58
    },
    "propertyPath": [
      "_lpos"
    ],
    "value": {
      "__type__": "cc.Vec3",
      "x": -4.481,
      "y": 360.268,
      "z": 0
    }
  },
  {
    "__type__": "CCPropertyOverrideInfo",
    "targetInfo": {
      "__id__": 58
    },
    "propertyPath": [
      "_lrot"
    ],
    "value": {
      "__type__": "cc.Quat",
      "x": 0,
      "y": 0,
      "z": 0,
      "w": 1
    }
  },
  {
    "__type__": "CCPropertyOverrideInfo",
    "targetInfo": {
      "__id__": 58
    },
    "propertyPath": [
      "_euler"
    ],
    "value": {
      "__type__": "cc.Vec3",
      "x": 0,
      "y": 0,
      "z": 0
    }
  },
  {
    "__type__": "cc.Node",
    "_objFlags": 0,
    "_parent": {
      "__id__": 25
    },
    "_prefab": {
      "__id__": 63
    },
    "__editorExtras__": {}
  },
  {
    "__type__": "cc.PrefabInfo",
    "root": {
      "__id__": 62
    },
    "asset": {
      "__uuid__": "6ca093f6-d9c8-4da3-b662-26605666a6b4",
      "__expectedType__": "cc.Prefab"
    },
    "fileId": "760ilsrA5MiaMRcxAEEGx5",
    "instance": {
      "__id__": 64
    },
    "targetOverrides": null,
    "nestedPrefabInstanceRoots": null
  },
  {
    "__type__": "cc.PrefabInstance",
    "fileId": "38KqrIh4BKjLMeZm+oGHEW",
    "prefabRootNode": null,
    "mountedChildren": [],
    "mountedComponents": [],
    "propertyOverrides": [
      {
        "__id__": 65
      },
      {
        "__id__": 67
      },
      {
        "__id__": 68
      },
      {
        "__id__": 69
      },
      {
        "__id__": 70
      },
      {
        "__id__": 72
      }
    ],
    "removedComponents": []
  },
  {
    "__type__": "CCPropertyOverrideInfo",
    "targetInfo": {
      "__id__": 66
    },
    "propertyPath": [
      "_name"
    ],
    "value": "specialwall"
  },
  {
    "__type__": "cc.TargetInfo",
    "localID": [
      "760ilsrA5MiaMRcxAEEGx5"
    ]
  },
  {
    "__type__": "CCPropertyOverrideInfo",
    "targetInfo": {
      "__id__": 66
    },
    "propertyPath": [
      "_lpos"
    ],
    "value": {
      "__type__": "cc.Vec3",
      "x": 545.064,
      "y": 333.61,
      "z": 0
    }
  },
  {
    "__type__": "CCPropertyOverrideInfo",
    "targetInfo": {
      "__id__": 66
    },
    "propertyPath": [
      "_lrot"
    ],
    "value": {
      "__type__": "cc.Quat",
      "x": 0,
      "y": 0,
      "z": 0,
      "w": 1
    }
  },
  {
    "__type__": "CCPropertyOverrideInfo",
    "targetInfo": {
      "__id__": 66
    },
    "propertyPath": [
      "_euler"
    ],
    "value": {
      "__type__": "cc.Vec3",
      "x": 0,
      "y": 0,
      "z": 0
    }
  },
  {
    "__type__": "CCPropertyOverrideInfo",
    "targetInfo": {
      "__id__": 71
    },
    "propertyPath": [
      "_contentSize"
    ],
    "value": {
      "__type__": "cc.Size",
      "width": 20,
      "height": 400
    }
  },
  {
    "__type__": "cc.TargetInfo",
    "localID": [
      "60GPktD+FDH6hZqPuXHQvk"
    ]
  },
  {
    "__type__": "CCPropertyOverrideInfo",
    "targetInfo": {
      "__id__": 73
    },
    "propertyPath": [
      "_spriteFrame"
    ],
    "value": {
      "__uuid__": "35ac62e8-0b7a-4367-970d-dfdfbdd023c6@f9941",
      "__expectedType__": "cc.SpriteFrame"
    }
  },
  {
    "__type__": "cc.TargetInfo",
    "localID": [
      "76E7KU6WVGq78cbvxiub9F"
    ]
  },
  {
    "__type__": "cc.UITransform",
    "_name": "",
    "_objFlags": 0,
    "__editorExtras__": {},
    "node": {
      "__id__": 8
    },
    "_enabled": true,
    "__prefab": null,
    "_contentSize": {
      "__type__": "cc.Size",
      "width": 1280,
      "height": 720
    },
    "_anchorPoint": {
      "__type__": "cc.Vec2",
      "x": 0.5,
      "y": 0.5
    },
    "_id": "b3KPSpGtdAEKN/06Toeoxa"
  },
  {
    "__type__": "cc.Graphics",
    "_name": "",
    "_objFlags": 0,
    "__editorExtras__": {},
    "node": {
      "__id__": 8
    },
    "_enabled": true,
    "__prefab": null,
    "_customMaterial": null,
    "_srcBlendFactor": 2,
    "_dstBlendFactor": 4,
    "_color": {
      "__type__": "cc.Color",
      "r": 255,
      "g": 255,
      "b": 255,
      "a": 255
    },
    "_lineWidth": 1,
    "_strokeColor": {
      "__type__": "cc.Color",
      "r": 245,
      "g": 236,
      "b": 235,
      "a": 255
    },
    "_lineJoin": 1,
    "_lineCap": 0,
    "_fillColor": {
      "__type__": "cc.Color",
      "r": 104,
      "g": 175,
      "b": 91,
      "a": 255
    },
    "_miterLimit": 0.5,
    "_id": "d3/UOmMA5AhbidJKUCf203"
  },
  {
    "__type__": "b50dczuoj9L06/49nBn0Nab",
    "_name": "",
    "_objFlags": 0,
    "__editorExtras__": {},
    "node": {
      "__id__": 8
    },
    "_enabled": true,
    "__prefab": null,
    "_id": "deApC1XJVOSqsJhPqfLGOe"
  },
  {
    "__type__": "cc.UITransform",
    "_name": "",
    "_objFlags": 0,
    "__editorExtras__": {},
    "node": {
      "__id__": 2
    },
    "_enabled": true,
    "__prefab": null,
    "_contentSize": {
      "__type__": "cc.Size",
      "width": 1280,
      "height": 720
    },
    "_anchorPoint": {
      "__type__": "cc.Vec2",
      "x": 0.5,
      "y": 0.5
    },
    "_id": "d6rUX5yfhMlKoWX2bSbawx"
  },
  {
    "__type__": "cc.Canvas",
    "_name": "",
    "_objFlags": 0,
    "__editorExtras__": {},
    "node": {
      "__id__": 2
    },
    "_enabled": true,
    "__prefab": null,
    "_cameraComponent": {
      "__id__": 4
    },
    "_alignCanvasWithScreen": true,
    "_id": "12O/ljcVlEqLmVm3U2gEOQ"
  },
  {
    "__type__": "cc.Widget",
    "_name": "",
    "_objFlags": 0,
    "__editorExtras__": {},
    "node": {
      "__id__": 2
    },
    "_enabled": true,
    "__prefab": null,
    "_alignFlags": 45,
    "_target": null,
    "_left": 0,
    "_right": 0,
    "_top": 5.684341886080802e-14,
    "_bottom": 5.684341886080802e-14,
    "_horizontalCenter": 0,
    "_verticalCenter": 0,
    "_isAbsLeft": true,
    "_isAbsRight": true,
    "_isAbsTop": true,
    "_isAbsBottom": true,
    "_isAbsHorizontalCenter": true,
    "_isAbsVerticalCenter": true,
    "_originalWidth": 0,
    "_originalHeight": 0,
    "_alignMode": 2,
    "_lockFlags": 0,
    "_id": "c5V1EV8IpMtrIvY1OE9t2u"
  },
  {
    "__type__": "cc.PrefabInfo",
    "root": null,
    "asset": null,
    "fileId": "d506c42d-a2d8-4de2-bff7-83bd68a68175",
    "instance": null,
    "targetOverrides": null,
    "nestedPrefabInstanceRoots": [
      {
        "__id__": 9
      },
      {
        "__id__": 17
      },
      {
        "__id__": 26
      },
      {
        "__id__": 34
      },
      {
        "__id__": 44
      },
      {
        "__id__": 54
      },
      {
        "__id__": 62
      }
    ]
  },
  {
    "__type__": "cc.SceneGlobals",
    "ambient": {
      "__id__": 82
    },
    "shadows": {
      "__id__": 83
    },
    "_skybox": {
      "__id__": 84
    },
    "fog": {
      "__id__": 85
    },
    "octree": {
      "__id__": 86
    },
    "skin": {
      "__id__": 87
    },
    "lightProbeInfo": {
      "__id__": 88
    },
    "postSettings": {
      "__id__": 89
    },
    "bakedWithStationaryMainLight": false,
    "bakedWithHighpLightmap": false
  },
  {
    "__type__": "cc.AmbientInfo",
    "_skyColorHDR": {
      "__type__": "cc.Vec4",
      "x": 0,
      "y": 0,
      "z": 0,
      "w": 0.520833125
    },
    "_skyColor": {
      "__type__": "cc.Vec4",
      "x": 0,
      "y": 0,
      "z": 0,
      "w": 0.520833125
    },
    "_skyIllumHDR": 20000,
    "_skyIllum": 20000,
    "_groundAlbedoHDR": {
      "__type__": "cc.Vec4",
      "x": 0,
      "y": 0,
      "z": 0,
      "w": 0
    },
    "_groundAlbedo": {
      "__type__": "cc.Vec4",
      "x": 0,
      "y": 0,
      "z": 0,
      "w": 0
    },
    "_skyColorLDR": {
      "__type__": "cc.Vec4",
      "x": 0.2,
      "y": 0.5,
      "z": 0.8,
      "w": 1
    },
    "_skyIllumLDR": 20000,
    "_groundAlbedoLDR": {
      "__type__": "cc.Vec4",
      "x": 0.2,
      "y": 0.2,
      "z": 0.2,
      "w": 1
    }
  },
  {
    "__type__": "cc.ShadowsInfo",
    "_enabled": false,
    "_type": 0,
    "_normal": {
      "__type__": "cc.Vec3",
      "x": 0,
      "y": 1,
      "z": 0
    },
    "_distance": 0,
    "_planeBias": 1,
    "_shadowColor": {
      "__type__": "cc.Color",
      "r": 76,
      "g": 76,
      "b": 76,
      "a": 255
    },
    "_maxReceived": 4,
    "_size": {
      "__type__": "cc.Vec2",
      "x": 512,
      "y": 512
    }
  },
  {
    "__type__": "cc.SkyboxInfo",
    "_envLightingType": 0,
    "_envmapHDR": null,
    "_envmap": null,
    "_envmapLDR": null,
    "_diffuseMapHDR": null,
    "_diffuseMapLDR": null,
    "_enabled": false,
    "_useHDR": true,
    "_editableMaterial": null,
    "_reflectionHDR": null,
    "_reflectionLDR": null,
    "_rotationAngle": 0
  },
  {
    "__type__": "cc.FogInfo",
    "_type": 0,
    "_fogColor": {
      "__type__": "cc.Color",
      "r": 200,
      "g": 200,
      "b": 200,
      "a": 255
    },
    "_enabled": false,
    "_fogDensity": 0.3,
    "_fogStart": 0.5,
    "_fogEnd": 300,
    "_fogAtten": 5,
    "_fogTop": 1.5,
    "_fogRange": 1.2,
    "_accurate": false
  },
  {
    "__type__": "cc.OctreeInfo",
    "_enabled": false,
    "_minPos": {
      "__type__": "cc.Vec3",
      "x": -1024,
      "y": -1024,
      "z": -1024
    },
    "_maxPos": {
      "__type__": "cc.Vec3",
      "x": 1024,
      "y": 1024,
      "z": 1024
    },
    "_depth": 8
  },
  {
    "__type__": "cc.SkinInfo",
    "_enabled": false,
    "_blurRadius": 0.01,
    "_sssIntensity": 3
  },
  {
    "__type__": "cc.LightProbeInfo",
    "_giScale": 1,
    "_giSamples": 1024,
    "_bounces": 2,
    "_reduceRinging": 0,
    "_showProbe": true,
    "_showWireframe": true,
    "_showConvex": false,
    "_data": null,
    "_lightProbeSphereVolume": 1
  },
  {
    "__type__": "cc.PostSettingsInfo",
    "_toneMappingType": 0
  }
]