{
  "__type__": "cc.SpriteFrame",
  "content": {
    "name": "屏幕截图 2024-07-09 151844",
    "atlas": "",
    "rect": {
      "x": 0,
      "y": 0,
      "width": 2503,
      "height": 1606
    },
    "offset": {
      "x": 0,
      "y": 0
    },
    "originalSize": {
      "width": 2503,
      "height": 1606
    },
    "rotated": false,
    "capInsets": [
      0,
      0,
      0,
      0
    ],
    "vertices": {
      "rawPosition": [
        -1251.5,
        -803,
        0,
        1251.5,
        -803,
        0,
        -1251.5,
        803,
        0,
        1251.5,
        803,
        0
      ],
      "indexes": [
        0,
        1,
        2,
        2,
        1,
        3
      ],
      "uv": [
        0,
        1606,
        2503,
        1606,
        0,
        0,
        2503,
        0
      ],
      "nuv": [
        0,
        0,
        1,
        0,
        0,
        1,
        1,
        1
      ],
      "minPos": {
        "x": -1251.5,
        "y": -803,
        "z": 0
      },
      "maxPos": {
        "x": 1251.5,
        "y": 803,
        "z": 0
      }
    },
    "texture": "ad9d369d-2de4-4d6e-b0a4-f3d8558bd625@6c48a",
    "packable": true,
    "pixelsToUnit": 100,
    "pivot": {
      "x": 0.5,
      "y": 0.5
    },
    "meshType": 0
  }
}