{
  "__type__": "cc.SpriteFrame",
  "content": {
    "name": "qiang4",
    "atlas": "",
    "rect": {
      "x": 0,
      "y": 0,
      "width": 124,
      "height": 125
    },
    "offset": {
      "x": 0,
      "y": 0
    },
    "originalSize": {
      "width": 124,
      "height": 125
    },
    "rotated": false,
    "capInsets": [
      0,
      0,
      0,
      0
    ],
    "vertices": {
      "rawPosition": [
        -62,
        -62.5,
        0,
        62,
        -62.5,
        0,
        -62,
        62.5,
        0,
        62,
        62.5,
        0
      ],
      "indexes": [
        0,
        1,
        2,
        2,
        1,
        3
      ],
      "uv": [
        0,
        125,
        124,
        125,
        0,
        0,
        124,
        0
      ],
      "nuv": [
        0,
        0,
        1,
        0,
        0,
        1,
        1,
        1
      ],
      "minPos": {
        "x": -62,
        "y": -62.5,
        "z": 0
      },
      "maxPos": {
        "x": 62,
        "y": 62.5,
        "z": 0
      }
    },
    "texture": "80881537-4289-4441-9b49-15f9426fc96f@6c48a",
    "packable": true,
    "pixelsToUnit": 100,
    "pivot": {
      "x": 0.5,
      "y": 0.5
    },
    "meshType": 0
  }
}