[
    1,
    [
        "810e96e4-e456-4468-9b59-f4e8f39732c0"
    ],
    [
        "_effectAsset"
    ],
    [
        [
            "cc.Material",
            [
                "_name",
                "_props",
                "_states",
                "_defines"
            ],
            -1
        ]
    ],
    [
        [
            0,
            0,
            1,
            2,
            3,
            5
        ]
    ],
    [
        [
            0,
            "default-clear-stencil",
            [
                {}
            ],
            [
                {
                    "rasterizerState": {},
                    "depthStencilState": {},
                    "blendState": {
                        "targets": [
                            {}
                        ]
                    }
                }
            ],
            [
                {
                    "USE_TEXTURE": false
                }
            ]
        ]
    ],
    0,
    0,
    [
        0
    ],
    [
        0
    ],
    [
        0
    ]
]
