{
  "__type__": "cc.SpriteFrame",
  "content": {
    "name": "tank0left",
    "atlas": "",
    "rect": {
      "x": 0,
      "y": 0,
      "width": 156,
      "height": 122
    },
    "offset": {
      "x": 0,
      "y": 0
    },
    "originalSize": {
      "width": 156,
      "height": 122
    },
    "rotated": false,
    "capInsets": [
      0,
      0,
      0,
      0
    ],
    "vertices": {
      "rawPosition": [
        -78,
        -61,
        0,
        78,
        -61,
        0,
        -78,
        61,
        0,
        78,
        61,
        0
      ],
      "indexes": [
        0,
        1,
        2,
        2,
        1,
        3
      ],
      "uv": [
        0,
        122,
        156,
        122,
        0,
        0,
        156,
        0
      ],
      "nuv": [
        0,
        0,
        1,
        0,
        0,
        1,
        1,
        1
      ],
      "minPos": {
        "x": -78,
        "y": -61,
        "z": 0
      },
      "maxPos": {
        "x": 78,
        "y": 61,
        "z": 0
      }
    },
    "texture": "4ef4360d-d12e-4d2c-98e7-e38d26f2b5e2@6c48a",
    "packable": true,
    "pixelsToUnit": 100,
    "pivot": {
      "x": 0.5,
      "y": 0.5
    },
    "meshType": 0
  }
}