{
  "__type__": "cc.SpriteFrame",
  "content": {
    "name": "movefaster",
    "atlas": "",
    "rect": {
      "x": 0,
      "y": 0,
      "width": 238,
      "height": 249
    },
    "offset": {
      "x": 0,
      "y": 0
    },
    "originalSize": {
      "width": 238,
      "height": 249
    },
    "rotated": false,
    "capInsets": [
      0,
      0,
      0,
      0
    ],
    "vertices": {
      "rawPosition": [
        -119,
        -124.5,
        0,
        119,
        -124.5,
        0,
        -119,
        124.5,
        0,
        119,
        124.5,
        0
      ],
      "indexes": [
        0,
        1,
        2,
        2,
        1,
        3
      ],
      "uv": [
        0,
        249,
        238,
        249,
        0,
        0,
        238,
        0
      ],
      "nuv": [
        0,
        0,
        1,
        0,
        0,
        1,
        1,
        1
      ],
      "minPos": {
        "x": -119,
        "y": -124.5,
        "z": 0
      },
      "maxPos": {
        "x": 119,
        "y": 124.5,
        "z": 0
      }
    },
    "texture": "83eba687-e688-4ef2-9585-6fc16330515c@6c48a",
    "packable": true,
    "pixelsToUnit": 100,
    "pivot": {
      "x": 0.5,
      "y": 0.5
    },
    "meshType": 0
  }
}