{
  "__type__": "cc.SpriteFrame",
  "content": {
    "name": "tank0leftandup",
    "atlas": "",
    "rect": {
      "x": 0,
      "y": 0,
      "width": 288,
      "height": 267
    },
    "offset": {
      "x": 0,
      "y": 0
    },
    "originalSize": {
      "width": 288,
      "height": 267
    },
    "rotated": false,
    "capInsets": [
      0,
      0,
      0,
      0
    ],
    "vertices": {
      "rawPosition": [
        -144,
        -133.5,
        0,
        144,
        -133.5,
        0,
        -144,
        133.5,
        0,
        144,
        133.5,
        0
      ],
      "indexes": [
        0,
        1,
        2,
        2,
        1,
        3
      ],
      "uv": [
        0,
        267,
        288,
        267,
        0,
        0,
        288,
        0
      ],
      "nuv": [
        0,
        0,
        1,
        0,
        0,
        1,
        1,
        1
      ],
      "minPos": {
        "x": -144,
        "y": -133.5,
        "z": 0
      },
      "maxPos": {
        "x": 144,
        "y": 133.5,
        "z": 0
      }
    },
    "texture": "342d274a-9b1d-4d7f-8768-69dadbc1052b@6c48a",
    "packable": true,
    "pixelsToUnit": 100,
    "pivot": {
      "x": 0.5,
      "y": 0.5
    },
    "meshType": 0
  }
}