{
  "__type__": "cc.SpriteFrame",
  "content": {
    "name": "屏幕截图 2024-07-08 161827",
    "atlas": "",
    "rect": {
      "x": 0,
      "y": 0,
      "width": 759,
      "height": 759
    },
    "offset": {
      "x": 0,
      "y": 0
    },
    "originalSize": {
      "width": 759,
      "height": 759
    },
    "rotated": false,
    "capInsets": [
      0,
      0,
      0,
      0
    ],
    "vertices": {
      "rawPosition": [
        -379.5,
        -379.5,
        0,
        379.5,
        -379.5,
        0,
        -379.5,
        379.5,
        0,
        379.5,
        379.5,
        0
      ],
      "indexes": [
        0,
        1,
        2,
        2,
        1,
        3
      ],
      "uv": [
        0,
        759,
        759,
        759,
        0,
        0,
        759,
        0
      ],
      "nuv": [
        0,
        0,
        1,
        0,
        0,
        1,
        1,
        1
      ],
      "minPos": {
        "x": -379.5,
        "y": -379.5,
        "z": 0
      },
      "maxPos": {
        "x": 379.5,
        "y": 379.5,
        "z": 0
      }
    },
    "texture": "38475cb6-b7f5-4a6f-bfb9-17034caaa876@6c48a",
    "packable": true,
    "pixelsToUnit": 100,
    "pivot": {
      "x": 0.5,
      "y": 0.5
    },
    "meshType": 0
  }
}