{
  "__type__": "cc.SpriteFrame",
  "content": {
    "name": "wallbaba",
    "atlas": "",
    "rect": {
      "x": 0,
      "y": 0,
      "width": 801,
      "height": 801
    },
    "offset": {
      "x": 0,
      "y": 0
    },
    "originalSize": {
      "width": 801,
      "height": 801
    },
    "rotated": false,
    "capInsets": [
      0,
      0,
      0,
      0
    ],
    "vertices": {
      "rawPosition": [
        -400.5,
        -400.5,
        0,
        400.5,
        -400.5,
        0,
        -400.5,
        400.5,
        0,
        400.5,
        400.5,
        0
      ],
      "indexes": [
        0,
        1,
        2,
        2,
        1,
        3
      ],
      "uv": [
        0,
        801,
        801,
        801,
        0,
        0,
        801,
        0
      ],
      "nuv": [
        0,
        0,
        1,
        0,
        0,
        1,
        1,
        1
      ],
      "minPos": {
        "x": -400.5,
        "y": -400.5,
        "z": 0
      },
      "maxPos": {
        "x": 400.5,
        "y": 400.5,
        "z": 0
      }
    },
    "texture": "6f4407e3-d16b-4e87-9232-1a78c16d56d3@6c48a",
    "packable": true,
    "pixelsToUnit": 100,
    "pivot": {
      "x": 0.5,
      "y": 0.5
    },
    "meshType": 0
  }
}