{
  "__type__": "cc.SpriteFrame",
  "content": {
    "name": "tank1leftanddown",
    "atlas": "",
    "rect": {
      "x": 0,
      "y": 0,
      "width": 286,
      "height": 285
    },
    "offset": {
      "x": 0,
      "y": 0
    },
    "originalSize": {
      "width": 286,
      "height": 285
    },
    "rotated": false,
    "capInsets": [
      0,
      0,
      0,
      0
    ],
    "vertices": {
      "rawPosition": [
        -143,
        -142.5,
        0,
        143,
        -142.5,
        0,
        -143,
        142.5,
        0,
        143,
        142.5,
        0
      ],
      "indexes": [
        0,
        1,
        2,
        2,
        1,
        3
      ],
      "uv": [
        0,
        285,
        286,
        285,
        0,
        0,
        286,
        0
      ],
      "nuv": [
        0,
        0,
        1,
        0,
        0,
        1,
        1,
        1
      ],
      "minPos": {
        "x": -143,
        "y": -142.5,
        "z": 0
      },
      "maxPos": {
        "x": 143,
        "y": 142.5,
        "z": 0
      }
    },
    "texture": "29857b01-6802-4b81-afb7-61e06489cd72@6c48a",
    "packable": true,
    "pixelsToUnit": 100,
    "pivot": {
      "x": 0.5,
      "y": 0.5
    },
    "meshType": 0
  }
}