{
  "__type__": "cc.SpriteFrame",
  "content": {
    "name": "子弹爆炸特效3",
    "atlas": "",
    "rect": {
      "x": 0,
      "y": 0,
      "width": 234,
      "height": 132
    },
    "offset": {
      "x": 0,
      "y": 0
    },
    "originalSize": {
      "width": 234,
      "height": 132
    },
    "rotated": false,
    "capInsets": [
      0,
      0,
      0,
      0
    ],
    "vertices": {
      "rawPosition": [
        -117,
        -66,
        0,
        117,
        -66,
        0,
        -117,
        66,
        0,
        117,
        66,
        0
      ],
      "indexes": [
        0,
        1,
        2,
        2,
        1,
        3
      ],
      "uv": [
        0,
        132,
        234,
        132,
        0,
        0,
        234,
        0
      ],
      "nuv": [
        0,
        0,
        1,
        0,
        0,
        1,
        1,
        1
      ],
      "minPos": {
        "x": -117,
        "y": -66,
        "z": 0
      },
      "maxPos": {
        "x": 117,
        "y": 66,
        "z": 0
      }
    },
    "texture": "2993db37-312e-499a-9028-7159f11de172@6c48a",
    "packable": true,
    "pixelsToUnit": 100,
    "pivot": {
      "x": 0.5,
      "y": 0.5
    },
    "meshType": 0
  }
}