[
  {
    "__type__": "cc.Prefab",
    "_name": "tank1",
    "_objFlags": 0,
    "__editorExtras__": {},
    "_native": "",
    "data": {
      "__id__": 1
    },
    "optimizationPolicy": 0,
    "persistent": false
  },
  {
    "__type__": "cc.Node",
    "_name": "tank1",
    "_objFlags": 0,
    "__editorExtras__": {},
    "_parent": null,
    "_children": [
      {
        "__id__": 2
      },
      {
        "__id__": 10
      },
      {
        "__id__": 16
      }
    ],
    "_active": true,
    "_components": [
      {
        "__id__": 24
      },
      {
        "__id__": 26
      },
      {
        "__id__": 28
      },
      {
        "__id__": 30
      },
      {
        "__id__": 32
      }
    ],
    "_prefab": {
      "__id__": 34
    },
    "_lpos": {
      "__type__": "cc.Vec3",
      "x": -18.656,
      "y": -92.165,
      "z": 0
    },
    "_lrot": {
      "__type__": "cc.Quat",
      "x": 0,
      "y": 0,
      "z": 0,
      "w": 1
    },
    "_lscale": {
      "__type__": "cc.Vec3",
      "x": 1,
      "y": 1,
      "z": 1
    },
    "_mobility": 0,
    "_layer": 33554432,
    "_euler": {
      "__type__": "cc.Vec3",
      "x": 0,
      "y": 0,
      "z": 0
    },
    "_id": ""
  },
  {
    "__type__": "cc.Node",
    "_name": "firedirection",
    "_objFlags": 0,
    "__editorExtras__": {},
    "_parent": {
      "__id__": 1
    },
    "_children": [],
    "_active": true,
    "_components": [
      {
        "__id__": 3
      },
      {
        "__id__": 5
      },
      {
        "__id__": 7
      }
    ],
    "_prefab": {
      "__id__": 9
    },
    "_lpos": {
      "__type__": "cc.Vec3",
      "x": 0,
      "y": 0,
      "z": 0
    },
    "_lrot": {
      "__type__": "cc.Quat",
      "x": 0,
      "y": 0,
      "z": 0,
      "w": 1
    },
    "_lscale": {
      "__type__": "cc.Vec3",
      "x": 1,
      "y": 1,
      "z": 1
    },
    "_mobility": 0,
    "_layer": 33554432,
    "_euler": {
      "__type__": "cc.Vec3",
      "x": 0,
      "y": 0,
      "z": 0
    },
    "_id": ""
  },
  {
    "__type__": "cc.UITransform",
    "_name": "",
    "_objFlags": 0,
    "__editorExtras__": {},
    "node": {
      "__id__": 2
    },
    "_enabled": true,
    "__prefab": {
      "__id__": 4
    },
    "_contentSize": {
      "__type__": "cc.Size",
      "width": 50,
      "height": 50
    },
    "_anchorPoint": {
      "__type__": "cc.Vec2",
      "x": 0.5,
      "y": 0.5
    },
    "_id": ""
  },
  {
    "__type__": "cc.CompPrefabInfo",
    "fileId": "19IrlNT1ZPMrPxmNE9gjEY"
  },
  {
    "__type__": "acf90eXqSlNPYkgPRnPPj/i",
    "_name": "",
    "_objFlags": 0,
    "__editorExtras__": {},
    "node": {
      "__id__": 2
    },
    "_enabled": true,
    "__prefab": {
      "__id__": 6
    },
    "shootAudio": {
      "__id__": 7
    },
    "shootPower": 20,
    "fireInterval": 1,
    "landminefireInterval": 2,
    "tankPrefab": {
      "__uuid__": "44ea65dd-dcbb-4c3b-8483-488681b996e9",
      "__expectedType__": "cc.Prefab"
    },
    "landminePrefab": {
      "__uuid__": "8548f677-485e-4ce5-86b7-1b3a12b03c21",
      "__expectedType__": "cc.Prefab"
    },
    "_id": ""
  },
  {
    "__type__": "cc.CompPrefabInfo",
    "fileId": "0bHe4PxwRD6Jg8zL3U7sCQ"
  },
  {
    "__type__": "cc.AudioSource",
    "_name": "",
    "_objFlags": 0,
    "__editorExtras__": {},
    "node": {
      "__id__": 2
    },
    "_enabled": true,
    "__prefab": {
      "__id__": 8
    },
    "_clip": {
      "__uuid__": "81bb44f1-6abc-4780-b65a-90f88bc7bb8e",
      "__expectedType__": "cc.AudioClip"
    },
    "_loop": false,
    "_playOnAwake": false,
    "_volume": 1,
    "_id": ""
  },
  {
    "__type__": "cc.CompPrefabInfo",
    "fileId": "49q+Q+PhxAzYaOIvUUnoW8"
  },
  {
    "__type__": "cc.PrefabInfo",
    "root": {
      "__id__": 1
    },
    "asset": {
      "__id__": 0
    },
    "fileId": "f5kadrW9tEYIHCKfTVu6A9",
    "instance": null,
    "targetOverrides": null,
    "nestedPrefabInstanceRoots": null
  },
  {
    "__type__": "cc.Node",
    "_name": "RenderSprite1",
    "_objFlags": 0,
    "__editorExtras__": {},
    "_parent": {
      "__id__": 1
    },
    "_children": [],
    "_active": true,
    "_components": [
      {
        "__id__": 11
      },
      {
        "__id__": 13
      }
    ],
    "_prefab": {
      "__id__": 15
    },
    "_lpos": {
      "__type__": "cc.Vec3",
      "x": 0,
      "y": 0,
      "z": 0
    },
    "_lrot": {
      "__type__": "cc.Quat",
      "x": 0,
      "y": 0,
      "z": 0,
      "w": 1
    },
    "_lscale": {
      "__type__": "cc.Vec3",
      "x": 1,
      "y": 1,
      "z": 1
    },
    "_mobility": 0,
    "_layer": 33554432,
    "_euler": {
      "__type__": "cc.Vec3",
      "x": 0,
      "y": 0,
      "z": 0
    },
    "_id": ""
  },
  {
    "__type__": "cc.UITransform",
    "_name": "",
    "_objFlags": 0,
    "__editorExtras__": {},
    "node": {
      "__id__": 10
    },
    "_enabled": true,
    "__prefab": {
      "__id__": 12
    },
    "_contentSize": {
      "__type__": "cc.Size",
      "width": 50,
      "height": 50
    },
    "_anchorPoint": {
      "__type__": "cc.Vec2",
      "x": 0.5,
      "y": 0.5
    },
    "_id": ""
  },
  {
    "__type__": "cc.CompPrefabInfo",
    "fileId": "c7x9XL3g5D1b5hTJ4qfabL"
  },
  {
    "__type__": "cc.Sprite",
    "_name": "",
    "_objFlags": 0,
    "__editorExtras__": {},
    "node": {
      "__id__": 10
    },
    "_enabled": true,
    "__prefab": {
      "__id__": 14
    },
    "_customMaterial": null,
    "_srcBlendFactor": 2,
    "_dstBlendFactor": 4,
    "_color": {
      "__type__": "cc.Color",
      "r": 255,
      "g": 255,
      "b": 255,
      "a": 255
    },
    "_spriteFrame": {
      "__uuid__": "86942f5b-6f21-4bc4-a831-312a83475ce8@f9941",
      "__expectedType__": "cc.SpriteFrame"
    },
    "_type": 0,
    "_fillType": 0,
    "_sizeMode": 0,
    "_fillCenter": {
      "__type__": "cc.Vec2",
      "x": 0,
      "y": 0
    },
    "_fillStart": 0,
    "_fillRange": 0,
    "_isTrimmedMode": true,
    "_useGrayscale": false,
    "_atlas": null,
    "_id": ""
  },
  {
    "__type__": "cc.CompPrefabInfo",
    "fileId": "128M7DhjhODYhXcrjkovHK"
  },
  {
    "__type__": "cc.PrefabInfo",
    "root": {
      "__id__": 1
    },
    "asset": {
      "__id__": 0
    },
    "fileId": "28apCogaJFn7UGhfgo6lY0",
    "instance": null,
    "targetOverrides": null,
    "nestedPrefabInstanceRoots": null
  },
  {
    "__type__": "cc.Node",
    "_name": "affect",
    "_objFlags": 0,
    "__editorExtras__": {},
    "_parent": {
      "__id__": 1
    },
    "_children": [],
    "_active": true,
    "_components": [
      {
        "__id__": 17
      },
      {
        "__id__": 19
      },
      {
        "__id__": 21
      }
    ],
    "_prefab": {
      "__id__": 23
    },
    "_lpos": {
      "__type__": "cc.Vec3",
      "x": 0,
      "y": 0,
      "z": 0
    },
    "_lrot": {
      "__type__": "cc.Quat",
      "x": 0,
      "y": 0,
      "z": 0,
      "w": 1
    },
    "_lscale": {
      "__type__": "cc.Vec3",
      "x": 1,
      "y": 1,
      "z": 1
    },
    "_mobility": 0,
    "_layer": 33554432,
    "_euler": {
      "__type__": "cc.Vec3",
      "x": 0,
      "y": 0,
      "z": 0
    },
    "_id": ""
  },
  {
    "__type__": "cc.UITransform",
    "_name": "",
    "_objFlags": 0,
    "__editorExtras__": {},
    "node": {
      "__id__": 16
    },
    "_enabled": true,
    "__prefab": {
      "__id__": 18
    },
    "_contentSize": {
      "__type__": "cc.Size",
      "width": 100,
      "height": 100
    },
    "_anchorPoint": {
      "__type__": "cc.Vec2",
      "x": 0.5,
      "y": 0.5
    },
    "_id": ""
  },
  {
    "__type__": "cc.CompPrefabInfo",
    "fileId": "7fp5cfy9lP4bd7CrDXSpXp"
  },
  {
    "__type__": "00014pfEl1MZJcrTRFBLHjY",
    "_name": "",
    "_objFlags": 0,
    "__editorExtras__": {},
    "node": {
      "__id__": 16
    },
    "_enabled": true,
    "__prefab": {
      "__id__": 20
    },
    "_id": ""
  },
  {
    "__type__": "cc.CompPrefabInfo",
    "fileId": "74xEVYkWlEHpnj1YOqnVHI"
  },
  {
    "__type__": "c2ec4jJU+hDiKpgcdjl0OZ+",
    "_name": "",
    "_objFlags": 0,
    "__editorExtras__": {},
    "node": {
      "__id__": 16
    },
    "_enabled": true,
    "__prefab": {
      "__id__": 22
    },
    "_id": ""
  },
  {
    "__type__": "cc.CompPrefabInfo",
    "fileId": "e1OxVMOB1MqaYl8bQ28phm"
  },
  {
    "__type__": "cc.PrefabInfo",
    "root": {
      "__id__": 1
    },
    "asset": {
      "__id__": 0
    },
    "fileId": "36epJudc9G4ahlulycymle",
    "instance": null,
    "targetOverrides": null,
    "nestedPrefabInstanceRoots": null
  },
  {
    "__type__": "cc.UITransform",
    "_name": "",
    "_objFlags": 0,
    "__editorExtras__": {},
    "node": {
      "__id__": 1
    },
    "_enabled": true,
    "__prefab": {
      "__id__": 25
    },
    "_contentSize": {
      "__type__": "cc.Size",
      "width": 50,
      "height": 50
    },
    "_anchorPoint": {
      "__type__": "cc.Vec2",
      "x": 0.5,
      "y": 0.5
    },
    "_id": ""
  },
  {
    "__type__": "cc.CompPrefabInfo",
    "fileId": "6cARIeHQdAgLs8ohntFW2o"
  },
  {
    "__type__": "cc.RigidBody2D",
    "_name": "",
    "_objFlags": 0,
    "__editorExtras__": {},
    "node": {
      "__id__": 1
    },
    "_enabled": true,
    "__prefab": {
      "__id__": 27
    },
    "enabledContactListener": true,
    "bullet": true,
    "awakeOnLoad": true,
    "_group": 4,
    "_type": 2,
    "_allowSleep": true,
    "_gravityScale": 0,
    "_linearDamping": 0,
    "_angularDamping": 0,
    "_linearVelocity": {
      "__type__": "cc.Vec2",
      "x": 0,
      "y": 0
    },
    "_angularVelocity": 0,
    "_fixedRotation": true,
    "_id": ""
  },
  {
    "__type__": "cc.CompPrefabInfo",
    "fileId": "c4iKVNdoxAIJTrnqRV64+V"
  },
  {
    "__type__": "cc.BoxCollider2D",
    "_name": "",
    "_objFlags": 0,
    "__editorExtras__": {},
    "node": {
      "__id__": 1
    },
    "_enabled": true,
    "__prefab": {
      "__id__": 29
    },
    "tag": 0,
    "_group": 4,
    "_density": 1,
    "_sensor": false,
    "_friction": 0.2,
    "_restitution": 0,
    "_offset": {
      "__type__": "cc.Vec2",
      "x": 0,
      "y": 0.1
    },
    "_size": {
      "__type__": "cc.Size",
      "width": 50,
      "height": 50
    },
    "_id": ""
  },
  {
    "__type__": "cc.CompPrefabInfo",
    "fileId": "97cJZAi8pA6KzRIahx3LsO"
  },
  {
    "__type__": "cc.Sprite",
    "_name": "",
    "_objFlags": 0,
    "__editorExtras__": {},
    "node": {
      "__id__": 1
    },
    "_enabled": true,
    "__prefab": {
      "__id__": 31
    },
    "_customMaterial": null,
    "_srcBlendFactor": 2,
    "_dstBlendFactor": 4,
    "_color": {
      "__type__": "cc.Color",
      "r": 255,
      "g": 255,
      "b": 255,
      "a": 255
    },
    "_spriteFrame": null,
    "_type": 0,
    "_fillType": 0,
    "_sizeMode": 0,
    "_fillCenter": {
      "__type__": "cc.Vec2",
      "x": 0,
      "y": 0
    },
    "_fillStart": 0,
    "_fillRange": 0,
    "_isTrimmedMode": true,
    "_useGrayscale": false,
    "_atlas": null,
    "_id": ""
  },
  {
    "__type__": "cc.CompPrefabInfo",
    "fileId": "5cp6kTwktG6JHLWf3f/ak6"
  },
  {
    "__type__": "20c59HvIUBIBr6op1Gc06+d",
    "_name": "",
    "_objFlags": 0,
    "__editorExtras__": {},
    "node": {
      "__id__": 1
    },
    "_enabled": true,
    "__prefab": {
      "__id__": 33
    },
    "speed": 1,
    "tanklife": 3,
    "rigidBody": {
      "__id__": 26
    },
    "upSpriteFrame": {
      "__uuid__": "9ae0bd82-2d48-4a71-868b-f06d9956cfdf@f9941",
      "__expectedType__": "cc.SpriteFrame"
    },
    "downSpriteFrame": {
      "__uuid__": "86942f5b-6f21-4bc4-a831-312a83475ce8@f9941",
      "__expectedType__": "cc.SpriteFrame"
    },
    "leftSpriteFrame": {
      "__uuid__": "11990de5-ac55-4db1-afae-991f63f38914@f9941",
      "__expectedType__": "cc.SpriteFrame"
    },
    "rightSpriteFrame": {
      "__uuid__": "81abb380-8484-47bc-8779-c0836099d153@f9941",
      "__expectedType__": "cc.SpriteFrame"
    },
    "rightandupSpriteFrame": {
      "__uuid__": "f38d069b-a9d0-418e-8599-ee757a07beb3@f9941",
      "__expectedType__": "cc.SpriteFrame"
    },
    "rightanddownSpriteFrame": {
      "__uuid__": "9804f4ee-bf2e-4618-9f5b-0242310d5fa8@f9941",
      "__expectedType__": "cc.SpriteFrame"
    },
    "leftandupSpriteFrame": {
      "__uuid__": "f0ef4190-1153-462e-a246-209a2ec0b799@f9941",
      "__expectedType__": "cc.SpriteFrame"
    },
    "leftanddownSpriteFrame": {
      "__uuid__": "29857b01-6802-4b81-afb7-61e06489cd72@f9941",
      "__expectedType__": "cc.SpriteFrame"
    },
    "_id": ""
  },
  {
    "__type__": "cc.CompPrefabInfo",
    "fileId": "9buDDQpcxFIZNnKxWfZwJ8"
  },
  {
    "__type__": "cc.PrefabInfo",
    "root": {
      "__id__": 1
    },
    "asset": {
      "__id__": 0
    },
    "fileId": "9bllq2ne1FYZd53jln2/Cg",
    "instance": null,
    "targetOverrides": null
  }
]