{
  "__type__": "cc.SpriteFrame",
  "content": {
    "name": "qiang6",
    "atlas": "",
    "rect": {
      "x": 0,
      "y": 0,
      "width": 122,
      "height": 125
    },
    "offset": {
      "x": 0,
      "y": 0
    },
    "originalSize": {
      "width": 122,
      "height": 125
    },
    "rotated": false,
    "capInsets": [
      0,
      0,
      0,
      0
    ],
    "vertices": {
      "rawPosition": [
        -61,
        -62.5,
        0,
        61,
        -62.5,
        0,
        -61,
        62.5,
        0,
        61,
        62.5,
        0
      ],
      "indexes": [
        0,
        1,
        2,
        2,
        1,
        3
      ],
      "uv": [
        0,
        125,
        122,
        125,
        0,
        0,
        122,
        0
      ],
      "nuv": [
        0,
        0,
        1,
        0,
        0,
        1,
        1,
        1
      ],
      "minPos": {
        "x": -61,
        "y": -62.5,
        "z": 0
      },
      "maxPos": {
        "x": 61,
        "y": 62.5,
        "z": 0
      }
    },
    "texture": "734f1e3f-1189-4339-834c-c5febe7a89c4@6c48a",
    "packable": true,
    "pixelsToUnit": 100,
    "pivot": {
      "x": 0.5,
      "y": 0.5
    },
    "meshType": 0
  }
}