{
  "8b0a60e8-c3e8-418a-a032-09ed1a47c217": {
    "texture": {
      "mipfilter": "none"
    }
  },
  "2984e55f-abc7-4ed0-b040-aa58601483c9": {
    "texture": {
      "mipfilter": "none"
    }
  },
  "ffff235f-dcfd-46a9-b164-1fec81014313@6c48a": {
    "texture": {
      "mipfilter": "none"
    }
  },
  "3932dc34-cf0a-417e-98c5-ac82fd120a58@6c48a": {
    "texture": {
      "mipfilter": "none"
    }
  },
  "b730527c-3233-41c2-aaf7-7cdab58f9749@6c48a": {
    "texture": {
      "mipfilter": "none"
    }
  },
  "20835ba4-6145-4fbc-a58a-051ce700aa3e@6c48a": {
    "texture": {
      "mipfilter": "none"
    }
  },
  "b5b27ab1-e740-4398-b407-848fc2b2c897@6c48a": {
    "texture": {
      "mipfilter": "none"
    }
  },
  "afc47931-f066-46b0-90be-9fe61f213428@6c48a": {
    "texture": {
      "mipfilter": "none"
    }
  },
  "28765e2f-040a-4c65-8e8c-f9d0bb79d863@6c48a": {
    "texture": {
      "mipfilter": "none"
    }
  },
  "0da256a2-21f6-481b-90b6-d3643a09179b@6c48a": {
    "texture": {
      "mipfilter": "none"
    }
  },
  "45828f25-b50d-4c52-a591-e19491a62b8c@6c48a": {
    "texture": {
      "mipfilter": "none"
    }
  },
  "f12a23c4-b924-4322-a260-3d982428f1e8@6c48a": {
    "texture": {
      "mipfilter": "none"
    }
  },
  "951249e0-9f16-456d-8b85-a6ca954da16b@6c48a": {
    "texture": {
      "mipfilter": "none"
    }
  },
  "544e49d6-3f05-4fa8-9a9e-091f98fc2ce8@6c48a": {
    "texture": {
      "mipfilter": "none"
    }
  },
  "74c70f28-c8a9-4393-a97b-32944bc6b885@6c48a": {
    "texture": {
      "mipfilter": "none"
    }
  },
  "865b04b2-bc79-40fc-9bdf-a7557665b27c": {
    "texture": {
      "mipfilter": "none"
    }
  },
  "0c0d9845-1ca8-47b5-adc3-af07310cc0fe@6c48a": {
    "texture": {
      "mipfilter": "none"
    }
  },
  "6f4407e3-d16b-4e87-9232-1a78c16d56d3@6c48a": {
    "texture": {
      "mipfilter": "none"
    }
  },
  "643c4e21-d3e2-4873-a78d-934dbbed0ded@6c48a": {
    "texture": {
      "mipfilter": "none"
    }
  },
  "f36a79e0-34c3-4f97-83a7-0b9e92ed4169@6c48a": {
    "texture": {
      "mipfilter": "none"
    }
  },
  "bcf59bb8-034f-48a8-bf23-04fceb7ed2f7@6c48a": {
    "texture": {
      "mipfilter": "none"
    }
  },
  "d7aeb0eb-4295-4242-b8a6-9d70b4f75f96@6c48a": {
    "texture": {
      "mipfilter": "none"
    }
  },
  "8a610c28-8779-4bd6-b80f-b5de6be1735f@6c48a": {
    "texture": {
      "mipfilter": "none"
    }
  },
  "4e4e1504-cbfe-4eb7-9fef-fb072da58778@6c48a": {
    "texture": {
      "mipfilter": "none"
    }
  },
  "bd81fa4a-9eae-4f0c-9685-82ddedcc0a04@6c48a": {
    "texture": {
      "mipfilter": "none"
    }
  }
}
