[
    1,
    0,
    0,
    [
        [
            "cc.EffectAsset",
            [
                "_name",
                "shaders",
                "techniques"
            ],
            0
        ]
    ],
    [
        [
            0,
            0,
            1,
            2,
            4
        ]
    ],
    [
        [
            0,
            "for2d/builtin-spine",
            [
                {
                    "hash": 3152403458,
                    "name": "for2d/builtin-spine|sprite-vs:vert|sprite-fs:frag",
                    "blocks": [
                        {
                            "name": "ALPHA_TEST_DATA",
                            "stageFlags": 16,
                            "binding": 0,
                            "members": [
                                {
                                    "name": "alphaThreshold",
                                    "type": 13,
                                    "count": 1
                                }
                            ],
                            "defines": [
                                "USE_ALPHA_TEST"
                            ]
                        }
                    ],
                    "samplerTextures": [],
                    "samplers": [],
                    "textures": [],
                    "buffers": [],
                    "images": [],
                    "subpassInputs": [],
                    "attributes": [
                        {
                            "name": "a_position",
                            "format": 32,
                            "location": 0,
                            "defines": []
                        },
                        {
                            "name": "a_texCoord",
                            "format": 21,
                            "location": 1,
                            "defines": []
                        },
                        {
                            "name": "a_color",
                            "format": 44,
                            "location": 2,
                            "defines": []
                        },
                        {
                            "name": "a_color2",
                            "format": 44,
                            "location": 3,
                            "defines": [
                                "TWO_COLORED"
                            ]
                        }
                    ],
                    "fragColors": [
                        {
                            "name": "cc_FragColor",
                            "typename": "vec4",
                            "type": 16,
                            "count": 1,
                            "stageFlags": 16,
                            "location": 0,
                            "defines": []
                        }
                    ],
                    "descriptors": [
                        {
                            "rate": 0,
                            "blocks": [
                                {
                                    "name": "CCLocal",
                                    "stageFlags": 1,
                                    "tags": {
                                        "builtin": "local"
                                    },
                                    "members": [
                                        {
                                            "name": "cc_matWorld",
                                            "typename": "mat4",
                                            "type": 25,
                                            "count": 1,
                                            "precision": "highp "
                                        },
                                        {
                                            "name": "cc_matWorldIT",
                                            "typename": "mat4",
                                            "type": 25,
                                            "count": 1,
                                            "precision": "highp "
                                        },
                                        {
                                            "name": "cc_lightingMapUVParam",
                                            "typename": "vec4",
                                            "type": 16,
                                            "count": 1,
                                            "precision": "highp "
                                        },
                                        {
                                            "name": "cc_localShadowBias",
                                            "typename": "vec4",
                                            "type": 16,
                                            "count": 1,
                                            "precision": "highp "
                                        },
                                        {
                                            "name": "cc_reflectionProbeData1",
                                            "typename": "vec4",
                                            "type": 16,
                                            "count": 1,
                                            "precision": "highp "
                                        },
                                        {
                                            "name": "cc_reflectionProbeData2",
                                            "typename": "vec4",
                                            "type": 16,
                                            "count": 1,
                                            "precision": "highp "
                                        },
                                        {
                                            "name": "cc_reflectionProbeBlendData1",
                                            "typename": "vec4",
                                            "type": 16,
                                            "count": 1,
                                            "precision": "highp "
                                        },
                                        {
                                            "name": "cc_reflectionProbeBlendData2",
                                            "typename": "vec4",
                                            "type": 16,
                                            "count": 1,
                                            "precision": "highp "
                                        }
                                    ],
                                    "defines": [
                                        "USE_LOCAL"
                                    ]
                                }
                            ],
                            "samplerTextures": [
                                {
                                    "name": "cc_spriteTexture",
                                    "typename": "sampler2D",
                                    "type": 28,
                                    "count": 1,
                                    "stageFlags": 16,
                                    "tags": {
                                        "builtin": "local"
                                    },
                                    "defines": []
                                }
                            ],
                            "samplers": [],
                            "textures": [],
                            "buffers": [],
                            "images": [],
                            "subpassInputs": []
                        },
                        {
                            "rate": 1,
                            "blocks": [
                                {
                                    "name": "ALPHA_TEST_DATA",
                                    "stageFlags": 16,
                                    "binding": 0,
                                    "members": [
                                        {
                                            "name": "alphaThreshold",
                                            "type": 13,
                                            "count": 1
                                        }
                                    ],
                                    "defines": [
                                        "USE_ALPHA_TEST"
                                    ]
                                }
                            ],
                            "samplerTextures": [],
                            "samplers": [],
                            "textures": [],
                            "buffers": [],
                            "images": [],
                            "subpassInputs": []
                        },
                        {
                            "rate": 2,
                            "blocks": [],
                            "samplerTextures": [],
                            "samplers": [],
                            "textures": [],
                            "buffers": [],
                            "images": [],
                            "subpassInputs": []
                        },
                        {
                            "rate": 3,
                            "blocks": [
                                {
                                    "name": "CCGlobal",
                                    "stageFlags": 1,
                                    "tags": {
                                        "builtin": "global"
                                    },
                                    "members": [
                                        {
                                            "name": "cc_time",
                                            "typename": "vec4",
                                            "type": 16,
                                            "count": 1,
                                            "precision": "highp "
                                        },
                                        {
                                            "name": "cc_screenSize",
                                            "typename": "vec4",
                                            "type": 16,
                                            "count": 1,
                                            "precision": "mediump "
                                        },
                                        {
                                            "name": "cc_nativeSize",
                                            "typename": "vec4",
                                            "type": 16,
                                            "count": 1,
                                            "precision": "mediump "
                                        },
                                        {
                                            "name": "cc_probeInfo",
                                            "typename": "vec4",
                                            "type": 16,
                                            "count": 1,
                                            "precision": "mediump "
                                        },
                                        {
                                            "name": "cc_debug_view_mode",
                                            "typename": "vec4",
                                            "type": 16,
                                            "count": 1,
                                            "precision": "mediump "
                                        }
                                    ],
                                    "defines": []
                                },
                                {
                                    "name": "CCCamera",
                                    "stageFlags": 1,
                                    "tags": {
                                        "builtin": "global"
                                    },
                                    "members": [
                                        {
                                            "name": "cc_matView",
                                            "typename": "mat4",
                                            "type": 25,
                                            "count": 1,
                                            "precision": "highp "
                                        },
                                        {
                                            "name": "cc_matViewInv",
                                            "typename": "mat4",
                                            "type": 25,
                                            "count": 1,
                                            "precision": "highp "
                                        },
                                        {
                                            "name": "cc_matProj",
                                            "typename": "mat4",
                                            "type": 25,
                                            "count": 1,
                                            "precision": "highp "
                                        },
                                        {
                                            "name": "cc_matProjInv",
                                            "typename": "mat4",
                                            "type": 25,
                                            "count": 1,
                                            "precision": "highp "
                                        },
                                        {
                                            "name": "cc_matViewProj",
                                            "typename": "mat4",
                                            "type": 25,
                                            "count": 1,
                                            "precision": "highp "
                                        },
                                        {
                                            "name": "cc_matViewProjInv",
                                            "typename": "mat4",
                                            "type": 25,
                                            "count": 1,
                                            "precision": "highp "
                                        },
                                        {
                                            "name": "cc_cameraPos",
                                            "typename": "vec4",
                                            "type": 16,
                                            "count": 1,
                                            "precision": "highp "
                                        },
                                        {
                                            "name": "cc_surfaceTransform",
                                            "typename": "vec4",
                                            "type": 16,
                                            "count": 1,
                                            "precision": "mediump "
                                        },
                                        {
                                            "name": "cc_screenScale",
                                            "typename": "vec4",
                                            "type": 16,
                                            "count": 1,
                                            "precision": "mediump "
                                        },
                                        {
                                            "name": "cc_exposure",
                                            "typename": "vec4",
                                            "type": 16,
                                            "count": 1,
                                            "precision": "mediump "
                                        },
                                        {
                                            "name": "cc_mainLitDir",
                                            "typename": "vec4",
                                            "type": 16,
                                            "count": 1,
                                            "precision": "mediump "
                                        },
                                        {
                                            "name": "cc_mainLitColor",
                                            "typename": "vec4",
                                            "type": 16,
                                            "count": 1,
                                            "precision": "mediump "
                                        },
                                        {
                                            "name": "cc_ambientSky",
                                            "typename": "vec4",
                                            "type": 16,
                                            "count": 1,
                                            "precision": "mediump "
                                        },
                                        {
                                            "name": "cc_ambientGround",
                                            "typename": "vec4",
                                            "type": 16,
                                            "count": 1,
                                            "precision": "mediump "
                                        },
                                        {
                                            "name": "cc_fogColor",
                                            "typename": "vec4",
                                            "type": 16,
                                            "count": 1,
                                            "precision": "mediump "
                                        },
                                        {
                                            "name": "cc_fogBase",
                                            "typename": "vec4",
                                            "type": 16,
                                            "count": 1,
                                            "precision": "mediump "
                                        },
                                        {
                                            "name": "cc_fogAdd",
                                            "typename": "vec4",
                                            "type": 16,
                                            "count": 1,
                                            "precision": "mediump "
                                        },
                                        {
                                            "name": "cc_nearFar",
                                            "typename": "vec4",
                                            "type": 16,
                                            "count": 1,
                                            "precision": "mediump "
                                        },
                                        {
                                            "name": "cc_viewPort",
                                            "typename": "vec4",
                                            "type": 16,
                                            "count": 1,
                                            "precision": "mediump "
                                        }
                                    ],
                                    "defines": []
                                }
                            ],
                            "samplerTextures": [],
                            "samplers": [],
                            "textures": [],
                            "buffers": [],
                            "images": [],
                            "subpassInputs": []
                        }
                    ],
                    "glsl3": {
                        "vert": "\nprecision highp float;\nlayout(std140) uniform CCGlobal {\n  highp   vec4 cc_time;\n  mediump vec4 cc_screenSize;\n  mediump vec4 cc_nativeSize;\n  mediump vec4 cc_probeInfo;\n  mediump vec4 cc_debug_view_mode;\n};\nlayout(std140) uniform CCCamera {\n  highp   mat4 cc_matView;\n  highp   mat4 cc_matViewInv;\n  highp   mat4 cc_matProj;\n  highp   mat4 cc_matProjInv;\n  highp   mat4 cc_matViewProj;\n  highp   mat4 cc_matViewProjInv;\n  highp   vec4 cc_cameraPos;\n  mediump vec4 cc_surfaceTransform;\n  mediump vec4 cc_screenScale;\n  mediump vec4 cc_exposure;\n  mediump vec4 cc_mainLitDir;\n  mediump vec4 cc_mainLitColor;\n  mediump vec4 cc_ambientSky;\n  mediump vec4 cc_ambientGround;\n  mediump vec4 cc_fogColor;\n  mediump vec4 cc_fogBase;\n  mediump vec4 cc_fogAdd;\n  mediump vec4 cc_nearFar;\n  mediump vec4 cc_viewPort;\n};\n#if USE_LOCAL\n  layout(std140) uniform CCLocal {\n    highp mat4 cc_matWorld;\n    highp mat4 cc_matWorldIT;\n    highp vec4 cc_lightingMapUVParam;\n    highp vec4 cc_localShadowBias;\n    highp vec4 cc_reflectionProbeData1;\n    highp vec4 cc_reflectionProbeData2;\n    highp vec4 cc_reflectionProbeBlendData1;\n    highp vec4 cc_reflectionProbeBlendData2;\n  };\n#endif\nin vec3 a_position;\nin vec2 a_texCoord;\nin vec4 a_color;\nout vec4 v_light;\nout vec2 uv0;\n#if TWO_COLORED\n  in vec4 a_color2;\n  out vec4 v_dark;\n#endif\nvec4 vert () {\n  vec4 pos = vec4(a_position, 1);\n  #if USE_LOCAL\n    pos = cc_matWorld * pos;\n  #endif\n  pos = cc_matViewProj * pos;\n  uv0 = a_texCoord;\n  v_light = a_color;\n  #if TWO_COLORED\n    v_dark = a_color2;\n  #endif\n  return pos;\n}\nvoid main() { gl_Position = vert(); }",
                        "frag": "\nprecision highp float;\n#if USE_ALPHA_TEST\n  layout(std140) uniform ALPHA_TEST_DATA {\n    float alphaThreshold;\n  };\n#endif\nvoid ALPHA_TEST (in vec4 color) {\n  #if USE_ALPHA_TEST\n    if (color.a < alphaThreshold) discard;\n  #endif\n}\nvoid ALPHA_TEST (in float alpha) {\n  #if USE_ALPHA_TEST\n    if (alpha < alphaThreshold) discard;\n  #endif\n}\nin vec4 v_light;\n#if TWO_COLORED\n  in vec4 v_dark;\n#endif\nin vec2 uv0;\nuniform sampler2D cc_spriteTexture;\nvec4 frag () {\n  vec4 o = vec4(1, 1, 1, 1);\n  #if TWO_COLORED\n    vec4 texColor = vec4(1, 1, 1, 1);\n    texColor *= texture(cc_spriteTexture, uv0);\n     o.a = texColor.a * v_light.a;\n    o.rgb = ((texColor.a - 1.0) * v_dark.a + 1.0 - texColor.rgb) * v_dark.rgb + texColor.rgb * v_light.rgb;\n  #else\n    o *= texture(cc_spriteTexture, uv0);\n    o *= v_light;\n  #endif\n  ALPHA_TEST(o);\n  return o;\n}\nlayout(location = 0) out vec4 cc_FragColor;\nvoid main() { cc_FragColor = frag(); }"
                    },
                    "glsl1": {
                        "vert": "\nprecision highp float;\nuniform highp mat4 cc_matViewProj;\n#if USE_LOCAL\n  uniform highp mat4 cc_matWorld;\n#endif\nattribute vec3 a_position;\nattribute vec2 a_texCoord;\nattribute vec4 a_color;\nvarying vec4 v_light;\nvarying vec2 uv0;\n#if TWO_COLORED\n  attribute vec4 a_color2;\n  varying vec4 v_dark;\n#endif\nvec4 vert () {\n  vec4 pos = vec4(a_position, 1);\n  #if USE_LOCAL\n    pos = cc_matWorld * pos;\n  #endif\n  pos = cc_matViewProj * pos;\n  uv0 = a_texCoord;\n  v_light = a_color;\n  #if TWO_COLORED\n    v_dark = a_color2;\n  #endif\n  return pos;\n}\nvoid main() { gl_Position = vert(); }",
                        "frag": "\nprecision highp float;\n#if USE_ALPHA_TEST\n      uniform float alphaThreshold;\n#endif\nvoid ALPHA_TEST (in vec4 color) {\n  #if USE_ALPHA_TEST\n    if (color.a < alphaThreshold) discard;\n  #endif\n}\nvoid ALPHA_TEST (in float alpha) {\n  #if USE_ALPHA_TEST\n    if (alpha < alphaThreshold) discard;\n  #endif\n}\nvarying vec4 v_light;\n#if TWO_COLORED\n  varying vec4 v_dark;\n#endif\nvarying vec2 uv0;\nuniform sampler2D cc_spriteTexture;\nvec4 frag () {\n  vec4 o = vec4(1, 1, 1, 1);\n  #if TWO_COLORED\n    vec4 texColor = vec4(1, 1, 1, 1);\n    texColor *= texture2D(cc_spriteTexture, uv0);\n     o.a = texColor.a * v_light.a;\n    o.rgb = ((texColor.a - 1.0) * v_dark.a + 1.0 - texColor.rgb) * v_dark.rgb + texColor.rgb * v_light.rgb;\n  #else\n    o *= texture2D(cc_spriteTexture, uv0);\n    o *= v_light;\n  #endif\n  ALPHA_TEST(o);\n  return o;\n}\nvoid main() { gl_FragColor = frag(); }"
                    },
                    "builtins": {
                        "globals": {
                            "blocks": [
                                {
                                    "name": "CCGlobal",
                                    "defines": []
                                },
                                {
                                    "name": "CCCamera",
                                    "defines": []
                                }
                            ],
                            "samplerTextures": [],
                            "buffers": [],
                            "images": []
                        },
                        "locals": {
                            "blocks": [
                                {
                                    "name": "CCLocal",
                                    "defines": [
                                        "USE_LOCAL"
                                    ]
                                }
                            ],
                            "samplerTextures": [
                                {
                                    "name": "cc_spriteTexture",
                                    "defines": []
                                }
                            ],
                            "buffers": [],
                            "images": []
                        },
                        "statistics": {
                            "CC_EFFECT_USED_VERTEX_UNIFORM_VECTORS": 56,
                            "CC_EFFECT_USED_FRAGMENT_UNIFORM_VECTORS": 1
                        }
                    },
                    "defines": [
                        {
                            "name": "USE_LOCAL",
                            "type": "boolean"
                        },
                        {
                            "name": "TWO_COLORED",
                            "type": "boolean"
                        },
                        {
                            "name": "USE_ALPHA_TEST",
                            "type": "boolean"
                        }
                    ]
                }
            ],
            [
                {
                    "passes": [
                        {
                            "program": "for2d/builtin-spine|sprite-vs:vert|sprite-fs:frag",
                            "blendState": {
                                "targets": [
                                    {
                                        "blend": true,
                                        "blendSrc": 2,
                                        "blendDst": 4,
                                        "blendDstAlpha": 4
                                    }
                                ]
                            },
                            "rasterizerState": {
                                "cullMode": 0
                            },
                            "depthStencilState": {
                                "depthTest": false,
                                "depthWrite": false
                            },
                            "properties": {
                                "alphaThreshold": {
                                    "type": 13,
                                    "value": [
                                        0.5
                                    ]
                                }
                            }
                        }
                    ]
                }
            ]
        ]
    ],
    0,
    0,
    [],
    [],
    []
]
