{
  "imports": {
    "cce:/internal/x/cc": "./chunks/93/93ba276ea7b26ffcdc433fab14afc1ed6f05647b.js",
    "cce:/internal/x/prerequisite-imports": "./chunks/6d/6d8fd2b0177941b032ddc0733af48a561fb60657.js",
    "file:///C:/ProgramData/cocos/editors/Creator/3.8.3/resources/resources/3d/engine/editor/assets/tools/debug-view-runtime-control.ts": "./chunks/c8/c8b6a709c03b1f3a3069932b4b22bfbc5834b962.js",
    "file:///C:/Users/lenovo/Desktop/tank7.4.15/assets/text/background.ts": "./chunks/66/66569da7209e4333d5550183067ab98c89edf8f6.js",
    "file:///C:/Users/lenovo/Desktop/tank7.4.15/assets/text/bullet0.ts": "./chunks/3d/3d4b2ef21239be94a8ef522d9a5d156dbe1b7037.js",
    "file:///C:/Users/lenovo/Desktop/tank7.4.15/assets/text/bullet1.ts": "./chunks/22/22142e2d2100a6225924eb12df916e6386249c46.js",
    "file:///C:/Users/lenovo/Desktop/tank7.4.15/assets/text/firedirection0.ts": "./chunks/12/121704b9346a45ac17d4d75b9b1d37c1939d7035.js",
    "file:///C:/Users/lenovo/Desktop/tank7.4.15/assets/text/firedirection1.ts": "./chunks/49/495537c7360a94a00fd046d5f2fa38daebb22eba.js",
    "file:///C:/Users/lenovo/Desktop/tank7.4.15/assets/text/normalwall.ts": "./chunks/dd/ddad35c945cfad7fbbba510935f9fded912abb1c.js",
    "file:///C:/Users/lenovo/Desktop/tank7.4.15/assets/text/specialwall.ts": "./chunks/57/5744b133755686bcaaf887fdb560741e3786c977.js",
    "file:///C:/Users/lenovo/Desktop/tank7.4.15/assets/text/tank0.ts": "./chunks/b6/b641337762260001ab531041504b7186a5f009ec.js",
    "file:///C:/Users/lenovo/Desktop/tank7.4.15/assets/text/tank1.ts": "./chunks/d6/d629777dc8da6f5ac9b5ec2136754e520fd90cab.js"
  },
  "scopes": {
    "./chunks/93/93ba276ea7b26ffcdc433fab14afc1ed6f05647b.js": {
      "__unresolved_0": "cce:/internal/x/cc-fu/base",
      "__unresolved_1": "cce:/internal/x/cc-fu/gfx-webgl",
      "__unresolved_10": "cce:/internal/x/cc-fu/particle",
      "__unresolved_11": "cce:/internal/x/cc-fu/particle-2d",
      "__unresolved_12": "cce:/internal/x/cc-fu/physics-framework",
      "__unresolved_13": "cce:/internal/x/cc-fu/physics-2d-framework",
      "__unresolved_14": "cce:/internal/x/cc-fu/physics-2d-box2d-wasm",
      "__unresolved_15": "cce:/internal/x/cc-fu/intersection-2d",
      "__unresolved_16": "cce:/internal/x/cc-fu/primitive",
      "__unresolved_17": "cce:/internal/x/cc-fu/profiler",
      "__unresolved_18": "cce:/internal/x/cc-fu/geometry-renderer",
      "__unresolved_19": "cce:/internal/x/cc-fu/audio",
      "__unresolved_2": "cce:/internal/x/cc-fu/gfx-webgl2",
      "__unresolved_20": "cce:/internal/x/cc-fu/video",
      "__unresolved_21": "cce:/internal/x/cc-fu/xr",
      "__unresolved_22": "cce:/internal/x/cc-fu/light-probe",
      "__unresolved_23": "cce:/internal/x/cc-fu/terrain",
      "__unresolved_24": "cce:/internal/x/cc-fu/webview",
      "__unresolved_25": "cce:/internal/x/cc-fu/tween",
      "__unresolved_26": "cce:/internal/x/cc-fu/tiled-map",
      "__unresolved_27": "cce:/internal/x/cc-fu/spine",
      "__unresolved_28": "cce:/internal/x/cc-fu/dragon-bones",
      "__unresolved_29": "cce:/internal/x/cc-fu/custom-pipeline",
      "__unresolved_3": "cce:/internal/x/cc-fu/gfx-empty",
      "__unresolved_4": "cce:/internal/x/cc-fu/3d",
      "__unresolved_5": "cce:/internal/x/cc-fu/animation",
      "__unresolved_6": "cce:/internal/x/cc-fu/skeletal-animation",
      "__unresolved_7": "cce:/internal/x/cc-fu/2d",
      "__unresolved_8": "cce:/internal/x/cc-fu/sorting",
      "__unresolved_9": "cce:/internal/x/cc-fu/ui"
    },
    "./chunks/6d/6d8fd2b0177941b032ddc0733af48a561fb60657.js": {
      "__unresolved_0": "./chunks/c8/c8b6a709c03b1f3a3069932b4b22bfbc5834b962.js",
      "__unresolved_1": "./chunks/66/66569da7209e4333d5550183067ab98c89edf8f6.js",
      "__unresolved_2": "./chunks/3d/3d4b2ef21239be94a8ef522d9a5d156dbe1b7037.js",
      "__unresolved_3": "./chunks/22/22142e2d2100a6225924eb12df916e6386249c46.js",
      "__unresolved_4": "./chunks/12/121704b9346a45ac17d4d75b9b1d37c1939d7035.js",
      "__unresolved_5": "./chunks/49/495537c7360a94a00fd046d5f2fa38daebb22eba.js",
      "__unresolved_6": "./chunks/dd/ddad35c945cfad7fbbba510935f9fded912abb1c.js",
      "__unresolved_7": "./chunks/57/5744b133755686bcaaf887fdb560741e3786c977.js",
      "__unresolved_8": "./chunks/b6/b641337762260001ab531041504b7186a5f009ec.js",
      "__unresolved_9": "./chunks/d6/d629777dc8da6f5ac9b5ec2136754e520fd90cab.js"
    },
    "./chunks/d6/d629777dc8da6f5ac9b5ec2136754e520fd90cab.js": {
      "cc": "./chunks/93/93ba276ea7b26ffcdc433fab14afc1ed6f05647b.js"
    },
    "./chunks/b6/b641337762260001ab531041504b7186a5f009ec.js": {
      "cc": "./chunks/93/93ba276ea7b26ffcdc433fab14afc1ed6f05647b.js"
    },
    "./chunks/57/5744b133755686bcaaf887fdb560741e3786c977.js": {
      "cc": "./chunks/93/93ba276ea7b26ffcdc433fab14afc1ed6f05647b.js"
    },
    "./chunks/dd/ddad35c945cfad7fbbba510935f9fded912abb1c.js": {
      "cc": "./chunks/93/93ba276ea7b26ffcdc433fab14afc1ed6f05647b.js"
    },
    "./chunks/49/495537c7360a94a00fd046d5f2fa38daebb22eba.js": {
      "cc": "./chunks/93/93ba276ea7b26ffcdc433fab14afc1ed6f05647b.js"
    },
    "./chunks/12/121704b9346a45ac17d4d75b9b1d37c1939d7035.js": {
      "cc": "./chunks/93/93ba276ea7b26ffcdc433fab14afc1ed6f05647b.js"
    },
    "./chunks/22/22142e2d2100a6225924eb12df916e6386249c46.js": {
      "cc": "./chunks/93/93ba276ea7b26ffcdc433fab14afc1ed6f05647b.js"
    },
    "./chunks/3d/3d4b2ef21239be94a8ef522d9a5d156dbe1b7037.js": {
      "cc": "./chunks/93/93ba276ea7b26ffcdc433fab14afc1ed6f05647b.js"
    },
    "./chunks/66/66569da7209e4333d5550183067ab98c89edf8f6.js": {
      "cc": "./chunks/93/93ba276ea7b26ffcdc433fab14afc1ed6f05647b.js"
    },
    "./chunks/c8/c8b6a709c03b1f3a3069932b4b22bfbc5834b962.js": {
      "cc": "./chunks/93/93ba276ea7b26ffcdc433fab14afc1ed6f05647b.js"
    }
  }
}
