{
  "__version__": "1.0.1",
  "builder": {
    "common": {
      "polyfills": {
        "asyncFunctions": true
      },
      "name": "TankFight",
      "md5Cache": true,
      "debug": true,
      "scenes": [
        {
          "url": "db://assets/scene-2d.scene",
          "uuid": "d506c42d-a2d8-4de2-bff7-83bd68a68175"
        }
      ]
    },
    "taskOptionsMap": {
      "1719905968700": {
        "resolution": {
          "designWidth": 1280,
          "designHeight": 960
        },
        "__version__": "1.0.1"
      }
    },
    "__version__": "1.3.8"
  }
}
