{
  "imports": {
    "cce:/internal/x/cc": "./chunks/93/93ba276ea7b26ffcdc433fab14afc1ed6f05647b.js",
    "cce:/internal/x/prerequisite-imports": "./chunks/6d/6d8fd2b0177941b032ddc0733af48a561fb60657.js",
    "file:///C:/ProgramData/cocos/editors/Creator/3.8.3/resources/resources/3d/engine/editor/assets/tools/debug-view-runtime-control.ts": "./chunks/c8/c8b6a709c03b1f3a3069932b4b22bfbc5834b962.js",
    "file:///C:/Users/lenovo/Desktop/tank7.3.1/assets/text/background.ts": "./chunks/68/68d08882b520a7b3a28de994109d92574a0db203.js",
    "file:///C:/Users/lenovo/Desktop/tank7.3.1/assets/text/bullet.ts": "./chunks/eb/eba843539291bb0ec121dc1c1a63fa33fd8b6c4f.js",
    "file:///C:/Users/lenovo/Desktop/tank7.3.1/assets/text/firedirection0.ts": "./chunks/05/05e0d0243ea4cff590c2047784739f599f6ba27d.js",
    "file:///C:/Users/lenovo/Desktop/tank7.3.1/assets/text/firedirection1.ts": "./chunks/ed/ede70660a46de22c13fba00dc1ca5883265718db.js",
    "file:///C:/Users/lenovo/Desktop/tank7.3.1/assets/text/tank0.ts": "./chunks/90/901b743f289afc7157c26e00b9ec74f8c2023922.js",
    "file:///C:/Users/lenovo/Desktop/tank7.3.1/assets/text/tank1.ts": "./chunks/48/4808496ea94ebdb9e62c30bd55b1f5b4e3814f13.js",
    "file:///C:/Users/lenovo/Desktop/tank7.3.1/assets/text/wall.ts": "./chunks/3b/3beeda16ede976a2c3e0439221a395ccd2970858.js",
    "file:///C:/Users/lenovo/Desktop/tank7.3.1/assets/text/wallbox.ts": "./chunks/86/8674a47eb6678422049b54b02c571838da0632e8.js"
  },
  "scopes": {
    "./chunks/93/93ba276ea7b26ffcdc433fab14afc1ed6f05647b.js": {
      "__unresolved_0": "cce:/internal/x/cc-fu/base",
      "__unresolved_1": "cce:/internal/x/cc-fu/gfx-webgl",
      "__unresolved_10": "cce:/internal/x/cc-fu/particle",
      "__unresolved_11": "cce:/internal/x/cc-fu/particle-2d",
      "__unresolved_12": "cce:/internal/x/cc-fu/physics-framework",
      "__unresolved_13": "cce:/internal/x/cc-fu/physics-2d-framework",
      "__unresolved_14": "cce:/internal/x/cc-fu/physics-2d-box2d-wasm",
      "__unresolved_15": "cce:/internal/x/cc-fu/intersection-2d",
      "__unresolved_16": "cce:/internal/x/cc-fu/primitive",
      "__unresolved_17": "cce:/internal/x/cc-fu/profiler",
      "__unresolved_18": "cce:/internal/x/cc-fu/geometry-renderer",
      "__unresolved_19": "cce:/internal/x/cc-fu/audio",
      "__unresolved_2": "cce:/internal/x/cc-fu/gfx-webgl2",
      "__unresolved_20": "cce:/internal/x/cc-fu/video",
      "__unresolved_21": "cce:/internal/x/cc-fu/xr",
      "__unresolved_22": "cce:/internal/x/cc-fu/light-probe",
      "__unresolved_23": "cce:/internal/x/cc-fu/terrain",
      "__unresolved_24": "cce:/internal/x/cc-fu/webview",
      "__unresolved_25": "cce:/internal/x/cc-fu/tween",
      "__unresolved_26": "cce:/internal/x/cc-fu/tiled-map",
      "__unresolved_27": "cce:/internal/x/cc-fu/spine",
      "__unresolved_28": "cce:/internal/x/cc-fu/dragon-bones",
      "__unresolved_29": "cce:/internal/x/cc-fu/custom-pipeline",
      "__unresolved_3": "cce:/internal/x/cc-fu/gfx-empty",
      "__unresolved_4": "cce:/internal/x/cc-fu/3d",
      "__unresolved_5": "cce:/internal/x/cc-fu/animation",
      "__unresolved_6": "cce:/internal/x/cc-fu/skeletal-animation",
      "__unresolved_7": "cce:/internal/x/cc-fu/2d",
      "__unresolved_8": "cce:/internal/x/cc-fu/sorting",
      "__unresolved_9": "cce:/internal/x/cc-fu/ui"
    },
    "./chunks/6d/6d8fd2b0177941b032ddc0733af48a561fb60657.js": {
      "__unresolved_0": "./chunks/c8/c8b6a709c03b1f3a3069932b4b22bfbc5834b962.js",
      "__unresolved_1": "./chunks/68/68d08882b520a7b3a28de994109d92574a0db203.js",
      "__unresolved_2": "./chunks/eb/eba843539291bb0ec121dc1c1a63fa33fd8b6c4f.js",
      "__unresolved_3": "./chunks/05/05e0d0243ea4cff590c2047784739f599f6ba27d.js",
      "__unresolved_4": "./chunks/ed/ede70660a46de22c13fba00dc1ca5883265718db.js",
      "__unresolved_5": "./chunks/90/901b743f289afc7157c26e00b9ec74f8c2023922.js",
      "__unresolved_6": "./chunks/48/4808496ea94ebdb9e62c30bd55b1f5b4e3814f13.js",
      "__unresolved_7": "./chunks/3b/3beeda16ede976a2c3e0439221a395ccd2970858.js",
      "__unresolved_8": "./chunks/86/8674a47eb6678422049b54b02c571838da0632e8.js"
    },
    "./chunks/86/8674a47eb6678422049b54b02c571838da0632e8.js": {
      "cc": "./chunks/93/93ba276ea7b26ffcdc433fab14afc1ed6f05647b.js"
    },
    "./chunks/3b/3beeda16ede976a2c3e0439221a395ccd2970858.js": {
      "cc": "./chunks/93/93ba276ea7b26ffcdc433fab14afc1ed6f05647b.js"
    },
    "./chunks/48/4808496ea94ebdb9e62c30bd55b1f5b4e3814f13.js": {
      "cc": "./chunks/93/93ba276ea7b26ffcdc433fab14afc1ed6f05647b.js"
    },
    "./chunks/90/901b743f289afc7157c26e00b9ec74f8c2023922.js": {
      "cc": "./chunks/93/93ba276ea7b26ffcdc433fab14afc1ed6f05647b.js"
    },
    "./chunks/ed/ede70660a46de22c13fba00dc1ca5883265718db.js": {
      "cc": "./chunks/93/93ba276ea7b26ffcdc433fab14afc1ed6f05647b.js"
    },
    "./chunks/05/05e0d0243ea4cff590c2047784739f599f6ba27d.js": {
      "cc": "./chunks/93/93ba276ea7b26ffcdc433fab14afc1ed6f05647b.js"
    },
    "./chunks/eb/eba843539291bb0ec121dc1c1a63fa33fd8b6c4f.js": {
      "cc": "./chunks/93/93ba276ea7b26ffcdc433fab14afc1ed6f05647b.js"
    },
    "./chunks/68/68d08882b520a7b3a28de994109d92574a0db203.js": {
      "cc": "./chunks/93/93ba276ea7b26ffcdc433fab14afc1ed6f05647b.js"
    },
    "./chunks/c8/c8b6a709c03b1f3a3069932b4b22bfbc5834b962.js": {
      "cc": "./chunks/93/93ba276ea7b26ffcdc433fab14afc1ed6f05647b.js"
    }
  }
}
