[
  {
    "__type__": "cc.Prefab",
    "_name": "enemytank",
    "_objFlags": 0,
    "__editorExtras__": {},
    "_native": "",
    "data": {
      "__id__": 1
    },
    "optimizationPolicy": 0,
    "persistent": false
  },
  {
    "__type__": "cc.Node",
    "_name": "enemytank",
    "_objFlags": 0,
    "__editorExtras__": {},
    "_parent": null,
    "_children": [
      {
        "__id__": 2
      },
      {
        "__id__": 8
      }
    ],
    "_active": true,
    "_components": [
      {
        "__id__": 14
      },
      {
        "__id__": 16
      },
      {
        "__id__": 18
      },
      {
        "__id__": 20
      },
      {
        "__id__": 22
      }
    ],
    "_prefab": {
      "__id__": 24
    },
    "_lpos": {
      "__type__": "cc.Vec3",
      "x": -491.017,
      "y": -175.601,
      "z": 0
    },
    "_lrot": {
      "__type__": "cc.Quat",
      "x": 0,
      "y": 0,
      "z": 0,
      "w": 1
    },
    "_lscale": {
      "__type__": "cc.Vec3",
      "x": 1,
      "y": 1,
      "z": 1
    },
    "_mobility": 0,
    "_layer": 33554432,
    "_euler": {
      "__type__": "cc.Vec3",
      "x": 0,
      "y": 0,
      "z": 0
    },
    "_id": ""
  },
  {
    "__type__": "cc.Node",
    "_name": "firedirection",
    "_objFlags": 0,
    "__editorExtras__": {},
    "_parent": {
      "__id__": 1
    },
    "_children": [],
    "_active": true,
    "_components": [
      {
        "__id__": 3
      },
      {
        "__id__": 5
      }
    ],
    "_prefab": {
      "__id__": 7
    },
    "_lpos": {
      "__type__": "cc.Vec3",
      "x": 0,
      "y": 0,
      "z": 0
    },
    "_lrot": {
      "__type__": "cc.Quat",
      "x": 0,
      "y": 0,
      "z": 0,
      "w": 1
    },
    "_lscale": {
      "__type__": "cc.Vec3",
      "x": 1,
      "y": 1,
      "z": 1
    },
    "_mobility": 0,
    "_layer": 33554432,
    "_euler": {
      "__type__": "cc.Vec3",
      "x": 0,
      "y": 0,
      "z": 0
    },
    "_id": ""
  },
  {
    "__type__": "cc.UITransform",
    "_name": "",
    "_objFlags": 0,
    "__editorExtras__": {},
    "node": {
      "__id__": 2
    },
    "_enabled": true,
    "__prefab": {
      "__id__": 4
    },
    "_contentSize": {
      "__type__": "cc.Size",
      "width": 50,
      "height": 50
    },
    "_anchorPoint": {
      "__type__": "cc.Vec2",
      "x": 0.5,
      "y": 0.5
    },
    "_id": ""
  },
  {
    "__type__": "cc.CompPrefabInfo",
    "fileId": "edY62MX4lD2KElNegQ5PAK"
  },
  {
    "__type__": "33089amwGtMUok7r6rYQJKR",
    "_name": "",
    "_objFlags": 0,
    "__editorExtras__": {},
    "node": {
      "__id__": 2
    },
    "_enabled": true,
    "__prefab": {
      "__id__": 6
    },
    "shootPower": 500,
    "bulletPrefab": {
      "__uuid__": "282a2781-49d8-4c56-8812-c52f130e262b",
      "__expectedType__": "cc.Prefab"
    },
    "landminePrefab": {
      "__uuid__": "23d4dcab-e845-40fe-b1fe-739086423db7",
      "__expectedType__": "cc.Prefab"
    },
    "_id": ""
  },
  {
    "__type__": "cc.CompPrefabInfo",
    "fileId": "09o6ZkcLdNMareRTUMH8tx"
  },
  {
    "__type__": "cc.PrefabInfo",
    "root": {
      "__id__": 1
    },
    "asset": {
      "__id__": 0
    },
    "fileId": "8d/nfAMvdFcZ9HFPLeTFde",
    "instance": null,
    "targetOverrides": null,
    "nestedPrefabInstanceRoots": null
  },
  {
    "__type__": "cc.Node",
    "_name": "RenderSprite0",
    "_objFlags": 0,
    "__editorExtras__": {},
    "_parent": {
      "__id__": 1
    },
    "_children": [],
    "_active": true,
    "_components": [
      {
        "__id__": 9
      },
      {
        "__id__": 11
      }
    ],
    "_prefab": {
      "__id__": 13
    },
    "_lpos": {
      "__type__": "cc.Vec3",
      "x": 0,
      "y": 0,
      "z": 0
    },
    "_lrot": {
      "__type__": "cc.Quat",
      "x": 0,
      "y": 0,
      "z": 0,
      "w": 1
    },
    "_lscale": {
      "__type__": "cc.Vec3",
      "x": 1,
      "y": 1,
      "z": 1
    },
    "_mobility": 0,
    "_layer": 33554432,
    "_euler": {
      "__type__": "cc.Vec3",
      "x": 0,
      "y": 0,
      "z": 0
    },
    "_id": ""
  },
  {
    "__type__": "cc.UITransform",
    "_name": "",
    "_objFlags": 0,
    "__editorExtras__": {},
    "node": {
      "__id__": 8
    },
    "_enabled": true,
    "__prefab": {
      "__id__": 10
    },
    "_contentSize": {
      "__type__": "cc.Size",
      "width": 50,
      "height": 50
    },
    "_anchorPoint": {
      "__type__": "cc.Vec2",
      "x": 0.5,
      "y": 0.5
    },
    "_id": ""
  },
  {
    "__type__": "cc.CompPrefabInfo",
    "fileId": "dfQ3F0bTROxIPAg/6fTZPC"
  },
  {
    "__type__": "cc.Sprite",
    "_name": "",
    "_objFlags": 0,
    "__editorExtras__": {},
    "node": {
      "__id__": 8
    },
    "_enabled": true,
    "__prefab": {
      "__id__": 12
    },
    "_customMaterial": null,
    "_srcBlendFactor": 2,
    "_dstBlendFactor": 4,
    "_color": {
      "__type__": "cc.Color",
      "r": 255,
      "g": 255,
      "b": 255,
      "a": 255
    },
    "_spriteFrame": {
      "__uuid__": "79060037-715c-435a-9aa1-9b588aed1ee4@f9941",
      "__expectedType__": "cc.SpriteFrame"
    },
    "_type": 0,
    "_fillType": 0,
    "_sizeMode": 0,
    "_fillCenter": {
      "__type__": "cc.Vec2",
      "x": 0,
      "y": 0
    },
    "_fillStart": 0,
    "_fillRange": 0,
    "_isTrimmedMode": true,
    "_useGrayscale": false,
    "_atlas": null,
    "_id": ""
  },
  {
    "__type__": "cc.CompPrefabInfo",
    "fileId": "7fj6sb5flDV7jnBO9tXxF3"
  },
  {
    "__type__": "cc.PrefabInfo",
    "root": {
      "__id__": 1
    },
    "asset": {
      "__id__": 0
    },
    "fileId": "eaiGHc+qtND7n+y+BfIxjM",
    "instance": null,
    "targetOverrides": null,
    "nestedPrefabInstanceRoots": null
  },
  {
    "__type__": "cc.UITransform",
    "_name": "",
    "_objFlags": 0,
    "__editorExtras__": {},
    "node": {
      "__id__": 1
    },
    "_enabled": true,
    "__prefab": {
      "__id__": 15
    },
    "_contentSize": {
      "__type__": "cc.Size",
      "width": 50,
      "height": 50
    },
    "_anchorPoint": {
      "__type__": "cc.Vec2",
      "x": 0.5,
      "y": 0.5
    },
    "_id": ""
  },
  {
    "__type__": "cc.CompPrefabInfo",
    "fileId": "71w7jLqyRMlqOGYTyxDwWK"
  },
  {
    "__type__": "cc.Sprite",
    "_name": "",
    "_objFlags": 0,
    "__editorExtras__": {},
    "node": {
      "__id__": 1
    },
    "_enabled": true,
    "__prefab": {
      "__id__": 17
    },
    "_customMaterial": null,
    "_srcBlendFactor": 2,
    "_dstBlendFactor": 4,
    "_color": {
      "__type__": "cc.Color",
      "r": 248,
      "g": 242,
      "b": 242,
      "a": 238
    },
    "_spriteFrame": null,
    "_type": 0,
    "_fillType": 0,
    "_sizeMode": 0,
    "_fillCenter": {
      "__type__": "cc.Vec2",
      "x": 0,
      "y": 0
    },
    "_fillStart": 0,
    "_fillRange": 0,
    "_isTrimmedMode": true,
    "_useGrayscale": false,
    "_atlas": null,
    "_id": ""
  },
  {
    "__type__": "cc.CompPrefabInfo",
    "fileId": "1dZdoSJOJE1pjR2WZjH1Ia"
  },
  {
    "__type__": "cc.RigidBody2D",
    "_name": "",
    "_objFlags": 0,
    "__editorExtras__": {},
    "node": {
      "__id__": 1
    },
    "_enabled": true,
    "__prefab": {
      "__id__": 19
    },
    "enabledContactListener": true,
    "bullet": true,
    "awakeOnLoad": true,
    "_group": 128,
    "_type": 2,
    "_allowSleep": true,
    "_gravityScale": 0,
    "_linearDamping": 0,
    "_angularDamping": 0,
    "_linearVelocity": {
      "__type__": "cc.Vec2",
      "x": 0,
      "y": 0
    },
    "_angularVelocity": 0,
    "_fixedRotation": true,
    "_id": ""
  },
  {
    "__type__": "cc.CompPrefabInfo",
    "fileId": "0aARUpYP1GO4GJE+aMULwv"
  },
  {
    "__type__": "cc.BoxCollider2D",
    "_name": "",
    "_objFlags": 0,
    "__editorExtras__": {},
    "node": {
      "__id__": 1
    },
    "_enabled": true,
    "__prefab": {
      "__id__": 21
    },
    "tag": 0,
    "_group": 128,
    "_density": 1,
    "_sensor": false,
    "_friction": 0.5,
    "_restitution": 0,
    "_offset": {
      "__type__": "cc.Vec2",
      "x": -0.2,
      "y": -0.1
    },
    "_size": {
      "__type__": "cc.Size",
      "width": 50,
      "height": 50
    },
    "_id": ""
  },
  {
    "__type__": "cc.CompPrefabInfo",
    "fileId": "26VgD0HA5FHZ5nFD74uhEX"
  },
  {
    "__type__": "d96d3j60T9NoaaiJr33tzfj",
    "_name": "",
    "_objFlags": 0,
    "__editorExtras__": {},
    "node": {
      "__id__": 1
    },
    "_enabled": true,
    "__prefab": {
      "__id__": 23
    },
    "magnification": 5,
    "rigidBody": {
      "__id__": 18
    },
    "upSpriteFrame": {
      "__uuid__": "8a610c28-8779-4bd6-b80f-b5de6be1735f@f9941",
      "__expectedType__": "cc.SpriteFrame"
    },
    "downSpriteFrame": {
      "__uuid__": "bcf59bb8-034f-48a8-bf23-04fceb7ed2f7@f9941",
      "__expectedType__": "cc.SpriteFrame"
    },
    "leftSpriteFrame": {
      "__uuid__": "9fd26fef-3a67-4141-ab86-76d327ccb0a7@f9941",
      "__expectedType__": "cc.SpriteFrame"
    },
    "rightSpriteFrame": {
      "__uuid__": "6c51f436-0e09-4c71-b9b2-aa7bf331791e@f9941",
      "__expectedType__": "cc.SpriteFrame"
    },
    "rightandupSpriteFrame": {
      "__uuid__": "643c4e21-d3e2-4873-a78d-934dbbed0ded@f9941",
      "__expectedType__": "cc.SpriteFrame"
    },
    "speed": 2,
    "_id": ""
  },
  {
    "__type__": "cc.CompPrefabInfo",
    "fileId": "510cwcJGtN6JvB8SnjmBRv"
  },
  {
    "__type__": "cc.PrefabInfo",
    "root": {
      "__id__": 1
    },
    "asset": {
      "__id__": 0
    },
    "fileId": "6bYxoXa+9NkYTQr4l49Qhj",
    "instance": null,
    "targetOverrides": null
  }
]