{
  "__type__": "cc.SpriteFrame",
  "content": {
    "name": "groud",
    "atlas": "",
    "rect": {
      "x": 0,
      "y": 0,
      "width": 53,
      "height": 49
    },
    "offset": {
      "x": 0,
      "y": 0
    },
    "originalSize": {
      "width": 53,
      "height": 49
    },
    "rotated": false,
    "capInsets": [
      0,
      0,
      0,
      0
    ],
    "vertices": {
      "rawPosition": [
        -26.5,
        -24.5,
        0,
        26.5,
        -24.5,
        0,
        -26.5,
        24.5,
        0,
        26.5,
        24.5,
        0
      ],
      "indexes": [
        0,
        1,
        2,
        2,
        1,
        3
      ],
      "uv": [
        0,
        49,
        53,
        49,
        0,
        0,
        53,
        0
      ],
      "nuv": [
        0,
        0,
        1,
        0,
        0,
        1,
        1,
        1
      ],
      "minPos": {
        "x": -26.5,
        "y": -24.5,
        "z": 0
      },
      "maxPos": {
        "x": 26.5,
        "y": 24.5,
        "z": 0
      }
    },
    "texture": "c4a35f7a-917c-4a35-a54a-75bf6a994f27@6c48a",
    "packable": true,
    "pixelsToUnit": 100,
    "pivot": {
      "x": 0.5,
      "y": 0.5
    },
    "meshType": 0
  }
}