{
  "version": "1.0.0",
  "map": {
    "C:\\cocoscreater\\NewProject_1\\assets\\scene-2d.scene.meta": {
      "time": 1719814456107.5046
    },
    "C:\\cocoscreater\\NewProject_1\\assets\\scene-2d.scene": {
      "time": 1719995521057.397,
      "uuid": "d506c42d-a2d8-4de2-bff7-83bd68a68175"
    },
    "C:\\cocoscreater\\NewProject_1\\assets\\photo.meta": {
      "time": 1719817358518.189
    },
    "C:\\cocoscreater\\NewProject_1\\assets\\photo": {
      "time": 1719890825755.9626,
      "uuid": "2e86899f-ecc6-4cda-aa60-a277ed418bf9"
    },
    "C:\\cocoscreater\\NewProject_1\\assets\\photo\\488e4cc1b6afa99548db30556b924aeb.prefab.meta": {
      "time": 1719817362008.4753
    },
    "C:\\cocoscreater\\NewProject_1\\assets\\text.meta": {
      "time": 1719817843528.148
    },
    "C:\\cocoscreater\\NewProject_1\\assets\\text": {
      "time": 1719992299249.179,
      "uuid": "da66a686-fdaf-4c0f-a9b8-793763f22bcd"
    },
    "C:\\cocoscreater\\NewProject_1\\assets\\text\\background.ts.meta": {
      "time": 1719818065754.8135
    },
    "C:\\cocoscreater\\NewProject_1\\assets\\text\\background.ts": {
      "time": 1719888234980.8416,
      "uuid": "b50dccee-a23f-4bd3-aff8-f67067d0d69b"
    },
    "C:\\cocoscreater\\NewProject_1\\assets\\photo\\488e4cc1b6afa99548db30556b924aeb.jpg.meta": {
      "time": 1719819828737.2373
    },
    "C:\\cocoscreater\\NewProject_1\\assets\\text\\tank0.ts.meta": {
      "time": 1719817834048.3762
    },
    "C:\\cocoscreater\\NewProject_1\\assets\\text\\tank0.ts": {
      "time": 1719992658359.2395,
      "uuid": "3f68566e-2dce-4cb2-9ea6-e66931227e03"
    },
    "C:\\cocoscreater\\NewProject_1\\assets\\text\\tank1.ts.meta": {
      "time": 1719887550882.8389
    },
    "C:\\cocoscreater\\NewProject_1\\assets\\text\\tank1.ts": {
      "time": 1719901063706.3171,
      "uuid": "20c591ef-2140-4806-bea8-a7519cd3af9d"
    },
    "C:\\cocoscreater\\NewProject_1\\assets\\photo\\OIP-C.jpg.meta": {
      "time": 1719890825779.0518
    },
    "C:\\cocoscreater\\NewProject_1\\assets\\text\\wall.ts.meta": {
      "time": 1719822093830.2454
    },
    "C:\\cocoscreater\\NewProject_1\\assets\\text\\wall.ts": {
      "time": 1719902783381.7856,
      "uuid": "acd0e859-2f9d-48e7-86ef-f0f36fff76b5"
    },
    "C:\\cocoscreater\\NewProject_1\\assets\\text\\wallbox.ts.meta": {
      "time": 1719908645514.97
    },
    "C:\\cocoscreater\\NewProject_1\\assets\\text\\wallbox.ts": {
      "time": 1719908645499.2996,
      "uuid": "fbe250b1-87fa-4ae2-ad8d-019463cf0bec"
    },
    "C:\\cocoscreater\\NewProject_1\\assets\\map.meta": {
      "time": 1719909876874.9436
    },
    "C:\\cocoscreater\\NewProject_1\\assets\\map": {
      "time": 1719909970256.716,
      "uuid": "2f042a5a-a82b-4598-aa7c-1a66cd590fa9"
    },
    "C:\\cocoscreater\\NewProject_1\\assets\\map\\doublemap.scene.meta": {
      "time": 1719909815504.949
    },
    "C:\\cocoscreater\\NewProject_1\\assets\\map\\doublemap.scene": {
      "time": 1719909894392.0686,
      "uuid": "56c94625-6c31-4bd5-90fe-90c9552fdc01"
    },
    "C:\\cocoscreater\\NewProject_1\\assets\\map\\alonemap1.scene.meta": {
      "time": 1719909931968.1702
    },
    "C:\\cocoscreater\\NewProject_1\\assets\\map\\alonemap1.scene": {
      "time": 1719909953995.7397,
      "uuid": "90a7d994-d70e-4787-b18c-d79a2721553c"
    },
    "C:\\cocoscreater\\NewProject_1\\assets\\map\\alonemap2.scene.meta": {
      "time": 1719909970272.8928
    },
    "C:\\cocoscreater\\NewProject_1\\assets\\map\\alonemap2.scene": {
      "time": 1719909970259.7168,
      "uuid": "36291188-d37d-4b4f-a128-588f20d16162"
    },
    "C:\\cocoscreater\\NewProject_1\\assets\\text\\bullet.ts.meta": {
      "time": 1719910329899.535
    },
    "C:\\cocoscreater\\NewProject_1\\assets\\text\\firedirection0.ts.meta": {
      "time": 1719988390368.119
    },
    "C:\\cocoscreater\\NewProject_1\\assets\\text\\firedirection0.ts": {
      "time": 1719994337806.613,
      "uuid": "03b5b70c-f874-4daf-a3ab-5f8ecd787a7f"
    },
    "C:\\cocoscreater\\NewProject_1\\assets\\text\\firedirection1.ts.meta": {
      "time": 1719992294805.4949
    },
    "C:\\cocoscreater\\NewProject_1\\assets\\text\\firedirection1.ts": {
      "time": 1719994236508.8171,
      "uuid": "acf90797-a929-4d3d-8920-3d19cf3e3fe2"
    },
    "C:\\Users\\lenovo\\Desktop\\tank7.3.1\\assets\\map": {
      "time": 1720059584920.4841,
      "uuid": "2f042a5a-a82b-4598-aa7c-1a66cd590fa9"
    },
    "C:\\Users\\lenovo\\Desktop\\tank7.3.1\\assets\\photo": {
      "time": 1720075520499.2397,
      "uuid": "2e86899f-ecc6-4cda-aa60-a277ed418bf9"
    },
    "C:\\Users\\lenovo\\Desktop\\tank7.3.1\\assets\\text": {
      "time": 1720063917095.4185,
      "uuid": "da66a686-fdaf-4c0f-a9b8-793763f22bcd"
    },
    "C:\\Users\\lenovo\\Desktop\\tank7.3.1\\assets\\text\\background.ts": {
      "time": 1719888234980.8416,
      "uuid": "b50dccee-a23f-4bd3-aff8-f67067d0d69b"
    },
    "C:\\Users\\lenovo\\Desktop\\tank7.3.1\\assets\\text\\firedirection0.ts": {
      "time": 1720059029474.6707,
      "uuid": "03b5b70c-f874-4daf-a3ab-5f8ecd787a7f"
    },
    "C:\\Users\\lenovo\\Desktop\\tank7.3.1\\assets\\text\\firedirection1.ts": {
      "time": 1720062197818.4646,
      "uuid": "acf90797-a929-4d3d-8920-3d19cf3e3fe2"
    },
    "C:\\Users\\lenovo\\Desktop\\tank7.3.1\\assets\\text\\tank0.ts": {
      "time": 1720075151390.8662,
      "uuid": "3f68566e-2dce-4cb2-9ea6-e66931227e03"
    },
    "C:\\Users\\lenovo\\Desktop\\tank7.3.1\\assets\\text\\tank1.ts": {
      "time": 1720075446673.0942,
      "uuid": "20c591ef-2140-4806-bea8-a7519cd3af9d"
    },
    "C:\\Users\\lenovo\\Desktop\\tank7.3.1\\assets\\text\\wall.ts": {
      "time": 1719902783381.7856,
      "uuid": "acd0e859-2f9d-48e7-86ef-f0f36fff76b5"
    },
    "C:\\Users\\lenovo\\Desktop\\tank7.3.1\\assets\\text\\wallbox.ts": {
      "time": 1719908645499.2996,
      "uuid": "fbe250b1-87fa-4ae2-ad8d-019463cf0bec"
    },
    "C:\\Users\\lenovo\\Desktop\\tank7.3.1\\assets\\map.meta": {
      "time": 1719909876874.9436
    },
    "C:\\Users\\lenovo\\Desktop\\tank7.3.1\\assets\\photo.meta": {
      "time": 1719817358518.189
    },
    "C:\\Users\\lenovo\\Desktop\\tank7.3.1\\assets\\text.meta": {
      "time": 1719817843528.148
    },
    "C:\\Users\\lenovo\\Desktop\\tank7.3.1\\assets\\text\\background.ts.meta": {
      "time": 1719818065754.8135
    },
    "C:\\Users\\lenovo\\Desktop\\tank7.3.1\\assets\\text\\firedirection0.ts.meta": {
      "time": 1719988390368.119
    },
    "C:\\Users\\lenovo\\Desktop\\tank7.3.1\\assets\\text\\firedirection1.ts.meta": {
      "time": 1719992294805.4949
    },
    "C:\\Users\\lenovo\\Desktop\\tank7.3.1\\assets\\text\\tank0.ts.meta": {
      "time": 1719817834048.3762
    },
    "C:\\Users\\lenovo\\Desktop\\tank7.3.1\\assets\\text\\tank1.ts.meta": {
      "time": 1719887550882.8389
    },
    "C:\\Users\\lenovo\\Desktop\\tank7.3.1\\assets\\text\\wall.ts.meta": {
      "time": 1719822093830.2454
    },
    "C:\\Users\\lenovo\\Desktop\\tank7.3.1\\assets\\text\\wallbox.ts.meta": {
      "time": 1719908645514.97
    },
    "C:\\Users\\lenovo\\Desktop\\tank7.3.1\\assets\\map\\alonemap1.scene": {
      "time": 1719909953995.7397,
      "uuid": "90a7d994-d70e-4787-b18c-d79a2721553c"
    },
    "C:\\Users\\lenovo\\Desktop\\tank7.3.1\\assets\\map\\alonemap2.scene": {
      "time": 1719909970259.7168,
      "uuid": "36291188-d37d-4b4f-a128-588f20d16162"
    },
    "C:\\Users\\lenovo\\Desktop\\tank7.3.1\\assets\\map\\doublemap.scene": {
      "time": 1719909894392.0686,
      "uuid": "56c94625-6c31-4bd5-90fe-90c9552fdc01"
    },
    "C:\\Users\\lenovo\\Desktop\\tank7.3.1\\assets\\map\\alonemap1.scene.meta": {
      "time": 1719909931968.1702
    },
    "C:\\Users\\lenovo\\Desktop\\tank7.3.1\\assets\\map\\alonemap2.scene.meta": {
      "time": 1719909970272.8928
    },
    "C:\\Users\\lenovo\\Desktop\\tank7.3.1\\assets\\map\\doublemap.scene.meta": {
      "time": 1719909815504.949
    },
    "C:\\Users\\lenovo\\Desktop\\tank7.3.1\\assets\\Prefabs.meta": {
      "time": 1720057249404.33
    },
    "C:\\Users\\lenovo\\Desktop\\tank7.3.1\\assets\\Prefabs": {
      "time": 1720057540286.0107,
      "uuid": "f17a33e8-fcc1-487f-b5b7-019231f92fcb"
    },
    "C:\\Users\\lenovo\\Desktop\\tank7.3.1\\assets\\Prefabs\\bulletnode0.prefab.meta": {
      "time": 1720057292790
    },
    "C:\\Users\\lenovo\\Desktop\\tank7.3.1\\assets\\Prefabs\\bulletnode0.prefab": {
      "time": 1720065192187.7522,
      "uuid": "ba9b86be-3ecc-48ba-a83b-02ca9cefad71"
    },
    "C:\\Users\\lenovo\\Desktop\\tank7.3.1\\assets\\Prefabs\\bulletnode1.prefab.meta": {
      "time": 1720057299929.0166
    },
    "C:\\Users\\lenovo\\Desktop\\tank7.3.1\\assets\\Prefabs\\bulletnode1.prefab": {
      "time": 1720065744018.8398,
      "uuid": "380ca9d3-3ed1-4bb4-a284-ff95f9508893"
    },
    "C:\\Users\\lenovo\\Desktop\\tank7.3.1\\assets\\Prefabs\\test.prefab.meta": {
      "time": 1720057542996.239
    },
    "C:\\Users\\lenovo\\Desktop\\tank7.3.1\\assets\\Prefabs\\test.prefab": {
      "time": 1720057543017.2493,
      "uuid": "20d61344-99a4-436a-9888-23d50770a1d2"
    },
    "C:\\Users\\lenovo\\Desktop\\tank7.3.1\\assets\\map\\scene-2d.scene.meta": {
      "time": 1719814456107.5046
    },
    "C:\\Users\\lenovo\\Desktop\\tank7.3.1\\assets\\map\\scene-2d.scene": {
      "time": 1720075555214.318,
      "uuid": "d506c42d-a2d8-4de2-bff7-83bd68a68175"
    },
    "C:\\Users\\lenovo\\Desktop\\tank7.3.1\\assets\\text\\bullet.ts.meta": {
      "time": 1720063917108.5806
    },
    "C:\\Users\\lenovo\\Desktop\\tank7.3.1\\assets\\text\\bullet.ts": {
      "time": 1720065422103.2878,
      "uuid": "82eb8b8b-d44e-40ea-a107-a24ff1bfa5b0"
    },
    "C:\\Users\\lenovo\\Desktop\\tank7.3.1\\assets\\photo\\tank0photo.meta": {
      "time": 1720074999238.3894
    },
    "C:\\Users\\lenovo\\Desktop\\tank7.3.1\\assets\\photo\\tank0photo\\tank0down.png.meta": {
      "time": 1720074999272.7192
    },
    "C:\\Users\\lenovo\\Desktop\\tank7.3.1\\assets\\photo\\tank0photo\\tank0left.png.meta": {
      "time": 1720074999267.7146
    },
    "C:\\Users\\lenovo\\Desktop\\tank7.3.1\\assets\\photo\\tank0photo\\tank0right.png.meta": {
      "time": 1720074999270.7202
    },
    "C:\\Users\\lenovo\\Desktop\\tank7.3.1\\assets\\photo\\tank0photo\\tank0up.png.meta": {
      "time": 1720074999263.1863
    },
    "C:\\Users\\lenovo\\Desktop\\tank7.3.1\\assets\\photo\\tank0photo": {
      "time": 1720075010919.2676,
      "uuid": "2ae6cb9a-9146-448a-95b9-bde68093adae"
    },
    "C:\\Users\\lenovo\\Desktop\\tank7.3.1\\assets\\photo\\tank0photo\\tank0up.png": {
      "time": 1719994789358.8672,
      "uuid": "7effe23c-079c-410c-bcf4-006b38fc31cd"
    },
    "C:\\Users\\lenovo\\Desktop\\tank7.3.1\\assets\\photo\\tank0photo\\tank0left.png": {
      "time": 1719994769459.5962,
      "uuid": "31386f02-ee31-4e90-9b2d-3a9b00f42098"
    },
    "C:\\Users\\lenovo\\Desktop\\tank7.3.1\\assets\\photo\\tank0photo\\tank0right.png": {
      "time": 1720060252993.5874,
      "uuid": "7c657c60-537b-4ff7-ba92-bcf29ba31d54"
    },
    "C:\\Users\\lenovo\\Desktop\\tank7.3.1\\assets\\photo\\tank0photo\\tank0down.png": {
      "time": 1720057759680.7268,
      "uuid": "79060037-715c-435a-9aa1-9b588aed1ee4"
    },
    "C:\\Users\\lenovo\\Desktop\\tank7.3.1\\assets\\photo\\tank1photo.meta": {
      "time": 1720075007372.621
    },
    "C:\\Users\\lenovo\\Desktop\\tank7.3.1\\assets\\photo\\tank1photo": {
      "time": 1720075007361.512,
      "uuid": "cd0a8e24-d866-4f31-a827-d59216a0c652"
    },
    "C:\\Users\\lenovo\\Desktop\\tank7.3.1\\assets\\photo\\tank1photo\\tank1right.png.meta": {
      "time": 1720075007405.5596
    },
    "C:\\Users\\lenovo\\Desktop\\tank7.3.1\\assets\\photo\\tank1photo\\tank1right.png": {
      "time": 1720062551055.0308,
      "uuid": "81abb380-8484-47bc-8779-c0836099d153"
    },
    "C:\\Users\\lenovo\\Desktop\\tank7.3.1\\assets\\photo\\tank1photo\\tank1down.png.meta": {
      "time": 1720075007400.508
    },
    "C:\\Users\\lenovo\\Desktop\\tank7.3.1\\assets\\photo\\tank1photo\\tank1down.png": {
      "time": 1720057772610.5452,
      "uuid": "86942f5b-6f21-4bc4-a831-312a83475ce8"
    },
    "C:\\Users\\lenovo\\Desktop\\tank7.3.1\\assets\\photo\\tank1photo\\tank1up.png.meta": {
      "time": 1720075007407.56
    },
    "C:\\Users\\lenovo\\Desktop\\tank7.3.1\\assets\\photo\\tank1photo\\tank1up.png": {
      "time": 1720062537832.1194,
      "uuid": "9ae0bd82-2d48-4a71-868b-f06d9956cfdf"
    },
    "C:\\Users\\lenovo\\Desktop\\tank7.3.1\\assets\\photo\\tank1photo\\tank1left.png.meta": {
      "time": 1720075007402.5044
    },
    "C:\\Users\\lenovo\\Desktop\\tank7.3.1\\assets\\photo\\tank1photo\\tank1left.png": {
      "time": 1719994855441.9287,
      "uuid": "11990de5-ac55-4db1-afae-991f63f38914"
    }
  },
  "missing": {
    "8b0a60e8-c3e8-418a-a032-09ed1a47c217": {
      "path": "C:\\cocoscreater\\NewProject_1\\assets\\cubemap.cubemap",
      "time": 1719814422275.43,
      "removeTime": 1719814449803
    },
    "19dac3cd-2b98-49aa-8932-2a39607f09cb": {
      "path": "C:\\cocoscreater\\NewProject_1\\assets\\terrain.terrain",
      "time": 1719803417255.5315,
      "removeTime": 1719814452435
    },
    "2984e55f-abc7-4ed0-b040-aa58601483c9": {
      "path": "C:\\cocoscreater\\NewProject_1\\assets\\cubemap.cubemap",
      "time": 1719814463171.0571,
      "removeTime": 1719814467755
    },
    "ffff235f-dcfd-46a9-b164-1fec81014313": {
      "path": "C:\\cocoscreater\\NewProject_1\\assets\\488e4cc1b6afa99548db30556b924aeb.jpg",
      "time": 1719817032014.719,
      "removeTime": 1719817238669
    },
    "3f68566e-2dce-4cb2-9ea6-e66931227e03": {
      "path": "C:\\cocoscreater\\NewProject_1\\assets\\text\\tank.ts",
      "time": 1719820312010.4126,
      "removeTime": 1719820333857
    },
    "d1b64f0e-1975-4e6f-84f4-76cd8d3313cf": {
      "path": "C:\\cocoscreater\\NewProject_1\\assets\\text\\type.ts",
      "time": 1719817822223.2937,
      "removeTime": 1719822291398
    },
    "3932dc34-cf0a-417e-98c5-ac82fd120a58": {
      "path": "C:\\cocoscreater\\NewProject_1\\assets\\photo\\488e4cc1b6afa99548db30556b924aeb.jpg",
      "time": 1719817032014.719,
      "removeTime": 1720075589243
    },
    "52210cc6-fafb-46eb-8f40-20f26b5d1990": {
      "path": "C:\\cocoscreater\\NewProject_1\\assets\\text\\wall000.ts",
      "time": 1719822048427.8672,
      "removeTime": 1719822087578
    },
    "acd0e859-2f9d-48e7-86ef-f0f36fff76b5": {
      "path": "C:\\cocoscreater\\NewProject_1\\assets\\text\\wall0.ts",
      "time": 1719822740313.558,
      "removeTime": 1719901121883
    },
    "82d48581-f3d0-4eab-b2fe-5d5162bd67fd": {
      "path": "C:\\cocoscreater\\NewProject_1\\assets\\text\\CollisionHandler.ts",
      "time": 1719907966504.2063,
      "removeTime": 1719908613290
    },
    "56c94625-6c31-4bd5-90fe-90c9552fdc01": {
      "path": "C:\\cocoscreater\\NewProject_1\\assets\\map\\map.scene",
      "time": 1719909815499.4219,
      "removeTime": 1719909894389
    },
    "2018a3af-cb7d-4e17-9c8c-49264b55f149": {
      "path": "C:\\cocoscreater\\NewProject_1\\assets\\uisence.scene",
      "time": 1719815400927.6416,
      "removeTime": 1719909920707
    },
    "90a7d994-d70e-4787-b18c-d79a2721553c": {
      "path": "C:\\cocoscreater\\NewProject_1\\assets\\map\\alonemap.scene",
      "time": 1719909950104.885,
      "removeTime": 1719909953993
    },
    "a3a221c4-de28-4f3d-86c5-f719a3aa9c66": {
      "path": "C:\\cocoscreater\\NewProject_1\\assets\\text\\camera.ts",
      "time": 1719883734457.2185,
      "removeTime": 1719971676491
    },
    "03b5b70c-f874-4daf-a3ab-5f8ecd787a7f": {
      "path": "C:\\cocoscreater\\NewProject_1\\assets\\text\\firedirection.ts",
      "time": 1719990667004.9282,
      "removeTime": 1719992276158
    },
    "acf90797-a929-4d3d-8920-3d19cf3e3fe2": {
      "path": "C:\\cocoscreater\\NewProject_1\\assets\\text\\firedirection.ts",
      "time": 1719992294790.9597,
      "removeTime": 1719992299250
    },
    "00b0a97f-cb74-4b08-9aa1-acba8886084f": {
      "path": "C:\\cocoscreater\\NewProject_1\\assets\\text\\bullet.ts",
      "time": 1719995282206.2666,
      "removeTime": 1720056523029
    },
    "029623c8-9d11-40e9-8a16-de59089f5eb1": {
      "path": "C:\\Users\\lenovo\\Desktop\\tank7.3.1\\assets\\text\\bullet.ts",
      "time": 1720056336266.2053,
      "removeTime": 1720056542175
    },
    "7c4207de-90b4-4401-864a-316b71b91c5e": {
      "path": "C:\\Users\\lenovo\\Desktop\\tank7.3.1\\assets\\text\\bullet.ts",
      "time": 1720056660217.323,
      "removeTime": 1720056673592
    },
    "f17a33e8-fcc1-487f-b5b7-019231f92fcb": {
      "path": "C:\\Users\\lenovo\\Desktop\\tank7.3.1\\assets\\Prefer",
      "time": 1720057249388.7388,
      "removeTime": 1720057268326
    },
    "ba9b86be-3ecc-48ba-a83b-02ca9cefad71": {
      "path": "C:\\Users\\lenovo\\Desktop\\tank7.3.1\\assets\\Prefabs\\Node.prefab",
      "time": 1720057276402.047,
      "removeTime": 1720057292784
    },
    "380ca9d3-3ed1-4bb4-a284-ff95f9508893": {
      "path": "C:\\Users\\lenovo\\Desktop\\tank7.3.1\\assets\\map\\bulletnode1.prefab",
      "time": 1720057338520.7502,
      "removeTime": 1720057423217
    },
    "d506c42d-a2d8-4de2-bff7-83bd68a68175": {
      "path": "C:\\Users\\lenovo\\Desktop\\tank7.3.1\\assets\\scene-2d.scene",
      "time": 1720057762732.537,
      "removeTime": 1720059584921
    },
    "1bd3bc28-ee8f-42b0-986b-0d6073c7cf7e": {
      "path": "C:\\Users\\lenovo\\Desktop\\tank7.3.1\\assets\\text\\bullet.ts",
      "time": 1720063826714.305,
      "removeTime": 1720063849701
    },
    "9623e00b-d2db-4991-b1c8-503505fff18f": {
      "path": "C:\\cocoscreater\\NewProject_1\\assets\\photo\\488e4cc1b6afa99548db30556b924aeb.prefab",
      "time": 1719817372231.084,
      "removeTime": 1720075589240
    },
    "cd0a8e24-d866-4f31-a827-d59216a0c652": {
      "path": "C:\\Users\\lenovo\\Desktop\\tank7.3.1\\assets\\photo\\tank0photo\\tank1photo",
      "time": 1720075007361.512,
      "removeTime": 1720075010922
    },
    "86942f5b-6f21-4bc4-a831-312a83475ce8": {
      "path": "C:\\Users\\lenovo\\Desktop\\tank7.3.1\\assets\\photo\\tank0photo\\tank1photo\\tank1down.png",
      "time": 1720057772610.5452,
      "removeTime": 1720075010922
    },
    "11990de5-ac55-4db1-afae-991f63f38914": {
      "path": "C:\\Users\\lenovo\\Desktop\\tank7.3.1\\assets\\photo\\tank0photo\\tank1photo\\tank1left.png",
      "time": 1719994855441.9287,
      "removeTime": 1720075010923
    },
    "81abb380-8484-47bc-8779-c0836099d153": {
      "path": "C:\\Users\\lenovo\\Desktop\\tank7.3.1\\assets\\photo\\tank0photo\\tank1photo\\tank1right.png",
      "time": 1720062551055.0308,
      "removeTime": 1720075010923
    },
    "9ae0bd82-2d48-4a71-868b-f06d9956cfdf": {
      "path": "C:\\Users\\lenovo\\Desktop\\tank7.3.1\\assets\\photo\\tank0photo\\tank1photo\\tank1up.png",
      "time": 1720062537832.1194,
      "removeTime": 1720075010924
    },
    "74c70f28-c8a9-4393-a97b-32944bc6b885": {
      "path": "C:\\cocoscreater\\NewProject_1\\assets\\photo\\OIP-C.jpg",
      "time": 1719890816037.7456,
      "removeTime": 1720075589245
    }
  }
}
