{
  "19dac3cd-2b98-49aa-8932-2a39607f09cb": {
    "url": "db://assets/terrain.terrain",
    "value": {},
    "versionCode": 1
  },
  "8b0a60e8-c3e8-418a-a032-09ed1a47c217": {
    "url": "db://assets/cubemap.cubemap",
    "value": {},
    "versionCode": 1
  },
  "d506c42d-a2d8-4de2-bff7-83bd68a68175": {
    "url": "db://assets/map/scene-2d.scene",
    "value": {
      "depends": [
        "d506c42d-a2d8-4de2-bff7-83bd68a68175",
        "ba9b86be-3ecc-48ba-a83b-02ca9cefad71",
        "79060037-715c-435a-9aa1-9b588aed1ee4@f9941",
        "7effe23c-079c-410c-bcf4-006b38fc31cd@f9941",
        "31386f02-ee31-4e90-9b2d-3a9b00f42098@f9941",
        "7c657c60-537b-4ff7-ba92-bcf29ba31d54@f9941",
        "380ca9d3-3ed1-4bb4-a284-ff95f9508893",
        "86942f5b-6f21-4bc4-a831-312a83475ce8@f9941",
        "9ae0bd82-2d48-4a71-868b-f06d9956cfdf@f9941",
        "11990de5-ac55-4db1-afae-991f63f38914@f9941",
        "81abb380-8484-47bc-8779-c0836099d153@f9941",
        "c903a495-69a9-4bb1-8266-c5d8a692ee6f@f9941",
        "1a8fc1a3-80e2-4d20-9087-426d2162ba44@f9941"
      ],
      "dependScripts": [
        "03b5b70c-f874-4daf-a3ab-5f8ecd787a7f",
        "3f68566e-2dce-4cb2-9ea6-e66931227e03",
        "acf90797-a929-4d3d-8920-3d19cf3e3fe2",
        "20c591ef-2140-4806-bea8-a7519cd3af9d",
        "b50dccee-a23f-4bd3-aff8-f67067d0d69b"
      ]
    },
    "versionCode": 1
  },
  "2984e55f-abc7-4ed0-b040-aa58601483c9": {
    "url": "db://assets/cubemap.cubemap",
    "value": {},
    "versionCode": 1
  },
  "d1b64f0e-1975-4e6f-84f4-76cd8d3313cf": {
    "url": "db://assets/text/type.ts",
    "value": {},
    "versionCode": 1
  },
  "2018a3af-cb7d-4e17-9c8c-49264b55f149": {
    "url": "db://assets/uisence.scene",
    "value": {},
    "versionCode": 1
  },
  "ffff235f-dcfd-46a9-b164-1fec81014313": {
    "url": "db://assets/488e4cc1b6afa99548db30556b924aeb.jpg",
    "value": {},
    "versionCode": 1
  },
  "ffff235f-dcfd-46a9-b164-1fec81014313@6c48a": {
    "url": "db://assets/488e4cc1b6afa99548db30556b924aeb.jpg@6c48a",
    "value": {
      "depends": [
        "ffff235f-dcfd-46a9-b164-1fec81014313"
      ]
    },
    "versionCode": 1
  },
  "ffff235f-dcfd-46a9-b164-1fec81014313@f9941": {
    "url": "db://assets/488e4cc1b6afa99548db30556b924aeb.jpg@f9941",
    "value": {
      "depends": [
        "ffff235f-dcfd-46a9-b164-1fec81014313@6c48a"
      ]
    },
    "versionCode": 1
  },
  "2e86899f-ecc6-4cda-aa60-a277ed418bf9": {
    "url": "db://assets/photo",
    "value": {},
    "versionCode": 1
  },
  "9623e00b-d2db-4991-b1c8-503505fff18f": {
    "url": "db://assets/photo/488e4cc1b6afa99548db30556b924aeb.prefab",
    "value": {},
    "versionCode": 1
  },
  "3f68566e-2dce-4cb2-9ea6-e66931227e03": {
    "url": "db://assets/text/tank0.ts",
    "value": {},
    "versionCode": 1
  },
  "da66a686-fdaf-4c0f-a9b8-793763f22bcd": {
    "url": "db://assets/text",
    "value": {},
    "versionCode": 1
  },
  "b50dccee-a23f-4bd3-aff8-f67067d0d69b": {
    "url": "db://assets/text/background.ts",
    "value": {},
    "versionCode": 1
  },
  "3932dc34-cf0a-417e-98c5-ac82fd120a58": {
    "url": "db://assets/photo/488e4cc1b6afa99548db30556b924aeb.jpg",
    "value": {},
    "versionCode": 1
  },
  "3932dc34-cf0a-417e-98c5-ac82fd120a58@6c48a": {
    "url": "db://assets/photo/488e4cc1b6afa99548db30556b924aeb.jpg@6c48a",
    "value": {
      "depends": [
        "3932dc34-cf0a-417e-98c5-ac82fd120a58"
      ]
    },
    "versionCode": 1
  },
  "3932dc34-cf0a-417e-98c5-ac82fd120a58@f9941": {
    "url": "db://assets/photo/488e4cc1b6afa99548db30556b924aeb.jpg@f9941",
    "value": {
      "depends": [
        "3932dc34-cf0a-417e-98c5-ac82fd120a58@6c48a"
      ]
    },
    "versionCode": 1
  },
  "52210cc6-fafb-46eb-8f40-20f26b5d1990": {
    "url": "db://assets/text/wall000.ts",
    "value": {},
    "versionCode": 1
  },
  "acd0e859-2f9d-48e7-86ef-f0f36fff76b5": {
    "url": "db://assets/text/wall.ts",
    "value": {},
    "versionCode": 1
  },
  "a3a221c4-de28-4f3d-86c5-f719a3aa9c66": {
    "url": "db://assets/text/camera.ts",
    "value": {},
    "versionCode": 1
  },
  "20c591ef-2140-4806-bea8-a7519cd3af9d": {
    "url": "db://assets/text/tank1.ts",
    "value": {},
    "versionCode": 1
  },
  "74c70f28-c8a9-4393-a97b-32944bc6b885": {
    "url": "db://assets/photo/OIP-C.jpg",
    "value": {},
    "versionCode": 1
  },
  "74c70f28-c8a9-4393-a97b-32944bc6b885@6c48a": {
    "url": "db://assets/photo/OIP-C.jpg@6c48a",
    "value": {
      "depends": [
        "74c70f28-c8a9-4393-a97b-32944bc6b885"
      ]
    },
    "versionCode": 1
  },
  "74c70f28-c8a9-4393-a97b-32944bc6b885@f9941": {
    "url": "db://assets/photo/OIP-C.jpg@f9941",
    "value": {
      "depends": [
        "74c70f28-c8a9-4393-a97b-32944bc6b885@6c48a"
      ]
    },
    "versionCode": 1
  },
  "82d48581-f3d0-4eab-b2fe-5d5162bd67fd": {
    "url": "db://assets/text/CollisionHandler.ts",
    "value": {},
    "versionCode": 1
  },
  "fbe250b1-87fa-4ae2-ad8d-019463cf0bec": {
    "url": "db://assets/text/wallbox.ts",
    "value": {},
    "versionCode": 1
  },
  "56c94625-6c31-4bd5-90fe-90c9552fdc01": {
    "url": "db://assets/map/doublemap.scene",
    "value": {
      "depends": [
        "56c94625-6c31-4bd5-90fe-90c9552fdc01"
      ],
      "dependScripts": []
    },
    "versionCode": 1
  },
  "2f042a5a-a82b-4598-aa7c-1a66cd590fa9": {
    "url": "db://assets/map",
    "value": {},
    "versionCode": 1
  },
  "90a7d994-d70e-4787-b18c-d79a2721553c": {
    "url": "db://assets/map/alonemap1.scene",
    "value": {
      "depends": [
        "90a7d994-d70e-4787-b18c-d79a2721553c"
      ],
      "dependScripts": []
    },
    "versionCode": 1
  },
  "36291188-d37d-4b4f-a128-588f20d16162": {
    "url": "db://assets/map/alonemap2.scene",
    "value": {
      "depends": [
        "36291188-d37d-4b4f-a128-588f20d16162"
      ],
      "dependScripts": []
    },
    "versionCode": 1
  },
  "00b0a97f-cb74-4b08-9aa1-acba8886084f": {
    "url": "db://assets/text/bullet.ts",
    "value": {},
    "versionCode": 1
  },
  "03b5b70c-f874-4daf-a3ab-5f8ecd787a7f": {
    "url": "db://assets/text/firedirection0.ts",
    "value": {},
    "versionCode": 1
  },
  "acf90797-a929-4d3d-8920-3d19cf3e3fe2": {
    "url": "db://assets/text/firedirection1.ts",
    "value": {},
    "versionCode": 1
  },
  "029623c8-9d11-40e9-8a16-de59089f5eb1": {
    "url": "db://assets/text/bullet.ts",
    "value": {},
    "versionCode": 1
  },
  "7c4207de-90b4-4401-864a-316b71b91c5e": {
    "url": "db://assets/text/bullet.ts",
    "value": {},
    "versionCode": 1
  },
  "1bd3bc28-ee8f-42b0-986b-0d6073c7cf7e": {
    "url": "db://assets/text/bullet.ts",
    "value": {},
    "versionCode": 1
  },
  "f17a33e8-fcc1-487f-b5b7-019231f92fcb": {
    "url": "db://assets/Prefabs",
    "value": {},
    "versionCode": 1
  },
  "ba9b86be-3ecc-48ba-a83b-02ca9cefad71": {
    "url": "db://assets/Prefabs/bulletnode0.prefab",
    "value": {
      "depends": [
        "45828f25-b50d-4c52-a591-e19491a62b8c@f9941"
      ],
      "dependScripts": [
        "82eb8b8b-d44e-40ea-a107-a24ff1bfa5b0"
      ]
    },
    "versionCode": 1
  },
  "380ca9d3-3ed1-4bb4-a284-ff95f9508893": {
    "url": "db://assets/Prefabs/bulletnode1.prefab",
    "value": {
      "depends": [
        "45828f25-b50d-4c52-a591-e19491a62b8c@f9941"
      ],
      "dependScripts": [
        "82eb8b8b-d44e-40ea-a107-a24ff1bfa5b0"
      ]
    },
    "versionCode": 1
  },
  "20d61344-99a4-436a-9888-23d50770a1d2": {
    "url": "db://assets/Prefabs/test.prefab",
    "value": {
      "depends": [],
      "dependScripts": []
    },
    "versionCode": 1
  },
  "82eb8b8b-d44e-40ea-a107-a24ff1bfa5b0": {
    "url": "db://assets/text/bullet.ts",
    "value": {},
    "versionCode": 1
  },
  "79060037-715c-435a-9aa1-9b588aed1ee4": {
    "url": "db://assets/photo/tank0photo/tank0down.png",
    "value": {
      "depends": []
    },
    "versionCode": 1
  },
  "31386f02-ee31-4e90-9b2d-3a9b00f42098": {
    "url": "db://assets/photo/tank0photo/tank0left.png",
    "value": {
      "depends": []
    },
    "versionCode": 1
  },
  "7c657c60-537b-4ff7-ba92-bcf29ba31d54": {
    "url": "db://assets/photo/tank0photo/tank0right.png",
    "value": {
      "depends": []
    },
    "versionCode": 1
  },
  "7effe23c-079c-410c-bcf4-006b38fc31cd": {
    "url": "db://assets/photo/tank0photo/tank0up.png",
    "value": {
      "depends": []
    },
    "versionCode": 1
  },
  "2ae6cb9a-9146-448a-95b9-bde68093adae": {
    "url": "db://assets/photo/tank0photo",
    "value": {},
    "versionCode": 1
  },
  "7effe23c-079c-410c-bcf4-006b38fc31cd@6c48a": {
    "url": "db://assets/photo/tank0photo/tank0up.png@6c48a",
    "value": {
      "depends": [
        "7effe23c-079c-410c-bcf4-006b38fc31cd"
      ]
    },
    "versionCode": 1
  },
  "31386f02-ee31-4e90-9b2d-3a9b00f42098@6c48a": {
    "url": "db://assets/photo/tank0photo/tank0left.png@6c48a",
    "value": {
      "depends": [
        "31386f02-ee31-4e90-9b2d-3a9b00f42098"
      ]
    },
    "versionCode": 1
  },
  "7c657c60-537b-4ff7-ba92-bcf29ba31d54@6c48a": {
    "url": "db://assets/photo/tank0photo/tank0right.png@6c48a",
    "value": {
      "depends": [
        "7c657c60-537b-4ff7-ba92-bcf29ba31d54"
      ]
    },
    "versionCode": 1
  },
  "79060037-715c-435a-9aa1-9b588aed1ee4@6c48a": {
    "url": "db://assets/photo/tank0photo/tank0down.png@6c48a",
    "value": {
      "depends": [
        "79060037-715c-435a-9aa1-9b588aed1ee4"
      ]
    },
    "versionCode": 1
  },
  "7effe23c-079c-410c-bcf4-006b38fc31cd@f9941": {
    "url": "db://assets/photo/tank0photo/tank0up.png@f9941",
    "value": {
      "depends": [
        "7effe23c-079c-410c-bcf4-006b38fc31cd@6c48a"
      ]
    },
    "versionCode": 1
  },
  "31386f02-ee31-4e90-9b2d-3a9b00f42098@f9941": {
    "url": "db://assets/photo/tank0photo/tank0left.png@f9941",
    "value": {
      "depends": [
        "31386f02-ee31-4e90-9b2d-3a9b00f42098@6c48a"
      ]
    },
    "versionCode": 1
  },
  "7c657c60-537b-4ff7-ba92-bcf29ba31d54@f9941": {
    "url": "db://assets/photo/tank0photo/tank0right.png@f9941",
    "value": {
      "depends": [
        "7c657c60-537b-4ff7-ba92-bcf29ba31d54@6c48a"
      ]
    },
    "versionCode": 1
  },
  "79060037-715c-435a-9aa1-9b588aed1ee4@f9941": {
    "url": "db://assets/photo/tank0photo/tank0down.png@f9941",
    "value": {
      "depends": [
        "79060037-715c-435a-9aa1-9b588aed1ee4@6c48a"
      ]
    },
    "versionCode": 1
  },
  "86942f5b-6f21-4bc4-a831-312a83475ce8": {
    "url": "db://assets/photo/tank1photo/tank1down.png",
    "value": {
      "depends": []
    },
    "versionCode": 1
  },
  "11990de5-ac55-4db1-afae-991f63f38914": {
    "url": "db://assets/photo/tank1photo/tank1left.png",
    "value": {
      "depends": []
    },
    "versionCode": 1
  },
  "81abb380-8484-47bc-8779-c0836099d153": {
    "url": "db://assets/photo/tank1photo/tank1right.png",
    "value": {
      "depends": []
    },
    "versionCode": 1
  },
  "9ae0bd82-2d48-4a71-868b-f06d9956cfdf": {
    "url": "db://assets/photo/tank1photo/tank1up.png",
    "value": {
      "depends": []
    },
    "versionCode": 1
  },
  "cd0a8e24-d866-4f31-a827-d59216a0c652": {
    "url": "db://assets/photo/tank1photo",
    "value": {},
    "versionCode": 1
  },
  "86942f5b-6f21-4bc4-a831-312a83475ce8@6c48a": {
    "url": "db://assets/photo/tank1photo/tank1down.png@6c48a",
    "value": {
      "depends": [
        "86942f5b-6f21-4bc4-a831-312a83475ce8"
      ]
    },
    "versionCode": 1
  },
  "11990de5-ac55-4db1-afae-991f63f38914@6c48a": {
    "url": "db://assets/photo/tank1photo/tank1left.png@6c48a",
    "value": {
      "depends": [
        "11990de5-ac55-4db1-afae-991f63f38914"
      ]
    },
    "versionCode": 1
  },
  "81abb380-8484-47bc-8779-c0836099d153@6c48a": {
    "url": "db://assets/photo/tank1photo/tank1right.png@6c48a",
    "value": {
      "depends": [
        "81abb380-8484-47bc-8779-c0836099d153"
      ]
    },
    "versionCode": 1
  },
  "9ae0bd82-2d48-4a71-868b-f06d9956cfdf@6c48a": {
    "url": "db://assets/photo/tank1photo/tank1up.png@6c48a",
    "value": {
      "depends": [
        "9ae0bd82-2d48-4a71-868b-f06d9956cfdf"
      ]
    },
    "versionCode": 1
  },
  "86942f5b-6f21-4bc4-a831-312a83475ce8@f9941": {
    "url": "db://assets/photo/tank1photo/tank1down.png@f9941",
    "value": {
      "depends": [
        "86942f5b-6f21-4bc4-a831-312a83475ce8@6c48a"
      ]
    },
    "versionCode": 1
  },
  "11990de5-ac55-4db1-afae-991f63f38914@f9941": {
    "url": "db://assets/photo/tank1photo/tank1left.png@f9941",
    "value": {
      "depends": [
        "11990de5-ac55-4db1-afae-991f63f38914@6c48a"
      ]
    },
    "versionCode": 1
  },
  "81abb380-8484-47bc-8779-c0836099d153@f9941": {
    "url": "db://assets/photo/tank1photo/tank1right.png@f9941",
    "value": {
      "depends": [
        "81abb380-8484-47bc-8779-c0836099d153@6c48a"
      ]
    },
    "versionCode": 1
  },
  "9ae0bd82-2d48-4a71-868b-f06d9956cfdf@f9941": {
    "url": "db://assets/photo/tank1photo/tank1up.png@f9941",
    "value": {
      "depends": [
        "9ae0bd82-2d48-4a71-868b-f06d9956cfdf@6c48a"
      ]
    },
    "versionCode": 1
  }
}
