{
  "__type__": "cc.SpriteFrame",
  "content": {
    "name": "upright",
    "atlas": "",
    "rect": {
      "x": 0,
      "y": 0,
      "width": 199,
      "height": 199
    },
    "offset": {
      "x": 0,
      "y": 0
    },
    "originalSize": {
      "width": 199,
      "height": 199
    },
    "rotated": false,
    "capInsets": [
      0,
      0,
      0,
      0
    ],
    "vertices": {
      "rawPosition": [
        -99.5,
        -99.5,
        0,
        99.5,
        -99.5,
        0,
        -99.5,
        99.5,
        0,
        99.5,
        99.5,
        0
      ],
      "indexes": [
        0,
        1,
        2,
        2,
        1,
        3
      ],
      "uv": [
        0,
        199,
        199,
        199,
        0,
        0,
        199,
        0
      ],
      "nuv": [
        0,
        0,
        1,
        0,
        0,
        1,
        1,
        1
      ],
      "minPos": {
        "x": -99.5,
        "y": -99.5,
        "z": 0
      },
      "maxPos": {
        "x": 99.5,
        "y": 99.5,
        "z": 0
      }
    },
    "texture": "a6b9059f-0078-4915-8bb5-9fdb9f8278d1@6c48a",
    "packable": true,
    "pixelsToUnit": 100,
    "pivot": {
      "x": 0.5,
      "y": 0.5
    },
    "meshType": 0
  }
}